trip_id,vehicle_id,driver_id,trip_date,origin,destination,distance_km,duration_hr,fuel_liters,fuel_cost,purpose
T00337,V105,D023,2025-10-28,Westside Yard,Harbor Terminal,535.5,13.71,90.9,143.42,delivery
T01263,V040,D067,2025-10-28,Riverside Hub,Airport Cargo,555.4,13.03,51.3,75.5,delivery
T01416,V055,D059,2025-10-28,Westside Yard,Downtown Drop,273.4,5.21,36.8,61.04,delivery
T01685,V059,D002,2025-10-28,Riverside Hub,Airport Cargo,503.7,8.74,59.4,102.57,transfer
T01743,V028,D064,2025-10-28,Westside Yard,Downtown Drop,563.9,13.06,92.0,153.1,transfer
T02226,V059,D002,2025-10-28,Springfield Depot,Airport Cargo,486.7,7.85,59.3,95.49,delivery
T02457,V039,D045,2025-10-28,Downtown Drop,Harbor Terminal,519.6,8.9,58.9,97.59,delivery
T02619,V109,D051,2025-10-28,Riverside Hub,Northgate DC,282.5,4.3,39.8,58.38,delivery
T02724,V109,D051,2025-10-28,Downtown Drop,Airport Cargo,184.8,3.11,23.0,39.27,pickup
T03280,V019,D041,2025-10-28,Harbor Terminal,Riverside Hub,154.8,2.37,21.1,33.01,delivery
T03306,V087,D039,2025-10-28,Westside Yard,Northgate DC,75.8,1.22,11.3,18.98,delivery
T03991,V024,D079,2025-10-28,Riverside Hub,Springfield Depot,324.4,6.46,38.6,67.35,pickup
T04444,V094,D078,2025-10-28,Eastfield Park,Springfield Depot,443.9,8.83,50.2,81.3,service_run
T04449,V114,D070,2025-10-28,Harbor Terminal,Springfield Depot,342.9,6.82,52.8,84.65,transfer
T04613,V037,D035,2025-10-28,Downtown Drop,Eastfield Park,424.8,10.89,39.7,58.38,delivery
T00305,V045,D076,2025-10-29,Eastfield Park,Springfield Depot,247.6,4.41,26.6,46.03,delivery
T00520,V029,D060,2025-10-29,Springfield Depot,Westside Yard,383.3,8.8,69.4,112.2,service_run
T00721,V014,D031,2025-10-29,Northgate DC,Eastfield Park,536.3,12.55,49.3,78.09,pickup
T01400,V050,D007,2025-10-29,Springfield Depot,Westside Yard,277.1,5.26,43.5,66.85,pickup
T01459,V094,D078,2025-10-29,Downtown Drop,Northgate DC,548.8,9.54,59.4,92.29,delivery
T01507,V077,D029,2025-10-29,Northgate DC,Riverside Hub,242.6,5.37,38.6,60.01,service_run
T01603,V053,D019,2025-10-29,Riverside Hub,Northgate DC,205.6,3.26,22.4,32.76,transfer
T01635,V008,D046,2025-10-29,Northgate DC,Springfield Depot,539.1,11.55,67.1,106.21,pickup
T01726,V027,D049,2025-10-29,Springfield Depot,Riverside Hub,182.8,3.54,29.5,47.26,service_run
T01843,V107,D015,2025-10-29,Riverside Hub,Harbor Terminal,351.0,6.1,44.6,77.31,delivery
T01895,V021,D037,2025-10-29,Northgate DC,Eastfield Park,209.7,4.58,36.4,58.56,delivery
T02041,V102,D038,2025-10-29,Downtown Drop,Northgate DC,323.2,4.77,31.8,53.58,delivery
T02062,V116,D012,2025-10-29,Springfield Depot,Westside Yard,300.4,6.64,30.7,45.55,pickup
T02559,V104,D068,2025-10-29,Airport Cargo,Springfield Depot,542.4,7.77,51.6,88.18,delivery
T02682,V060,D005,2025-10-29,Airport Cargo,Northgate DC,244.0,4.77,26.5,40.03,delivery
T02753,V019,D041,2025-10-29,Northgate DC,Westside Yard,21.7,0.34,2.5,4.1,service_run
T03139,V094,D078,2025-10-29,Downtown Drop,Riverside Hub,433.2,7.19,40.1,62.15,delivery
T03429,V052,D065,2025-10-29,Riverside Hub,Downtown Drop,607.0,12.31,107.2,181.33,delivery
T03461,V039,D045,2025-10-29,Eastfield Park,Harbor Terminal,417.7,9.62,40.2,66.19,delivery
T03517,V098,D018,2025-10-29,Harbor Terminal,Downtown Drop,370.5,6.58,63.1,106.92,delivery
T04190,V047,D050,2025-10-29,Airport Cargo,Harbor Terminal,541.8,13.85,69.1,120.04,delivery
T04222,V094,D078,2025-10-29,Riverside Hub,Northgate DC,441.5,8.5,54.0,91.99,delivery
T04450,V065,D080,2025-10-29,Airport Cargo,Riverside Hub,283.9,7.39,38.4,63.67,transfer
T04718,V060,D005,2025-10-29,Springfield Depot,Northgate DC,149.8,3.34,15.2,23.2,service_run
T04724,V110,D072,2025-10-29,Westside Yard,Northgate DC,489.5,9.18,63.8,102.53,service_run
T04790,V105,D023,2025-10-29,Eastfield Park,Springfield Depot,557.1,8.19,53.0,89.69,transfer
T04923,V117,D027,2025-10-29,Northgate DC,Airport Cargo,293.8,5.05,27.1,39.3,service_run
T04931,V053,D019,2025-10-29,Harbor Terminal,Northgate DC,448.0,9.42,72.0,107.55,service_run
T05010,V019,D041,2025-10-29,Northgate DC,Downtown Drop,85.0,1.29,12.4,19.85,delivery
T05108,V007,D004,2025-10-29,Westside Yard,Northgate DC,37.5,0.61,5.3,7.86,service_run
T00037,V012,D057,2025-10-30,Northgate DC,Harbor Terminal,288.5,4.62,43.4,69.3,delivery
T00096,V008,D046,2025-10-30,Riverside Hub,Northgate DC,361.5,8.08,47.1,78.77,service_run
T00102,V037,D035,2025-10-30,Downtown Drop,Northgate DC,204.5,3.15,20.8,31.0,service_run
T00333,V032,D062,2025-10-30,Eastfield Park,Westside Yard,267.8,4.28,46.6,68.04,transfer
T00353,V032,D062,2025-10-30,Westside Yard,Eastfield Park,601.9,9.94,70.8,112.73,delivery
T00437,V008,D046,2025-10-30,Harbor Terminal,Airport Cargo,168.5,2.83,18.9,28.15,transfer
T00445,V044,D020,2025-10-30,Downtown Drop,Springfield Depot,333.2,7.26,38.6,61.74,delivery
T00771,V047,D050,2025-10-30,Springfield Depot,Eastfield Park,559.6,13.04,71.9,112.33,transfer
T01441,V027,D049,2025-10-30,Northgate DC,Harbor Terminal,173.3,2.54,18.2,29.11,delivery
T01470,V061,D001,2025-10-30,Airport Cargo,Northgate DC,495.3,10.42,45.4,72.33,service_run
T01700,V055,D059,2025-10-30,Northgate DC,Riverside Hub,50.3,0.84,6.2,10.32,delivery
T02054,V095,D034,2025-10-30,Northgate DC,Springfield Depot,513.4,8.44,75.3,123.68,transfer
T02219,V028,D064,2025-10-30,Airport Cargo,Westside Yard,66.5,0.98,7.3,11.57,pickup
T02592,V070,D026,2025-10-30,Riverside Hub,Airport Cargo,161.2,3.8,15.2,24.59,delivery
T02853,V081,D042,2025-10-30,Harbor Terminal,Eastfield Park,214.6,3.36,19.9,33.4,service_run
T03208,V068,D025,2025-10-30,Northgate DC,Harbor Terminal,523.6,8.03,63.8,98.73,transfer
T03216,V061,D001,2025-10-30,Harbor Terminal,Northgate DC,325.3,5.12,53.2,83.04,delivery
T03676,V069,D066,2025-10-30,Riverside Hub,Northgate DC,370.6,7.61,42.8,65.87,pickup
T03711,V037,D035,2025-10-30,Westside Yard,Eastfield Park,275.8,7.02,29.7,51.0,delivery
T03908,V082,D055,2025-10-30,Airport Cargo,Springfield Depot,269.1,5.25,42.5,66.07,pickup
T04018,V059,D002,2025-10-30,Westside Yard,Springfield Depot,200.2,3.94,23.0,34.29,transfer
T04149,V040,D067,2025-10-30,Northgate DC,Harbor Terminal,489.2,7.78,77.3,128.63,transfer
T04423,V032,D062,2025-10-30,Riverside Hub,Airport Cargo,284.4,4.83,37.4,54.72,transfer
T04442,V010,D040,2025-10-30,Harbor Terminal,Eastfield Park,279.4,5.92,38.4,66.74,delivery
T04541,V012,D057,2025-10-30,Westside Yard,Riverside Hub,227.4,4.18,25.3,41.63,service_run
T04800,V003,D058,2025-10-30,Airport Cargo,Riverside Hub,60.5,1.48,7.9,11.83,transfer
T00027,V024,D079,2025-10-31,Westside Yard,Harbor Terminal,324.5,5.53,35.5,57.96,delivery
T00318,V002,D074,2025-10-31,Harbor Terminal,Airport Cargo,123.5,2.05,20.6,34.77,pickup
T00770,V084,D013,2025-10-31,Harbor Terminal,Northgate DC,583.5,8.82,59.5,91.0,pickup
T01137,V063,D010,2025-10-31,Westside Yard,Harbor Terminal,602.4,14.4,104.0,181.29,transfer
T01824,V108,D063,2025-10-31,Downtown Drop,Harbor Terminal,445.1,8.42,80.8,124.58,transfer
T02221,V060,D005,2025-10-31,Harbor Terminal,Airport Cargo,202.3,4.37,20.5,34.1,delivery
T02336,V109,D051,2025-10-31,Springfield Depot,Downtown Drop,568.8,13.61,74.5,118.19,delivery
T02501,V105,D023,2025-10-31,Eastfield Park,Westside Yard,188.6,3.36,25.5,43.54,delivery
T03003,V010,D040,2025-10-31,Riverside Hub,Westside Yard,44.0,0.7,7.4,10.85,delivery
T03223,V046,D071,2025-10-31,Downtown Drop,Westside Yard,530.0,7.64,88.2,131.92,delivery
T03368,V050,D007,2025-10-31,Downtown Drop,Airport Cargo,292.7,4.47,43.6,76.06,delivery
T03422,V059,D002,2025-10-31,Northgate DC,Airport Cargo,540.1,12.3,52.3,76.74,delivery
T03582,V070,D026,2025-10-31,Springfield Depot,Airport Cargo,508.1,9.53,46.6,67.66,transfer
T04427,V026,D021,2025-10-31,Eastfield Park,Harbor Terminal,18.3,0.4,2.3,3.68,delivery
T04548,V055,D059,2025-10-31,Northgate DC,Downtown Drop,599.3,11.14,55.9,96.84,delivery
T04749,V081,D042,2025-10-31,Springfield Depot,Riverside Hub,159.7,3.32,18.8,30.21,transfer
T00146,V063,D010,2025-11-01,Riverside Hub,Northgate DC,22.2,0.45,3.3,5.64,delivery
T00150,V107,D015,2025-11-01,Westside Yard,Downtown Drop,121.8,2.27,14.8,22.57,transfer
T00165,V061,D001,2025-11-01,Airport Cargo,Downtown Drop,478.4,12.51,48.4,75.61,pickup
T00170,V101,D017,2025-11-01,Eastfield Park,Riverside Hub,155.9,3.19,24.6,37.97,pickup
T00919,V007,D004,2025-11-01,Airport Cargo,Westside Yard,163.8,3.7,18.8,29.91,pickup
T01725,V010,D040,2025-11-01,Airport Cargo,Northgate DC,609.5,9.72,86.0,125.01,service_run
T01910,V098,D018,2025-11-01,Northgate DC,Harbor Terminal,477.2,7.28,49.9,72.69,delivery
T02072,V108,D063,2025-11-01,Harbor Terminal,Downtown Drop,146.6,3.41,19.5,33.24,service_run
T02765,V081,D042,2025-11-01,Harbor Terminal,Westside Yard,572.9,9.22,70.3,120.97,delivery
T02882,V095,D034,2025-11-01,Springfield Depot,Airport Cargo,156.8,4.11,16.2,25.07,service_run
T02905,V059,D002,2025-11-01,Westside Yard,Airport Cargo,378.9,8.36,48.6,76.52,delivery
T03131,V029,D060,2025-11-01,Northgate DC,Downtown Drop,217.6,3.86,29.7,50.81,pickup
T03839,V069,D066,2025-11-01,Harbor Terminal,Airport Cargo,272.0,6.69,26.7,43.37,delivery
T04289,V063,D010,2025-11-01,Harbor Terminal,Springfield Depot,275.2,6.7,28.1,48.18,pickup
T04744,V084,D013,2025-11-01,Downtown Drop,Riverside Hub,329.2,5.87,40.5,59.68,delivery
T00059,V010,D040,2025-11-02,Eastfield Park,Downtown Drop,404.3,7.51,63.5,95.23,pickup
T00664,V055,D059,2025-11-02,Airport Cargo,Eastfield Park,74.3,1.09,6.8,11.46,delivery
T00672,V110,D072,2025-11-02,Northgate DC,Airport Cargo,597.1,11.07,76.2,126.15,service_run
T00782,V061,D001,2025-11-02,Springfield Depot,Eastfield Park,561.7,8.11,61.5,107.51,pickup
T00792,V063,D010,2025-11-02,Westside Yard,Riverside Hub,448.7,8.02,67.2,105.21,transfer
T01226,V095,D034,2025-11-02,Harbor Terminal,Springfield Depot,195.4,5.02,29.5,48.47,pickup
T01331,V037,D035,2025-11-02,Harbor Terminal,Springfield Depot,615.2,15.86,97.6,147.92,transfer
T02141,V038,D011,2025-11-02,Downtown Drop,Airport Cargo,491.8,11.32,55.7,92.36,delivery
T02207,V028,D064,2025-11-02,Eastfield Park,Harbor Terminal,247.2,4.36,32.1,48.25,delivery
T02251,V027,D049,2025-11-02,Riverside Hub,Eastfield Park,535.0,13.42,61.3,102.51,service_run
T02566,V114,D070,2025-11-02,Eastfield Park,Westside Yard,359.8,7.1,38.8,67.31,delivery
T02835,V008,D046,2025-11-02,Eastfield Park,Airport Cargo,614.8,14.83,67.3,108.56,pickup
T02846,V114,D070,2025-11-02,Airport Cargo,Riverside Hub,100.6,1.6,9.9,15.45,delivery
T02875,V116,D012,2025-11-02,Harbor Terminal,Riverside Hub,169.8,3.09,22.7,32.96,delivery
T02910,V003,D058,2025-11-02,Northgate DC,Harbor Terminal,398.7,6.28,47.6,72.12,delivery
T03506,V105,D023,2025-11-02,Eastfield Park,Springfield Depot,516.2,12.42,53.7,80.83,service_run
T03589,V074,D009,2025-11-02,Springfield Depot,Northgate DC,585.4,14.61,79.7,121.24,delivery
T03600,V108,D063,2025-11-02,Springfield Depot,Northgate DC,141.8,3.22,22.8,35.19,pickup
T03789,V102,D038,2025-11-02,Northgate DC,Springfield Depot,95.7,1.47,15.3,22.43,transfer
T04208,V061,D001,2025-11-02,Eastfield Park,Springfield Depot,430.9,7.69,56.9,91.07,pickup
T04338,V065,D080,2025-11-02,Downtown Drop,Harbor Terminal,571.8,8.73,67.6,117.03,service_run
T04474,V082,D055,2025-11-02,Downtown Drop,Eastfield Park,23.3,0.37,2.4,3.97,transfer
T04924,V059,D002,2025-11-02,Westside Yard,Springfield Depot,198.9,4.82,24.8,41.97,delivery
T05052,V041,D047,2025-11-02,Eastfield Park,Airport Cargo,56.2,0.9,6.5,11.13,delivery
T00386,V038,D011,2025-11-03,Riverside Hub,Airport Cargo,619.2,11.9,75.5,124.39,delivery
T00613,V035,D069,2025-11-03,Downtown Drop,Airport Cargo,85.6,1.41,14.2,24.74,delivery
T00730,V014,D031,2025-11-03,Northgate DC,Downtown Drop,359.4,8.2,36.0,60.23,service_run
T01663,V074,D009,2025-11-03,Riverside Hub,Harbor Terminal,411.3,6.52,70.5,122.58,delivery
T01754,V028,D064,2025-11-03,Springfield Depot,Northgate DC,92.2,1.36,10.3,17.09,delivery
T01873,V068,D025,2025-11-03,Northgate DC,Springfield Depot,178.9,2.73,31.9,52.13,pickup
T01961,V105,D023,2025-11-03,Airport Cargo,Riverside Hub,480.1,8.06,52.3,76.15,service_run
T02140,V039,D045,2025-11-03,Northgate DC,Riverside Hub,69.8,1.03,6.5,9.6,transfer
T02517,V008,D046,2025-11-03,Westside Yard,Airport Cargo,77.4,1.65,10.0,14.83,pickup
T02629,V081,D042,2025-11-03,Harbor Terminal,Westside Yard,296.8,5.54,35.7,56.93,delivery
T03026,V104,D068,2025-11-03,Northgate DC,Eastfield Park,147.1,2.91,17.5,28.8,pickup
T03369,V087,D039,2025-11-03,Downtown Drop,Westside Yard,17.3,0.41,1.6,2.73,transfer
T03913,V032,D062,2025-11-03,Springfield Depot,Westside Yard,599.0,9.22,59.4,101.4,service_run
T03958,V047,D050,2025-11-03,Eastfield Park,Airport Cargo,141.6,2.58,25.4,37.67,service_run
T04281,V052,D065,2025-11-03,Westside Yard,Northgate DC,33.5,0.51,3.9,6.57,service_run
T04318,V108,D063,2025-11-03,Eastfield Park,Harbor Terminal,610.3,13.7,56.2,91.91,delivery
T04568,V046,D071,2025-11-03,Eastfield Park,Springfield Depot,543.0,8.13,50.8,77.58,delivery
T04795,V053,D019,2025-11-03,Riverside Hub,Harbor Terminal,427.7,8.0,62.9,108.36,service_run
T00039,V080,D054,2025-11-04,Airport Cargo,Springfield Depot,554.7,9.3,57.4,94.02,delivery
T00134,V116,D012,2025-11-04,Riverside Hub,Harbor Terminal,460.8,9.78,78.4,133.2,transfer
T00332,V055,D059,2025-11-04,Airport Cargo,Riverside Hub,456.7,9.42,47.8,77.62,transfer
T00431,V027,D049,2025-11-04,Eastfield Park,Downtown Drop,449.7,7.55,57.0,84.68,service_run
T00871,V008,D046,2025-11-04,Springfield Depot,Eastfield Park,543.3,13.65,79.0,124.94,delivery
T01669,V024,D079,2025-11-04,Westside Yard,Riverside Hub,403.3,6.88,44.4,66.02,transfer
T01762,V109,D051,2025-11-04,Westside Yard,Downtown Drop,318.2,6.19,42.3,73.64,pickup
T02067,V007,D004,2025-11-04,Harbor Terminal,Riverside Hub,117.7,1.85,17.0,25.34,pickup
T02290,V063,D010,2025-11-04,Airport Cargo,Riverside Hub,539.4,8.38,61.4,103.31,pickup
T02377,V060,D005,2025-11-04,Eastfield Park,Airport Cargo,367.8,6.25,52.0,82.03,transfer
T03000,V102,D038,2025-11-04,Westside Yard,Northgate DC,76.5,1.43,10.7,18.23,delivery
T03292,V024,D079,2025-11-04,Airport Cargo,Westside Yard,187.8,4.02,19.5,30.82,transfer
T03358,V027,D049,2025-11-04,Harbor Terminal,Northgate DC,502.2,11.8,84.4,142.34,transfer
T04610,V081,D042,2025-11-04,Westside Yard,Eastfield Park,200.2,3.72,30.7,51.87,delivery
T04951,V040,D067,2025-11-04,Downtown Drop,Eastfield Park,18.4,0.28,3.3,5.34,transfer
T05134,V070,D026,2025-11-04,Harbor Terminal,Eastfield Park,531.7,9.18,57.2,90.69,service_run
T00627,V065,D080,2025-11-05,Westside Yard,Eastfield Park,398.4,7.63,38.7,63.16,pickup
T00797,V069,D066,2025-11-05,Downtown Drop,Westside Yard,57.0,1.2,9.5,14.68,delivery
T01317,V047,D050,2025-11-05,Riverside Hub,Springfield Depot,503.7,8.03,76.6,117.25,delivery
T01326,V041,D047,2025-11-05,Northgate DC,Airport Cargo,145.4,2.21,14.9,25.14,service_run
T01528,V065,D080,2025-11-05,Harbor Terminal,Downtown Drop,384.0,8.28,39.8,57.8,delivery
T01533,V008,D046,2025-11-05,Northgate DC,Westside Yard,595.7,9.07,85.6,144.73,delivery
T01567,V041,D047,2025-11-05,Downtown Drop,Westside Yard,183.3,4.51,25.6,41.52,transfer
T02085,V117,D027,2025-11-05,Harbor Terminal,Downtown Drop,484.7,12.02,46.7,71.94,delivery
T02248,V061,D001,2025-11-05,Eastfield Park,Springfield Depot,93.5,2.08,11.4,17.86,pickup
T02450,V028,D064,2025-11-05,Harbor Terminal,Springfield Depot,530.1,9.15,94.1,162.14,service_run
T02538,V004,D003,2025-11-05,Northgate DC,Downtown Drop,387.1,5.97,51.5,89.27,service_run
T02681,V040,D067,2025-11-05,Harbor Terminal,Riverside Hub,520.6,11.08,52.8,86.55,delivery
T02725,V030,D022,2025-11-05,Westside Yard,Airport Cargo,462.9,9.45,49.2,80.2,delivery
T02758,V087,D039,2025-11-05,Springfield Depot,Riverside Hub,502.6,7.94,87.5,148.71,delivery
T03172,V007,D004,2025-11-05,Airport Cargo,Riverside Hub,587.7,11.17,78.2,133.04,delivery
T03313,V077,D029,2025-11-05,Riverside Hub,Harbor Terminal,311.7,6.05,29.6,44.28,transfer
T04163,V081,D042,2025-11-05,Westside Yard,Harbor Terminal,361.1,8.66,37.5,60.64,pickup
T04569,V074,D009,2025-11-05,Airport Cargo,Eastfield Park,85.0,1.62,7.7,11.51,service_run
T00105,V014,D031,2025-11-06,Downtown Drop,Eastfield Park,529.0,9.3,58.9,101.42,transfer
T00117,V087,D039,2025-11-06,Harbor Terminal,Springfield Depot,546.5,12.16,57.5,93.84,pickup
T00506,V039,D045,2025-11-06,Eastfield Park,Springfield Depot,181.4,2.84,27.4,44.72,pickup
T00584,V037,D035,2025-11-06,Riverside Hub,Harbor Terminal,382.2,6.19,59.0,88.53,service_run
T01008,V043,D073,2025-11-06,Harbor Terminal,Northgate DC,488.1,9.24,53.6,90.43,service_run
T01070,V082,D055,2025-11-06,Northgate DC,Eastfield Park,20.2,0.31,2.8,4.55,delivery
T01847,V024,D079,2025-11-06,Downtown Drop,Harbor Terminal,197.3,3.2,21.6,35.69,service_run
T02032,V070,D026,2025-11-06,Downtown Drop,Springfield Depot,188.6,2.85,18.4,27.02,transfer
T02314,V050,D007,2025-11-06,Springfield Depot,Riverside Hub,552.4,9.35,63.4,100.15,delivery
T02385,V068,D025,2025-11-06,Northgate DC,Riverside Hub,423.5,8.97,40.2,59.44,delivery
T02387,V030,D022,2025-11-06,Downtown Drop,Riverside Hub,72.7,1.63,7.1,11.87,delivery
T02830,V114,D070,2025-11-06,Airport Cargo,Harbor Terminal,430.7,6.69,68.4,112.38,delivery
T02919,V087,D039,2025-11-06,Northgate DC,Downtown Drop,182.7,2.62,17.9,27.82,transfer
T03050,V055,D059,2025-11-06,Westside Yard,Downtown Drop,601.5,8.99,107.2,184.09,transfer
T03228,V052,D065,2025-11-06,Harbor Terminal,Eastfield Park,160.5,3.44,16.1,27.55,pickup
T04207,V044,D020,2025-11-06,Downtown Drop,Airport Cargo,180.3,3.1,16.6,28.26,delivery
T04361,V110,D072,2025-11-06,Airport Cargo,Eastfield Park,404.6,7.98,49.8,81.75,pickup
T04384,V062,D056,2025-11-06,Eastfield Park,Northgate DC,100.6,2.22,9.4,15.97,pickup
T04400,V030,D022,2025-11-06,Springfield Depot,Airport Cargo,187.8,2.94,27.0,43.74,delivery
T04668,V060,D005,2025-11-06,Eastfield Park,Airport Cargo,78.3,1.24,10.0,16.28,service_run
T04750,V026,D021,2025-11-06,Eastfield Park,Airport Cargo,353.7,6.71,39.1,67.14,pickup
T04869,V043,D073,2025-11-06,Downtown Drop,Springfield Depot,437.4,9.37,69.2,112.49,service_run
T05027,V069,D066,2025-11-06,Downtown Drop,Riverside Hub,432.1,7.88,41.8,71.96,service_run
T00429,V045,D076,2025-11-07,Airport Cargo,Springfield Depot,588.6,8.51,55.6,83.93,service_run
T01417,V021,D037,2025-11-07,Northgate DC,Riverside Hub,418.7,6.8,63.8,106.53,delivery
T01683,V068,D025,2025-11-07,Downtown Drop,Westside Yard,561.3,11.12,97.6,149.39,delivery
T02168,V082,D055,2025-11-07,Downtown Drop,Eastfield Park,190.5,2.88,28.0,40.88,delivery
T02579,V041,D047,2025-11-07,Northgate DC,Airport Cargo,584.0,9.93,58.6,92.41,delivery
T02913,V048,D036,2025-11-07,Northgate DC,Westside Yard,492.7,10.34,76.8,128.15,delivery
T03108,V052,D065,2025-11-07,Riverside Hub,Airport Cargo,331.0,8.7,60.0,96.26,service_run
T03574,V010,D040,2025-11-07,Springfield Depot,Downtown Drop,160.9,3.23,24.0,35.33,service_run
T03579,V116,D012,2025-11-07,Springfield Depot,Northgate DC,304.3,6.95,27.9,47.79,delivery
T03952,V040,D067,2025-11-07,Downtown Drop,Riverside Hub,334.5,7.75,40.3,67.58,service_run
T04644,V074,D009,2025-11-07,Downtown Drop,Westside Yard,184.7,4.29,30.7,45.85,service_run
T04730,V094,D078,2025-11-07,Northgate DC,Downtown Drop,240.5,4.14,35.4,57.79,transfer
T04875,V039,D045,2025-11-07,Springfield Depot,Northgate DC,516.1,9.81,60.3,87.81,transfer
T00489,V035,D069,2025-11-08,Harbor Terminal,Riverside Hub,31.9,0.49,3.2,4.93,pickup
T00861,V068,D025,2025-11-08,Harbor Terminal,Airport Cargo,150.5,2.49,14.1,20.73,delivery
T01021,V092,D044,2025-11-08,Eastfield Park,Westside Yard,211.6,5.17,30.8,48.08,service_run
T01198,V026,D021,2025-11-08,Riverside Hub,Eastfield Park,505.5,12.52,50.9,79.51,delivery
T01449,V113,D053,2025-11-08,Westside Yard,Riverside Hub,482.1,8.64,50.6,80.97,delivery
T01912,V109,D051,2025-11-08,Eastfield Park,Northgate DC,355.3,5.93,41.6,66.54,transfer
T02051,V094,D078,2025-11-08,Springfield Depot,Northgate DC,615.8,9.46,79.7,135.09,delivery
T02111,V080,D054,2025-11-08,Downtown Drop,Northgate DC,288.8,4.5,52.5,82.72,pickup
T02170,V044,D020,2025-11-08,Riverside Hub,Harbor Terminal,509.5,7.51,63.0,94.81,delivery
T02325,V094,D078,2025-11-08,Airport Cargo,Riverside Hub,579.8,11.0,54.7,81.68,service_run
T02630,V008,D046,2025-11-08,Riverside Hub,Downtown Drop,228.9,5.78,38.5,61.3,delivery
T03022,V084,D013,2025-11-08,Harbor Terminal,Springfield Depot,145.9,2.65,22.3,32.38,transfer
T03203,V105,D023,2025-11-08,Harbor Terminal,Airport Cargo,23.3,0.35,2.7,4.61,pickup
T03620,V021,D037,2025-11-08,Downtown Drop,Airport Cargo,591.3,11.06,54.1,86.91,delivery
T03627,V105,D023,2025-11-08,Riverside Hub,Westside Yard,185.9,4.21,22.1,32.66,pickup
T03879,V105,D023,2025-11-08,Downtown Drop,Riverside Hub,101.7,1.6,14.8,23.34,pickup
T04088,V045,D076,2025-11-08,Harbor Terminal,Westside Yard,300.4,4.33,47.6,76.91,pickup
T04118,V027,D049,2025-11-08,Harbor Terminal,Riverside Hub,492.3,9.09,81.6,128.3,pickup
T04597,V102,D038,2025-11-08,Northgate DC,Westside Yard,478.5,8.18,46.4,79.38,pickup
T05004,V080,D054,2025-11-08,Springfield Depot,Northgate DC,601.3,13.66,54.8,87.58,service_run
T05116,V045,D076,2025-11-08,Downtown Drop,Northgate DC,89.2,1.29,11.1,18.18,pickup
T05192,V006,D006,2025-11-08,Westside Yard,Riverside Hub,306.2,7.73,40.7,59.62,delivery
T00297,V007,D004,2025-11-09,Airport Cargo,Harbor Terminal,389.7,6.67,67.0,111.38,delivery
T00336,V104,D068,2025-11-09,Northgate DC,Downtown Drop,605.7,10.01,75.2,113.21,delivery
T00857,V019,D041,2025-11-09,Airport Cargo,Springfield Depot,395.6,6.19,43.1,74.05,delivery
T00940,V045,D076,2025-11-09,Westside Yard,Airport Cargo,255.4,4.56,37.7,61.94,delivery
T01169,V101,D017,2025-11-09,Airport Cargo,Harbor Terminal,542.2,9.87,92.2,149.09,delivery
T01181,V101,D017,2025-11-09,Northgate DC,Eastfield Park,434.9,6.26,57.1,94.45,delivery
T01235,V012,D057,2025-11-09,Airport Cargo,Eastfield Park,46.8,1.19,4.6,6.97,delivery
T01279,V027,D049,2025-11-09,Airport Cargo,Eastfield Park,113.0,1.91,13.1,21.14,transfer
T01332,V080,D054,2025-11-09,Eastfield Park,Northgate DC,286.3,4.95,39.0,59.88,delivery
T01719,V037,D035,2025-11-09,Airport Cargo,Northgate DC,260.7,4.06,29.2,50.51,service_run
T01999,V027,D049,2025-11-09,Harbor Terminal,Westside Yard,501.6,9.83,72.7,107.85,pickup
T02010,V052,D065,2025-11-09,Riverside Hub,Harbor Terminal,324.3,7.81,47.9,69.92,delivery
T02348,V060,D005,2025-11-09,Downtown Drop,Westside Yard,568.6,8.69,52.0,90.28,delivery
T02589,V074,D009,2025-11-09,Westside Yard,Downtown Drop,476.7,11.95,48.4,84.62,delivery
T03598,V050,D007,2025-11-09,Northgate DC,Harbor Terminal,344.1,7.42,43.2,68.12,pickup
T03802,V046,D071,2025-11-09,Harbor Terminal,Downtown Drop,408.5,10.4,53.3,92.22,delivery
T03973,V107,D015,2025-11-09,Harbor Terminal,Airport Cargo,141.5,2.53,16.5,26.12,service_run
T03998,V080,D054,2025-11-09,Springfield Depot,Northgate DC,117.2,2.01,12.8,21.44,pickup
T04067,V098,D018,2025-11-09,Westside Yard,Eastfield Park,36.2,0.74,4.0,6.24,pickup
T04529,V101,D017,2025-11-09,Springfield Depot,Westside Yard,391.1,7.69,36.5,54.35,service_run
T04783,V030,D022,2025-11-09,Westside Yard,Eastfield Park,555.6,11.32,60.1,103.89,pickup
T04812,V044,D020,2025-11-09,Northgate DC,Springfield Depot,174.6,2.76,17.5,29.83,delivery
T00004,V021,D037,2025-11-10,Riverside Hub,Airport Cargo,140.2,2.16,15.6,24.06,pickup
T00446,V068,D025,2025-11-10,Riverside Hub,Airport Cargo,187.0,3.74,17.2,29.73,delivery
T00662,V081,D042,2025-11-10,Harbor Terminal,Springfield Depot,598.2,10.87,87.2,144.33,pickup
T01117,V098,D018,2025-11-10,Westside Yard,Springfield Depot,145.7,3.08,22.4,35.25,delivery
T01230,V081,D042,2025-11-10,Downtown Drop,Riverside Hub,395.5,8.16,43.7,74.33,delivery
T01488,V068,D025,2025-11-10,Springfield Depot,Harbor Terminal,44.0,0.75,7.5,11.06,service_run
T01582,V044,D020,2025-11-10,Northgate DC,Springfield Depot,171.9,4.04,29.1,46.4,delivery
T02359,V059,D002,2025-11-10,Northgate DC,Harbor Terminal,460.2,9.03,74.1,122.22,delivery
T02386,V032,D062,2025-11-10,Riverside Hub,Northgate DC,259.2,6.41,31.8,49.16,transfer
T02849,V027,D049,2025-11-10,Harbor Terminal,Springfield Depot,545.0,8.13,57.1,95.9,delivery
T03515,V092,D044,2025-11-10,Downtown Drop,Eastfield Park,474.9,7.7,43.6,75.77,delivery
T03596,V052,D065,2025-11-10,Riverside Hub,Harbor Terminal,31.2,0.49,3.1,4.72,pickup
T04097,V018,D028,2025-11-10,Westside Yard,Downtown Drop,269.4,4.01,31.3,46.64,pickup
T04443,V046,D071,2025-11-10,Springfield Depot,Riverside Hub,472.7,7.82,67.3,103.91,service_run
T04524,V105,D023,2025-11-10,Airport Cargo,Springfield Depot,326.0,4.79,58.1,88.42,delivery
T04957,V113,D053,2025-11-10,Harbor Terminal,Springfield Depot,490.5,7.96,46.1,74.71,delivery
T00138,V104,D068,2025-11-11,Downtown Drop,Westside Yard,306.6,4.85,44.3,67.16,service_run
T00261,V028,D064,2025-11-11,Riverside Hub,Airport Cargo,299.8,7.55,32.5,51.28,delivery
T00588,V094,D078,2025-11-11,Airport Cargo,Westside Yard,613.5,10.33,83.4,126.45,delivery
T00776,V032,D062,2025-11-11,Riverside Hub,Harbor Terminal,389.0,7.74,45.8,76.61,delivery
T00881,V044,D020,2025-11-11,Downtown Drop,Eastfield Park,221.3,4.28,22.0,36.71,service_run
T00926,V047,D050,2025-11-11,Downtown Drop,Springfield Depot,191.0,3.41,23.0,35.58,service_run
T01034,V046,D071,2025-11-11,Northgate DC,Harbor Terminal,529.8,13.8,60.8,94.8,transfer
T01848,V084,D013,2025-11-11,Westside Yard,Eastfield Park,34.8,0.57,3.5,5.22,delivery
T02360,V041,D047,2025-11-11,Westside Yard,Eastfield Park,506.2,13.0,64.6,107.74,transfer
T02604,V095,D034,2025-11-11,Eastfield Park,Airport Cargo,325.8,7.56,38.8,63.12,delivery
T02669,V102,D038,2025-11-11,Eastfield Park,Westside Yard,304.3,6.73,48.7,74.91,delivery
T02942,V045,D076,2025-11-11,Downtown Drop,Harbor Terminal,595.5,11.41,88.6,151.97,transfer
T03011,V045,D076,2025-11-11,Riverside Hub,Westside Yard,109.1,1.88,14.0,22.85,pickup
T03198,V098,D018,2025-11-11,Eastfield Park,Downtown Drop,594.7,11.77,100.4,147.33,service_run
T03631,V060,D005,2025-11-11,Westside Yard,Riverside Hub,603.4,12.03,61.2,94.53,service_run
T03633,V029,D060,2025-11-11,Airport Cargo,Westside Yard,244.4,4.8,29.8,48.42,delivery
T03778,V048,D036,2025-11-11,Airport Cargo,Northgate DC,88.4,1.67,10.2,16.58,delivery
T04188,V102,D038,2025-11-11,Westside Yard,Riverside Hub,515.9,9.85,79.3,135.86,transfer
T04971,V014,D031,2025-11-11,Springfield Depot,Riverside Hub,499.4,12.23,66.3,110.61,transfer
T00001,V108,D063,2025-11-12,Downtown Drop,Riverside Hub,276.0,6.95,30.3,46.94,delivery
T00391,V029,D060,2025-11-12,Riverside Hub,Airport Cargo,75.3,1.26,13.0,22.64,pickup
T00483,V077,D029,2025-11-12,Riverside Hub,Springfield Depot,282.8,5.79,29.0,45.54,delivery
T01251,V081,D042,2025-11-12,Eastfield Park,Airport Cargo,37.5,0.86,4.8,6.98,delivery
T01597,V110,D072,2025-11-12,Westside Yard,Riverside Hub,138.8,1.98,16.2,27.4,delivery
T01675,V110,D072,2025-11-12,Airport Cargo,Riverside Hub,252.1,4.62,25.2,40.43,delivery
T02260,V095,D034,2025-11-12,Northgate DC,Downtown Drop,285.8,5.55,40.1,69.23,delivery
T02309,V045,D076,2025-11-12,Harbor Terminal,Westside Yard,609.8,15.16,62.4,95.52,transfer
T02321,V095,D034,2025-11-12,Downtown Drop,Westside Yard,460.8,7.95,61.6,94.49,pickup
T02447,V070,D026,2025-11-12,Westside Yard,Riverside Hub,514.8,10.68,48.1,81.0,pickup
T02570,V063,D010,2025-11-12,Harbor Terminal,Springfield Depot,574.2,9.15,54.4,80.66,pickup
T03327,V074,D009,2025-11-12,Westside Yard,Downtown Drop,511.2,7.62,91.9,147.08,pickup
T03455,V019,D041,2025-11-12,Springfield Depot,Northgate DC,319.2,7.18,33.0,52.54,delivery
T03563,V035,D069,2025-11-12,Springfield Depot,Riverside Hub,80.4,2.03,11.2,19.27,service_run
T03781,V039,D045,2025-11-12,Riverside Hub,Northgate DC,18.6,0.43,2.9,4.27,delivery
T03931,V104,D068,2025-11-12,Westside Yard,Eastfield Park,266.1,5.87,43.7,63.82,transfer
T04013,V003,D058,2025-11-12,Downtown Drop,Harbor Terminal,136.2,2.28,19.7,31.54,delivery
T04403,V018,D028,2025-11-12,Harbor Terminal,Northgate DC,548.8,10.83,58.0,98.77,delivery
T04471,V104,D068,2025-11-12,Northgate DC,Eastfield Park,71.5,1.35,7.2,10.55,service_run
T04481,V113,D053,2025-11-12,Downtown Drop,Northgate DC,270.5,6.8,34.6,59.74,transfer
T04615,V114,D070,2025-11-12,Harbor Terminal,Northgate DC,322.1,5.11,43.9,67.24,pickup
T04647,V018,D028,2025-11-12,Westside Yard,Riverside Hub,516.2,10.96,67.8,105.97,delivery
T04736,V101,D017,2025-11-12,Westside Yard,Airport Cargo,571.4,11.34,70.4,120.07,transfer
T04751,V074,D009,2025-11-12,Airport Cargo,Downtown Drop,79.3,1.25,9.2,15.07,delivery
T04757,V102,D038,2025-11-12,Harbor Terminal,Northgate DC,485.5,7.05,72.1,121.91,delivery
T04962,V048,D036,2025-11-12,Westside Yard,Riverside Hub,389.6,6.36,37.4,64.87,service_run
T00394,V004,D003,2025-11-13,Riverside Hub,Airport Cargo,614.4,11.72,59.4,101.33,pickup
T00880,V062,D056,2025-11-13,Springfield Depot,Harbor Terminal,342.6,5.51,46.2,71.65,delivery
T02106,V045,D076,2025-11-13,Westside Yard,Northgate DC,463.6,11.61,48.0,82.29,transfer
T02627,V038,D011,2025-11-13,Riverside Hub,Downtown Drop,481.4,8.09,50.3,80.83,service_run
T02869,V039,D045,2025-11-13,Northgate DC,Eastfield Park,261.2,5.88,24.1,36.62,service_run
T03300,V082,D055,2025-11-13,Riverside Hub,Springfield Depot,512.6,9.38,62.0,90.74,delivery
T03639,V062,D056,2025-11-13,Airport Cargo,Northgate DC,125.7,2.25,19.2,31.26,delivery
T03892,V108,D063,2025-11-13,Harbor Terminal,Westside Yard,516.3,7.92,62.8,91.87,delivery
T03941,V010,D040,2025-11-13,Harbor Terminal,Springfield Depot,355.9,5.46,42.7,71.9,pickup
T04298,V074,D009,2025-11-13,Northgate DC,Harbor Terminal,377.4,9.4,46.3,70.84,service_run
T04463,V080,D054,2025-11-13,Riverside Hub,Northgate DC,471.3,9.39,54.1,82.22,service_run
T04499,V087,D039,2025-11-13,Downtown Drop,Airport Cargo,46.6,0.71,7.9,13.48,service_run
T05166,V037,D035,2025-11-13,Downtown Drop,Westside Yard,340.4,8.71,45.0,66.04,pickup
T05172,V084,D013,2025-11-13,Eastfield Park,Westside Yard,64.6,0.98,6.6,10.46,delivery
T00009,V084,D013,2025-11-14,Northgate DC,Springfield Depot,318.8,4.66,30.5,48.33,delivery
T00351,V043,D073,2025-11-14,Northgate DC,Eastfield Park,417.7,7.98,38.4,66.92,transfer
T00423,V092,D044,2025-11-14,Eastfield Park,Airport Cargo,180.8,2.94,30.4,52.53,delivery
T00934,V048,D036,2025-11-14,Downtown Drop,Westside Yard,179.8,3.54,29.1,49.34,delivery
T00979,V081,D042,2025-11-14,Westside Yard,Downtown Drop,210.0,3.14,34.6,51.82,pickup
T01092,V030,D022,2025-11-14,Springfield Depot,Downtown Drop,467.5,10.55,47.2,71.02,delivery
T01846,V029,D060,2025-11-14,Eastfield Park,Northgate DC,534.1,12.18,81.3,127.8,service_run
T02384,V087,D039,2025-11-14,Northgate DC,Harbor Terminal,46.9,0.91,7.1,11.01,service_run
T02717,V055,D059,2025-11-14,Westside Yard,Eastfield Park,496.8,9.17,65.8,100.19,delivery
T02785,V113,D053,2025-11-14,Airport Cargo,Northgate DC,181.1,3.25,18.4,27.08,delivery
T03077,V068,D025,2025-11-14,Westside Yard,Northgate DC,369.0,7.53,39.2,62.15,delivery
T03112,V019,D041,2025-11-14,Springfield Depot,Eastfield Park,575.5,9.65,66.6,97.59,delivery
T03229,V105,D023,2025-11-14,Eastfield Park,Harbor Terminal,24.4,0.5,3.1,5.11,delivery
T03288,V027,D049,2025-11-14,Downtown Drop,Airport Cargo,379.9,6.22,53.0,88.41,service_run
T03943,V012,D057,2025-11-14,Westside Yard,Northgate DC,287.7,5.69,34.4,59.35,service_run
T04184,V104,D068,2025-11-14,Harbor Terminal,Springfield Depot,609.2,11.32,66.3,110.29,delivery
T04186,V080,D054,2025-11-14,Springfield Depot,Northgate DC,480.5,11.83,50.2,75.65,delivery
T04201,V061,D001,2025-11-14,Northgate DC,Riverside Hub,589.1,10.15,68.9,100.38,transfer
T04328,V044,D020,2025-11-14,Downtown Drop,Airport Cargo,285.0,4.77,51.0,81.5,service_run
T04337,V035,D069,2025-11-14,Springfield Depot,Downtown Drop,390.9,8.59,48.1,79.78,service_run
T04369,V053,D019,2025-11-14,Eastfield Park,Springfield Depot,230.0,5.44,28.8,44.92,service_run
T04695,V048,D036,2025-11-14,Downtown Drop,Airport Cargo,579.2,14.47,96.8,141.85,delivery
T04792,V028,D064,2025-11-14,Northgate DC,Springfield Depot,308.8,6.7,29.8,50.3,transfer
T04910,V050,D007,2025-11-14,Springfield Depot,Airport Cargo,93.5,2.45,9.7,15.9,pickup
T05051,V101,D017,2025-11-14,Eastfield Park,Downtown Drop,215.7,4.25,20.8,33.31,service_run
T00310,V004,D003,2025-11-15,Springfield Depot,Airport Cargo,220.3,5.27,29.9,50.59,service_run
T00395,V104,D068,2025-11-15,Harbor Terminal,Westside Yard,34.9,0.81,4.1,6.47,delivery
T00468,V060,D005,2025-11-15,Eastfield Park,Riverside Hub,309.9,5.09,37.9,60.96,pickup
T00525,V077,D029,2025-11-15,Airport Cargo,Springfield Depot,184.9,4.18,17.7,30.03,pickup
T00877,V030,D022,2025-11-15,Eastfield Park,Springfield Depot,606.6,15.68,64.9,110.39,delivery
T00976,V037,D035,2025-11-15,Northgate DC,Harbor Terminal,589.5,10.49,67.6,118.17,pickup
T01001,V074,D009,2025-11-15,Northgate DC,Springfield Depot,336.4,6.1,43.8,65.17,delivery
T01183,V063,D010,2025-11-15,Riverside Hub,Springfield Depot,424.1,11.08,43.2,73.81,delivery
T01514,V104,D068,2025-11-15,Westside Yard,Riverside Hub,435.6,9.57,54.9,88.56,pickup
T01534,V019,D041,2025-11-15,Downtown Drop,Harbor Terminal,484.7,8.82,74.9,131.02,service_run
T01575,V044,D020,2025-11-15,Downtown Drop,Northgate DC,192.6,4.31,29.4,42.75,delivery
T01709,V014,D031,2025-11-15,Westside Yard,Downtown Drop,171.0,3.06,29.7,48.51,delivery
T01867,V060,D005,2025-11-15,Northgate DC,Eastfield Park,497.8,12.05,46.8,81.5,transfer
T01941,V043,D073,2025-11-15,Springfield Depot,Riverside Hub,216.7,4.9,26.5,42.64,pickup
T02327,V012,D057,2025-11-15,Downtown Drop,Northgate DC,443.6,6.89,44.9,76.86,service_run
T02514,V114,D070,2025-11-15,Springfield Depot,Northgate DC,187.9,4.7,20.9,31.82,delivery
T02518,V052,D065,2025-11-15,Springfield Depot,Riverside Hub,70.2,1.06,6.6,11.13,service_run
T02658,V053,D019,2025-11-15,Springfield Depot,Riverside Hub,471.4,8.85,82.0,122.92,delivery
T02720,V003,D058,2025-11-15,Riverside Hub,Springfield Depot,172.4,4.32,30.5,46.47,delivery
T02798,V063,D010,2025-11-15,Harbor Terminal,Westside Yard,306.3,5.32,40.9,67.26,service_run
T03078,V032,D062,2025-11-15,Harbor Terminal,Springfield Depot,39.8,0.9,6.5,11.33,delivery
T03310,V080,D054,2025-11-15,Riverside Hub,Westside Yard,545.6,8.52,74.2,125.63,delivery
T03373,V037,D035,2025-11-15,Downtown Drop,Springfield Depot,559.6,8.43,72.6,117.1,delivery
T04040,V053,D019,2025-11-15,Springfield Depot,Riverside Hub,489.5,10.73,65.0,111.05,delivery
T04343,V048,D036,2025-11-15,Airport Cargo,Northgate DC,574.5,8.75,102.0,150.3,delivery
T04657,V102,D038,2025-11-15,Northgate DC,Harbor Terminal,227.4,5.46,26.7,40.22,delivery
T04902,V102,D038,2025-11-15,Westside Yard,Riverside Hub,402.3,6.79,71.2,106.11,pickup
T04958,V108,D063,2025-11-15,Harbor Terminal,Riverside Hub,165.3,2.55,21.1,35.93,delivery
T04965,V046,D071,2025-11-15,Springfield Depot,Airport Cargo,297.3,5.43,32.6,54.45,service_run
T04966,V013,D016,2025-11-15,Harbor Terminal,Eastfield Park,81.0,1.29,11.4,17.8,transfer
T05194,V032,D062,2025-11-15,Riverside Hub,Northgate DC,157.1,3.69,23.4,34.71,pickup
T00015,V087,D039,2025-11-16,Airport Cargo,Springfield Depot,254.5,4.11,24.6,42.47,delivery
T00227,V117,D027,2025-11-16,Springfield Depot,Riverside Hub,330.0,6.04,41.3,64.79,service_run
T00401,V065,D080,2025-11-16,Downtown Drop,Northgate DC,293.9,7.6,28.7,45.66,delivery
T00582,V084,D013,2025-11-16,Northgate DC,Eastfield Park,21.5,0.36,3.5,5.56,pickup
T01171,V080,D054,2025-11-16,Airport Cargo,Springfield Depot,101.8,2.03,16.8,27.2,pickup
T01604,V113,D053,2025-11-16,Eastfield Park,Airport Cargo,503.7,7.99,70.6,113.58,pickup
T01975,V027,D049,2025-11-16,Springfield Depot,Riverside Hub,129.3,2.41,15.1,22.86,delivery
T02346,V014,D031,2025-11-16,Eastfield Park,Harbor Terminal,367.6,7.03,46.5,68.17,delivery
T02421,V035,D069,2025-11-16,Downtown Drop,Eastfield Park,106.1,2.07,12.4,18.42,transfer
T02663,V087,D039,2025-11-16,Airport Cargo,Harbor Terminal,88.5,1.55,10.4,16.2,delivery
T03070,V062,D056,2025-11-16,Airport Cargo,Springfield Depot,310.7,4.45,28.9,47.56,delivery
T03089,V038,D011,2025-11-16,Airport Cargo,Northgate DC,48.8,1.02,5.6,8.18,pickup
T03242,V105,D023,2025-11-16,Harbor Terminal,Springfield Depot,423.5,6.24,50.6,87.58,pickup
T03275,V044,D020,2025-11-16,Eastfield Park,Westside Yard,148.7,2.5,18.6,31.78,service_run
T03432,V029,D060,2025-11-16,Downtown Drop,Harbor Terminal,473.6,11.26,50.9,87.68,delivery
T03659,V035,D069,2025-11-16,Westside Yard,Harbor Terminal,303.5,6.14,33.4,56.38,transfer
T03857,V068,D025,2025-11-16,Downtown Drop,Westside Yard,512.9,7.58,54.1,91.0,delivery
T04079,V098,D018,2025-11-16,Airport Cargo,Springfield Depot,399.0,9.71,37.0,61.44,transfer
T04241,V084,D013,2025-11-16,Northgate DC,Downtown Drop,590.1,13.85,76.1,130.04,pickup
T04426,V065,D080,2025-11-16,Springfield Depot,Eastfield Park,32.7,0.54,4.0,6.84,delivery
T04502,V048,D036,2025-11-16,Harbor Terminal,Downtown Drop,48.1,0.95,5.9,9.71,pickup
T04687,V114,D070,2025-11-16,Harbor Terminal,Northgate DC,469.4,6.87,51.1,86.46,delivery
T04782,V006,D006,2025-11-16,Airport Cargo,Riverside Hub,160.1,2.59,22.9,34.3,pickup
T04880,V108,D063,2025-11-16,Westside Yard,Springfield Depot,17.8,0.32,1.6,2.34,service_run
T04913,V110,D072,2025-11-16,Riverside Hub,Northgate DC,506.0,8.28,69.1,118.35,delivery
T00081,V081,D042,2025-11-17,Northgate DC,Riverside Hub,274.2,4.84,32.0,48.85,delivery
T00189,V053,D019,2025-11-17,Riverside Hub,Eastfield Park,459.3,6.68,45.5,67.3,service_run
T00317,V048,D036,2025-11-17,Downtown Drop,Eastfield Park,95.7,2.22,9.7,16.62,delivery
T00744,V098,D018,2025-11-17,Downtown Drop,Riverside Hub,553.9,12.4,56.8,92.76,delivery
T01116,V084,D013,2025-11-17,Eastfield Park,Harbor Terminal,225.1,3.43,22.9,33.46,pickup
T01126,V101,D017,2025-11-17,Harbor Terminal,Springfield Depot,163.8,3.04,25.8,43.86,delivery
T01763,V104,D068,2025-11-17,Northgate DC,Springfield Depot,246.8,4.39,26.4,44.65,delivery
T02013,V102,D038,2025-11-17,Downtown Drop,Northgate DC,320.0,6.84,52.1,78.48,service_run
T02225,V104,D068,2025-11-17,Harbor Terminal,Downtown Drop,129.9,1.86,13.6,20.84,pickup
T02441,V052,D065,2025-11-17,Riverside Hub,Springfield Depot,491.4,12.89,59.1,97.01,pickup
T02537,V060,D005,2025-11-17,Downtown Drop,Harbor Terminal,382.4,5.85,40.3,60.79,delivery
T03030,V026,D021,2025-11-17,Airport Cargo,Springfield Depot,552.2,12.7,59.7,94.47,service_run
T03119,V060,D005,2025-11-17,Westside Yard,Springfield Depot,584.4,8.75,59.5,104.04,delivery
T03130,V003,D058,2025-11-17,Downtown Drop,Northgate DC,550.3,12.81,87.2,142.56,pickup
T03237,V047,D050,2025-11-17,Harbor Terminal,Eastfield Park,533.1,11.34,51.7,85.8,delivery
T03531,V044,D020,2025-11-17,Northgate DC,Harbor Terminal,209.2,3.29,27.3,45.51,pickup
T03610,V062,D056,2025-11-17,Riverside Hub,Northgate DC,165.0,2.5,18.4,31.12,transfer
T03814,V105,D023,2025-11-17,Airport Cargo,Harbor Terminal,93.0,2.44,14.7,24.42,delivery
T04195,V060,D005,2025-11-17,Riverside Hub,Springfield Depot,123.2,2.12,13.3,22.92,delivery
T04203,V113,D053,2025-11-17,Downtown Drop,Riverside Hub,571.8,10.21,84.8,133.22,pickup
T00177,V003,D058,2025-11-18,Northgate DC,Eastfield Park,366.6,5.85,39.4,60.07,pickup
T00293,V063,D010,2025-11-18,Westside Yard,Downtown Drop,73.9,1.43,8.8,15.18,delivery
T00363,V109,D051,2025-11-18,Harbor Terminal,Airport Cargo,512.8,9.17,71.6,113.77,delivery
T00478,V024,D079,2025-11-18,Riverside Hub,Downtown Drop,321.9,7.22,50.1,78.08,service_run
T00515,V102,D038,2025-11-18,Harbor Terminal,Westside Yard,15.6,0.23,1.9,2.76,pickup
T00674,V048,D036,2025-11-18,Airport Cargo,Riverside Hub,382.5,9.47,35.4,60.24,transfer
T00696,V027,D049,2025-11-18,Airport Cargo,Riverside Hub,369.9,6.11,35.2,60.81,delivery
T00750,V052,D065,2025-11-18,Airport Cargo,Westside Yard,390.5,6.08,43.2,62.74,delivery
T00847,V101,D017,2025-11-18,Northgate DC,Airport Cargo,564.4,8.52,75.7,120.17,delivery
T00910,V030,D022,2025-11-18,Airport Cargo,Eastfield Park,507.5,9.29,53.2,86.32,transfer
T01153,V012,D057,2025-11-18,Northgate DC,Westside Yard,128.8,2.68,21.5,31.48,delivery
T01166,V101,D017,2025-11-18,Airport Cargo,Downtown Drop,416.0,9.3,50.3,77.73,transfer
T01267,V108,D063,2025-11-18,Eastfield Park,Northgate DC,425.9,8.65,39.2,59.85,pickup
T01300,V010,D040,2025-11-18,Harbor Terminal,Riverside Hub,527.5,8.36,75.1,129.75,service_run
T01389,V108,D063,2025-11-18,Riverside Hub,Northgate DC,298.9,6.94,39.9,69.1,delivery
T01756,V040,D067,2025-11-18,Riverside Hub,Airport Cargo,558.6,11.46,57.7,84.48,delivery
T01879,V044,D020,2025-11-18,Downtown Drop,Riverside Hub,106.7,2.05,14.7,23.36,service_run
T01919,V040,D067,2025-11-18,Airport Cargo,Harbor Terminal,214.6,3.76,29.9,47.6,service_run
T02760,V069,D066,2025-11-18,Riverside Hub,Westside Yard,449.4,8.31,79.8,133.15,transfer
T03028,V003,D058,2025-11-18,Springfield Depot,Westside Yard,233.7,3.42,21.7,36.02,transfer
T03425,V053,D019,2025-11-18,Westside Yard,Eastfield Park,348.2,6.13,38.2,55.66,delivery
T03663,V027,D049,2025-11-18,Eastfield Park,Airport Cargo,22.2,0.36,2.9,4.26,delivery
T03727,V014,D031,2025-11-18,Downtown Drop,Riverside Hub,398.5,6.18,38.2,64.74,service_run
T03932,V110,D072,2025-11-18,Springfield Depot,Westside Yard,617.1,14.53,78.0,134.22,delivery
T04023,V084,D013,2025-11-18,Westside Yard,Riverside Hub,330.8,7.55,39.1,66.15,pickup
T04410,V069,D066,2025-11-18,Riverside Hub,Springfield Depot,519.9,8.05,51.7,86.0,delivery
T04944,V060,D005,2025-11-18,Harbor Terminal,Northgate DC,545.9,13.52,58.8,90.75,delivery
T05001,V039,D045,2025-11-18,Riverside Hub,Downtown Drop,281.3,4.84,46.8,69.4,delivery
T05160,V087,D039,2025-11-18,Northgate DC,Westside Yard,291.9,7.3,38.6,65.57,service_run
T00006,V102,D038,2025-11-19,Airport Cargo,Downtown Drop,174.3,3.74,21.6,31.72,service_run
T00530,V116,D012,2025-11-19,Harbor Terminal,Airport Cargo,549.7,9.99,81.6,126.06,pickup
T00713,V003,D058,2025-11-19,Harbor Terminal,Riverside Hub,95.0,1.4,9.8,15.97,delivery
T00719,V018,D028,2025-11-19,Westside Yard,Harbor Terminal,380.7,8.69,58.8,92.76,service_run
T01158,V087,D039,2025-11-19,Harbor Terminal,Airport Cargo,109.3,1.83,12.4,20.62,service_run
T01731,V052,D065,2025-11-19,Eastfield Park,Harbor Terminal,485.9,10.44,46.6,77.08,service_run
T01748,V116,D012,2025-11-19,Westside Yard,Riverside Hub,443.8,8.32,46.1,77.43,service_run
T01904,V021,D037,2025-11-19,Westside Yard,Downtown Drop,270.6,4.78,30.2,43.85,transfer
T02250,V080,D054,2025-11-19,Riverside Hub,Westside Yard,93.2,1.6,11.1,16.98,delivery
T02339,V063,D010,2025-11-19,Downtown Drop,Eastfield Park,269.5,4.94,36.9,61.58,delivery
T02808,V087,D039,2025-11-19,Harbor Terminal,Westside Yard,109.0,1.86,10.4,17.5,pickup
T03074,V068,D025,2025-11-19,Northgate DC,Downtown Drop,455.5,7.61,67.7,106.14,delivery
T03337,V060,D005,2025-11-19,Eastfield Park,Riverside Hub,110.7,2.48,10.6,17.65,delivery
T03750,V003,D058,2025-11-19,Downtown Drop,Riverside Hub,370.7,6.36,35.5,52.97,transfer
T04422,V101,D017,2025-11-19,Downtown Drop,Westside Yard,192.5,3.44,27.9,44.68,delivery
T04638,V077,D029,2025-11-19,Airport Cargo,Westside Yard,71.0,1.7,9.9,15.52,delivery
T04915,V077,D029,2025-11-19,Harbor Terminal,Eastfield Park,174.3,3.51,18.2,28.51,service_run
T04922,V008,D046,2025-11-19,Eastfield Park,Westside Yard,543.9,7.92,57.6,97.79,delivery
T04998,V044,D020,2025-11-19,Westside Yard,Springfield Depot,266.7,4.43,29.9,48.65,transfer
T05024,V092,D044,2025-11-19,Downtown Drop,Eastfield Park,68.6,1.42,9.1,15.61,pickup
T00246,V092,D044,2025-11-20,Airport Cargo,Springfield Depot,216.9,3.71,25.3,41.92,delivery
T00459,V084,D013,2025-11-20,Harbor Terminal,Northgate DC,65.4,1.15,6.3,9.99,service_run
T00476,V074,D009,2025-11-20,Northgate DC,Downtown Drop,480.9,8.0,56.2,90.18,service_run
T00517,V059,D002,2025-11-20,Riverside Hub,Northgate DC,112.7,2.76,13.4,22.24,delivery
T00700,V060,D005,2025-11-20,Airport Cargo,Westside Yard,593.3,9.26,101.7,162.57,transfer
T01790,V116,D012,2025-11-20,Eastfield Park,Downtown Drop,37.0,0.62,3.5,5.84,delivery
T02058,V094,D078,2025-11-20,Downtown Drop,Riverside Hub,487.3,7.82,80.2,138.9,service_run
T02113,V037,D035,2025-11-20,Westside Yard,Downtown Drop,115.4,1.79,11.8,18.17,delivery
T02224,V038,D011,2025-11-20,Riverside Hub,Harbor Terminal,103.7,2.34,14.1,22.49,delivery
T02381,V021,D037,2025-11-20,Westside Yard,Airport Cargo,387.2,8.13,50.1,77.61,pickup
T02473,V113,D053,2025-11-20,Westside Yard,Springfield Depot,197.8,4.5,20.2,29.56,delivery
T02591,V041,D047,2025-11-20,Eastfield Park,Riverside Hub,436.7,6.72,54.9,89.33,delivery
T02638,V059,D002,2025-11-20,Harbor Terminal,Westside Yard,115.4,2.3,18.4,27.06,delivery
T04618,V047,D050,2025-11-20,Eastfield Park,Northgate DC,481.5,7.01,44.1,68.92,service_run
T04679,V048,D036,2025-11-20,Harbor Terminal,Riverside Hub,55.8,1.18,5.2,7.83,service_run
T00078,V059,D002,2025-11-21,Westside Yard,Harbor Terminal,575.5,14.49,75.4,126.15,delivery
T00586,V101,D017,2025-11-21,Riverside Hub,Airport Cargo,521.1,8.67,52.3,82.8,transfer
T00587,V002,D074,2025-11-21,Airport Cargo,Northgate DC,482.3,7.19,49.6,74.9,delivery
T01320,V037,D035,2025-11-21,Airport Cargo,Downtown Drop,298.8,5.2,29.4,45.87,delivery
T01499,V065,D080,2025-11-21,Springfield Depot,Downtown Drop,100.2,2.44,13.1,20.08,delivery
T01680,V114,D070,2025-11-21,Northgate DC,Riverside Hub,490.6,10.2,69.9,109.92,transfer
T01845,V080,D054,2025-11-21,Northgate DC,Riverside Hub,550.4,8.53,77.2,115.59,service_run
T01851,V077,D029,2025-11-21,Harbor Terminal,Airport Cargo,113.8,2.25,11.4,17.15,delivery
T01921,V003,D058,2025-11-21,Westside Yard,Eastfield Park,15.4,0.3,2.7,4.46,delivery
T02745,V021,D037,2025-11-21,Downtown Drop,Northgate DC,388.1,6.73,37.4,57.63,delivery
T02947,V113,D053,2025-11-21,Airport Cargo,Harbor Terminal,569.2,8.39,62.5,90.93,delivery
T03036,V043,D073,2025-11-21,Eastfield Park,Riverside Hub,22.8,0.54,2.9,4.49,delivery
T03046,V029,D060,2025-11-21,Airport Cargo,Eastfield Park,211.2,3.6,20.9,34.29,delivery
T03777,V053,D019,2025-11-21,Airport Cargo,Westside Yard,529.3,8.97,48.7,83.31,transfer
T03870,V082,D055,2025-11-21,Airport Cargo,Springfield Depot,615.4,11.37,93.1,145.43,delivery
T04078,V026,D021,2025-11-21,Airport Cargo,Northgate DC,220.2,3.21,20.2,32.43,service_run
T04342,V038,D011,2025-11-21,Eastfield Park,Downtown Drop,85.8,1.78,11.2,18.71,service_run
T04630,V077,D029,2025-11-21,Springfield Depot,Airport Cargo,436.1,7.09,50.5,86.8,service_run
T04781,V074,D009,2025-11-21,Airport Cargo,Springfield Depot,593.3,8.97,69.1,107.29,delivery
T00187,V050,D007,2025-11-22,Riverside Hub,Springfield Depot,236.6,3.49,26.8,40.54,pickup
T00430,V037,D035,2025-11-22,Harbor Terminal,Riverside Hub,257.6,6.31,32.8,51.18,transfer
T00477,V024,D079,2025-11-22,Eastfield Park,Downtown Drop,575.6,9.26,72.8,126.85,transfer
T01438,V080,D054,2025-11-22,Downtown Drop,Westside Yard,236.6,6.01,23.6,39.28,service_run
T01698,V004,D003,2025-11-22,Westside Yard,Airport Cargo,53.3,1.14,6.9,10.11,delivery
T01724,V105,D023,2025-11-22,Westside Yard,Eastfield Park,578.1,14.86,61.5,93.43,delivery
T01798,V019,D041,2025-11-22,Northgate DC,Airport Cargo,348.5,6.07,43.4,73.19,delivery
T01849,V081,D042,2025-11-22,Riverside Hub,Westside Yard,107.6,1.82,10.8,17.24,delivery
T01866,V094,D078,2025-11-22,Riverside Hub,Airport Cargo,420.1,6.43,40.4,69.04,pickup
T02144,V014,D031,2025-11-22,Airport Cargo,Riverside Hub,461.1,9.25,77.3,116.74,transfer
T02254,V008,D046,2025-11-22,Springfield Depot,Riverside Hub,392.1,5.98,46.5,73.89,pickup
T02556,V039,D045,2025-11-22,Harbor Terminal,Westside Yard,391.1,8.68,57.8,91.5,pickup
T02575,V105,D023,2025-11-22,Northgate DC,Harbor Terminal,394.0,8.9,43.6,64.84,service_run
T02781,V003,D058,2025-11-22,Northgate DC,Springfield Depot,357.3,5.52,53.8,84.4,delivery
T03324,V030,D022,2025-11-22,Springfield Depot,Harbor Terminal,524.7,12.52,53.2,89.68,delivery
T03480,V029,D060,2025-11-22,Riverside Hub,Harbor Terminal,166.0,2.4,27.9,43.36,service_run
T03518,V105,D023,2025-11-22,Northgate DC,Airport Cargo,44.6,0.74,6.8,11.22,transfer
T03918,V109,D051,2025-11-22,Harbor Terminal,Springfield Depot,448.9,6.94,48.9,78.1,delivery
T04154,V117,D027,2025-11-22,Downtown Drop,Westside Yard,580.5,12.11,71.3,123.4,delivery
T04513,V046,D071,2025-11-22,Harbor Terminal,Westside Yard,502.5,11.07,83.1,143.19,delivery
T04650,V010,D040,2025-11-22,Springfield Depot,Airport Cargo,102.8,1.69,11.6,18.04,pickup
T05081,V069,D066,2025-11-22,Northgate DC,Springfield Depot,275.7,4.89,30.1,50.31,transfer
T00675,V074,D009,2025-11-23,Westside Yard,Springfield Depot,270.7,5.55,35.7,59.04,transfer
T00686,V047,D050,2025-11-23,Springfield Depot,Airport Cargo,425.4,7.97,57.6,88.4,delivery
T00773,V084,D013,2025-11-23,Northgate DC,Westside Yard,499.8,9.9,57.6,96.1,pickup
T01348,V032,D062,2025-11-23,Northgate DC,Eastfield Park,16.3,0.23,2.5,3.9,service_run
T01369,V062,D056,2025-11-23,Harbor Terminal,Downtown Drop,315.5,7.56,36.3,55.19,pickup
T02091,V107,D015,2025-11-23,Springfield Depot,Downtown Drop,260.9,5.62,28.4,49.01,transfer
T02378,V040,D067,2025-11-23,Springfield Depot,Eastfield Park,437.5,10.62,44.1,73.16,pickup
T02511,V055,D059,2025-11-23,Harbor Terminal,Eastfield Park,83.8,1.68,12.8,21.89,transfer
T02620,V063,D010,2025-11-23,Springfield Depot,Riverside Hub,21.3,0.34,1.9,2.97,transfer
T02822,V003,D058,2025-11-23,Airport Cargo,Downtown Drop,568.1,11.44,61.7,101.11,delivery
T02870,V047,D050,2025-11-23,Airport Cargo,Northgate DC,491.6,10.47,73.5,107.07,pickup
T03063,V048,D036,2025-11-23,Springfield Depot,Westside Yard,445.6,11.69,42.7,64.95,transfer
T03129,V043,D073,2025-11-23,Airport Cargo,Westside Yard,510.3,10.9,63.8,110.44,transfer
T04333,V029,D060,2025-11-23,Westside Yard,Harbor Terminal,557.2,13.22,78.7,125.37,delivery
T04344,V070,D026,2025-11-23,Riverside Hub,Downtown Drop,249.5,5.41,30.7,51.75,pickup
T04704,V046,D071,2025-11-23,Springfield Depot,Eastfield Park,509.6,8.53,66.7,102.31,pickup
T04776,V052,D065,2025-11-23,Westside Yard,Downtown Drop,473.7,10.16,51.5,85.68,delivery
T04897,V081,D042,2025-11-23,Springfield Depot,Downtown Drop,517.0,9.07,60.8,94.21,delivery
T04919,V053,D019,2025-11-23,Westside Yard,Airport Cargo,321.5,5.74,56.4,97.05,service_run
T05148,V095,D034,2025-11-23,Downtown Drop,Eastfield Park,188.4,2.69,22.3,35.4,delivery
T00003,V032,D062,2025-11-24,Harbor Terminal,Downtown Drop,233.3,3.94,29.7,48.41,delivery
T00201,V081,D042,2025-11-24,Northgate DC,Eastfield Park,199.4,3.69,34.8,52.77,delivery
T00505,V040,D067,2025-11-24,Eastfield Park,Harbor Terminal,594.2,8.91,71.0,105.51,transfer
T00668,V053,D019,2025-11-24,Westside Yard,Eastfield Park,570.7,9.08,63.3,104.66,pickup
T00829,V027,D049,2025-11-24,Westside Yard,Eastfield Park,310.5,4.8,56.2,82.33,delivery
T00837,V060,D005,2025-11-24,Downtown Drop,Westside Yard,472.0,12.36,61.6,104.24,transfer
T00838,V104,D068,2025-11-24,Riverside Hub,Northgate DC,66.2,1.16,9.5,16.12,transfer
T01425,V028,D064,2025-11-24,Riverside Hub,Harbor Terminal,154.0,2.89,16.5,28.43,transfer
T01426,V029,D060,2025-11-24,Airport Cargo,Downtown Drop,328.4,7.81,38.8,66.83,transfer
T01439,V107,D015,2025-11-24,Eastfield Park,Harbor Terminal,261.1,5.29,38.3,67.01,transfer
T01714,V068,D025,2025-11-24,Harbor Terminal,Westside Yard,284.5,7.18,35.8,55.78,transfer
T01841,V045,D076,2025-11-24,Westside Yard,Springfield Depot,512.9,12.11,81.7,121.28,service_run
T02055,V082,D055,2025-11-24,Springfield Depot,Westside Yard,612.4,13.78,92.6,150.79,transfer
T02648,V087,D039,2025-11-24,Eastfield Park,Harbor Terminal,528.0,9.17,64.8,109.32,service_run
T02842,V102,D038,2025-11-24,Westside Yard,Harbor Terminal,89.6,1.59,15.2,22.9,transfer
T02925,V110,D072,2025-11-24,Harbor Terminal,Westside Yard,501.4,7.17,46.6,68.3,delivery
T02977,V053,D019,2025-11-24,Airport Cargo,Riverside Hub,290.3,4.44,41.6,72.02,delivery
T02985,V006,D006,2025-11-24,Eastfield Park,Springfield Depot,572.4,9.22,71.5,113.21,delivery
T03076,V052,D065,2025-11-24,Airport Cargo,Northgate DC,129.0,2.41,11.9,17.52,pickup
T03267,V107,D015,2025-11-24,Harbor Terminal,Riverside Hub,19.2,0.33,2.1,3.2,delivery
T03473,V053,D019,2025-11-24,Riverside Hub,Eastfield Park,608.7,11.18,66.1,105.6,delivery
T03476,V002,D074,2025-11-24,Northgate DC,Airport Cargo,551.4,9.44,75.0,119.53,pickup
T03921,V048,D036,2025-11-24,Springfield Depot,Airport Cargo,238.3,3.77,28.9,43.0,pickup
T04055,V094,D078,2025-11-24,Eastfield Park,Harbor Terminal,514.8,11.96,67.6,111.27,service_run
T04111,V028,D064,2025-11-24,Westside Yard,Northgate DC,105.9,2.08,9.8,16.72,service_run
T04392,V065,D080,2025-11-24,Northgate DC,Downtown Drop,459.7,8.78,82.8,139.69,service_run
T04562,V084,D013,2025-11-24,Eastfield Park,Springfield Depot,148.3,3.05,14.6,21.43,delivery
T04866,V019,D041,2025-11-24,Airport Cargo,Riverside Hub,383.7,7.75,39.4,67.17,transfer
T00418,V050,D007,2025-11-25,Riverside Hub,Northgate DC,311.7,5.62,41.2,65.61,delivery
T00536,V024,D079,2025-11-25,Downtown Drop,Airport Cargo,353.4,8.61,49.6,83.11,delivery
T00867,V004,D003,2025-11-25,Airport Cargo,Harbor Terminal,30.9,0.54,3.2,5.0,service_run
T01040,V018,D028,2025-11-25,Airport Cargo,Northgate DC,285.2,4.49,34.0,51.16,service_run
T01201,V027,D049,2025-11-25,Riverside Hub,Eastfield Park,441.0,10.77,66.8,115.93,delivery
T01466,V040,D067,2025-11-25,Downtown Drop,Airport Cargo,329.8,4.97,49.8,73.53,delivery
T01478,V087,D039,2025-11-25,Eastfield Park,Riverside Hub,261.7,5.16,28.0,41.59,pickup
T01561,V035,D069,2025-11-25,Eastfield Park,Downtown Drop,215.3,3.92,23.5,37.58,delivery
T02121,V029,D060,2025-11-25,Eastfield Park,Airport Cargo,86.3,1.95,12.6,20.09,delivery
T02328,V102,D038,2025-11-25,Eastfield Park,Airport Cargo,421.0,7.44,49.3,81.89,delivery
T02504,V032,D062,2025-11-25,Harbor Terminal,Northgate DC,575.5,14.37,61.6,106.37,pickup
T02748,V032,D062,2025-11-25,Riverside Hub,Springfield Depot,267.3,5.2,28.9,42.81,service_run
T02868,V018,D028,2025-11-25,Westside Yard,Springfield Depot,587.5,13.93,60.7,98.89,delivery
T03640,V114,D070,2025-11-25,Westside Yard,Eastfield Park,434.7,10.0,40.6,65.18,delivery
T03714,V048,D036,2025-11-25,Airport Cargo,Harbor Terminal,132.4,2.06,15.6,23.74,delivery
T04133,V019,D041,2025-11-25,Airport Cargo,Westside Yard,415.0,7.27,64.2,108.72,pickup
T04173,V048,D036,2025-11-25,Westside Yard,Riverside Hub,483.7,10.88,49.9,85.49,delivery
T04587,V107,D015,2025-11-25,Northgate DC,Airport Cargo,336.6,6.21,38.8,58.99,service_run
T05162,V007,D004,2025-11-25,Riverside Hub,Westside Yard,362.0,6.43,33.1,51.86,transfer
T00572,V104,D068,2025-11-26,Westside Yard,Downtown Drop,238.0,3.55,42.8,67.08,delivery
T01170,V063,D010,2025-11-26,Springfield Depot,Harbor Terminal,82.4,1.35,14.1,23.51,delivery
T01600,V007,D004,2025-11-26,Downtown Drop,Springfield Depot,607.8,12.68,78.8,122.07,transfer
T01856,V048,D036,2025-11-26,Airport Cargo,Springfield Depot,120.0,2.96,13.3,22.89,delivery
T01886,V052,D065,2025-11-26,Northgate DC,Downtown Drop,250.6,3.87,22.9,33.21,pickup
T01893,V004,D003,2025-11-26,Downtown Drop,Springfield Depot,147.7,2.4,18.8,31.46,service_run
T02296,V108,D063,2025-11-26,Harbor Terminal,Springfield Depot,214.5,4.25,25.2,36.91,service_run
T03259,V045,D076,2025-11-26,Downtown Drop,Westside Yard,146.1,2.13,14.4,21.98,delivery
T04086,V070,D026,2025-11-26,Downtown Drop,Northgate DC,198.4,3.38,18.7,29.35,delivery
T04415,V052,D065,2025-11-26,Downtown Drop,Eastfield Park,249.0,6.0,24.1,40.22,pickup
T04833,V006,D006,2025-11-26,Airport Cargo,Northgate DC,227.6,3.36,38.2,58.53,transfer
T05107,V063,D010,2025-11-26,Airport Cargo,Westside Yard,464.9,7.15,54.4,85.18,pickup
T00640,V081,D042,2025-11-27,Airport Cargo,Downtown Drop,608.6,9.9,83.0,140.53,service_run
T00732,V032,D062,2025-11-27,Northgate DC,Harbor Terminal,548.1,12.71,96.6,151.56,pickup
T01065,V010,D040,2025-11-27,Springfield Depot,Harbor Terminal,567.4,10.91,68.2,99.55,transfer
T01549,V019,D041,2025-11-27,Riverside Hub,Harbor Terminal,243.2,5.31,43.9,67.11,delivery
T01721,V074,D009,2025-11-27,Springfield Depot,Eastfield Park,21.4,0.44,2.1,3.26,service_run
T01764,V077,D029,2025-11-27,Harbor Terminal,Northgate DC,198.4,3.36,28.0,44.3,pickup
T01897,V012,D057,2025-11-27,Downtown Drop,Riverside Hub,287.9,4.48,34.1,57.18,delivery
T01996,V006,D006,2025-11-27,Westside Yard,Downtown Drop,72.9,1.3,10.7,15.55,pickup
T02109,V095,D034,2025-11-27,Downtown Drop,Airport Cargo,90.9,1.79,11.6,17.97,delivery
T02442,V092,D044,2025-11-27,Riverside Hub,Airport Cargo,421.8,9.96,38.6,57.6,pickup
T03625,V050,D007,2025-11-27,Springfield Depot,Northgate DC,471.6,7.42,52.3,79.41,delivery
T03816,V032,D062,2025-11-27,Northgate DC,Harbor Terminal,388.4,8.34,52.2,84.52,pickup
T03981,V077,D029,2025-11-27,Downtown Drop,Harbor Terminal,332.3,6.92,51.5,79.19,service_run
T03992,V008,D046,2025-11-27,Springfield Depot,Northgate DC,125.5,2.44,16.4,23.87,delivery
T04170,V006,D006,2025-11-27,Harbor Terminal,Northgate DC,210.8,3.42,37.9,59.94,pickup
T04317,V107,D015,2025-11-27,Harbor Terminal,Riverside Hub,584.4,10.3,60.5,102.86,delivery
T04556,V018,D028,2025-11-27,Westside Yard,Harbor Terminal,219.2,5.67,27.8,46.58,service_run
T04777,V028,D064,2025-11-27,Downtown Drop,Springfield Depot,257.9,6.28,45.8,79.42,service_run
T04801,V008,D046,2025-11-27,Riverside Hub,Downtown Drop,522.7,8.48,63.7,109.11,service_run
T04863,V013,D016,2025-11-27,Northgate DC,Airport Cargo,284.4,4.63,28.1,45.97,delivery
T05094,V028,D064,2025-11-27,Springfield Depot,Eastfield Park,16.8,0.34,1.9,2.95,service_run
T05142,V047,D050,2025-11-27,Westside Yard,Eastfield Park,567.7,11.4,69.1,119.32,pickup
T00216,V055,D059,2025-11-28,Springfield Depot,Harbor Terminal,393.6,5.76,38.1,57.82,delivery
T00484,V098,D018,2025-11-28,Northgate DC,Harbor Terminal,252.9,6.35,44.3,72.63,service_run
T00512,V053,D019,2025-11-28,Riverside Hub,Airport Cargo,207.6,5.33,24.3,39.85,delivery
T00755,V081,D042,2025-11-28,Downtown Drop,Airport Cargo,581.6,12.97,77.7,117.59,delivery
T01506,V108,D063,2025-11-28,Airport Cargo,Eastfield Park,258.6,4.74,24.3,41.12,delivery
T01894,V002,D074,2025-11-28,Northgate DC,Harbor Terminal,18.3,0.38,1.7,2.74,delivery
T02419,V019,D041,2025-11-28,Eastfield Park,Harbor Terminal,592.8,13.19,57.8,85.09,delivery
T02475,V018,D028,2025-11-28,Northgate DC,Westside Yard,16.2,0.29,1.8,2.79,delivery
T02983,V004,D003,2025-11-28,Downtown Drop,Airport Cargo,184.9,3.23,26.0,44.54,pickup
T03178,V030,D022,2025-11-28,Northgate DC,Downtown Drop,585.2,9.39,56.2,88.14,delivery
T03446,V110,D072,2025-11-28,Westside Yard,Harbor Terminal,445.0,6.41,43.2,69.73,delivery
T04048,V050,D007,2025-11-28,Downtown Drop,Eastfield Park,597.6,14.98,93.8,144.27,delivery
T04285,V046,D071,2025-11-28,Harbor Terminal,Riverside Hub,404.8,6.55,38.8,65.53,pickup
T04509,V074,D009,2025-11-28,Harbor Terminal,Airport Cargo,527.7,7.94,48.6,80.27,delivery
T04964,V105,D023,2025-11-28,Downtown Drop,Northgate DC,278.1,5.91,30.6,49.02,service_run
T05043,V012,D057,2025-11-28,Westside Yard,Airport Cargo,514.3,8.62,58.9,99.37,service_run
T05053,V102,D038,2025-11-28,Westside Yard,Eastfield Park,179.9,4.21,26.4,45.18,pickup
T00130,V019,D041,2025-11-29,Springfield Depot,Westside Yard,174.2,3.46,23.1,40.32,transfer
T00469,V063,D010,2025-11-29,Eastfield Park,Springfield Depot,177.0,3.29,19.5,33.77,delivery
T00475,V007,D004,2025-11-29,Airport Cargo,Springfield Depot,219.3,3.92,35.8,57.13,delivery
T01042,V040,D067,2025-11-29,Harbor Terminal,Springfield Depot,563.2,12.61,90.4,137.7,transfer
T01291,V116,D012,2025-11-29,Harbor Terminal,Downtown Drop,167.2,3.54,24.0,38.5,delivery
T01487,V082,D055,2025-11-29,Downtown Drop,Harbor Terminal,619.1,13.92,100.8,148.62,delivery
T01516,V014,D031,2025-11-29,Eastfield Park,Airport Cargo,450.2,7.82,49.2,78.61,transfer
T01677,V004,D003,2025-11-29,Downtown Drop,Airport Cargo,433.5,10.4,56.9,98.04,transfer
T01727,V059,D002,2025-11-29,Riverside Hub,Eastfield Park,58.6,0.84,8.2,12.72,transfer
T01883,V035,D069,2025-11-29,Northgate DC,Springfield Depot,510.4,7.46,85.6,128.56,delivery
T02295,V109,D051,2025-11-29,Northgate DC,Riverside Hub,527.6,11.84,54.1,86.98,transfer
T02307,V008,D046,2025-11-29,Downtown Drop,Riverside Hub,288.8,7.32,26.8,43.86,delivery
T02372,V069,D066,2025-11-29,Harbor Terminal,Downtown Drop,455.8,9.65,41.9,69.34,transfer
T03041,V050,D007,2025-11-29,Downtown Drop,Airport Cargo,585.4,12.6,76.6,121.74,delivery
T03807,V063,D010,2025-11-29,Harbor Terminal,Downtown Drop,55.0,0.8,6.8,11.5,service_run
T04252,V037,D035,2025-11-29,Riverside Hub,Northgate DC,154.8,2.27,19.3,28.87,delivery
T04986,V055,D059,2025-11-29,Riverside Hub,Downtown Drop,546.6,12.57,95.8,157.32,delivery
T00089,V002,D074,2025-11-30,Airport Cargo,Downtown Drop,142.5,2.38,15.9,27.04,delivery
T00265,V006,D006,2025-11-30,Eastfield Park,Downtown Drop,302.6,6.96,40.7,68.39,transfer
T00361,V068,D025,2025-11-30,Downtown Drop,Springfield Depot,579.6,15.17,66.2,108.68,delivery
T00527,V038,D011,2025-11-30,Northgate DC,Eastfield Park,370.8,5.46,38.6,65.88,transfer
T00535,V063,D010,2025-11-30,Eastfield Park,Springfield Depot,488.5,10.25,83.6,136.92,delivery
T00551,V098,D018,2025-11-30,Northgate DC,Downtown Drop,86.7,1.97,8.4,13.52,service_run
T00969,V012,D057,2025-11-30,Northgate DC,Westside Yard,131.7,2.83,13.6,20.42,delivery
T01037,V003,D058,2025-11-30,Airport Cargo,Riverside Hub,222.1,4.73,30.8,51.85,delivery
T01079,V062,D056,2025-11-30,Harbor Terminal,Riverside Hub,277.7,3.97,27.3,40.28,service_run
T01209,V077,D029,2025-11-30,Westside Yard,Airport Cargo,359.4,7.27,37.8,64.01,delivery
T01579,V081,D042,2025-11-30,Springfield Depot,Downtown Drop,505.3,7.45,52.9,88.06,transfer
T01605,V045,D076,2025-11-30,Riverside Hub,Downtown Drop,135.2,2.64,15.5,25.28,service_run
T02374,V046,D071,2025-11-30,Downtown Drop,Westside Yard,167.9,2.72,22.4,33.04,service_run
T02554,V047,D050,2025-11-30,Springfield Depot,Downtown Drop,349.6,5.13,41.8,71.31,transfer
T03666,V040,D067,2025-11-30,Westside Yard,Springfield Depot,351.4,6.6,52.3,79.12,delivery
T04205,V070,D026,2025-11-30,Northgate DC,Eastfield Park,488.3,10.45,50.1,82.2,transfer
T04570,V019,D041,2025-11-30,Riverside Hub,Northgate DC,520.4,13.49,68.5,102.6,transfer
T00084,V116,D012,2025-12-01,Downtown Drop,Springfield Depot,490.7,9.98,77.0,132.06,service_run
T00921,V098,D018,2025-12-01,Northgate DC,Springfield Depot,311.9,6.07,35.2,53.82,pickup
T00952,V035,D069,2025-12-01,Airport Cargo,Northgate DC,227.0,3.91,26.5,45.8,delivery
T01237,V094,D078,2025-12-01,Airport Cargo,Riverside Hub,39.3,0.69,4.5,6.53,service_run
T01278,V095,D034,2025-12-01,Westside Yard,Airport Cargo,54.4,1.07,7.8,13.46,delivery
T01334,V113,D053,2025-12-01,Downtown Drop,Northgate DC,619.2,10.47,97.6,154.4,service_run
T01494,V052,D065,2025-12-01,Eastfield Park,Riverside Hub,602.0,14.74,91.3,136.02,delivery
T01601,V006,D006,2025-12-01,Eastfield Park,Westside Yard,496.0,9.37,85.8,147.93,delivery
T01745,V037,D035,2025-12-01,Riverside Hub,Harbor Terminal,228.3,4.05,21.7,34.65,delivery
T01749,V044,D020,2025-12-01,Northgate DC,Harbor Terminal,346.2,5.16,45.8,73.0,delivery
T01807,V048,D036,2025-12-01,Springfield Depot,Northgate DC,532.3,10.5,86.8,146.51,delivery
T01943,V038,D011,2025-12-01,Eastfield Park,Riverside Hub,228.3,5.96,35.4,60.11,pickup
T02089,V108,D063,2025-12-01,Westside Yard,Riverside Hub,535.1,8.74,57.0,99.18,pickup
T02262,V002,D074,2025-12-01,Riverside Hub,Airport Cargo,281.9,5.23,30.5,45.08,pickup
T03179,V021,D037,2025-12-01,Riverside Hub,Northgate DC,384.2,5.94,40.9,63.9,delivery
T03674,V059,D002,2025-12-01,Harbor Terminal,Springfield Depot,296.2,4.34,53.2,92.03,delivery
T03846,V095,D034,2025-12-01,Westside Yard,Riverside Hub,449.6,8.23,60.4,104.37,delivery
T03886,V068,D025,2025-12-01,Harbor Terminal,Northgate DC,468.2,7.23,50.1,78.56,delivery
T04146,V029,D060,2025-12-01,Westside Yard,Springfield Depot,333.4,5.46,51.7,80.44,pickup
T04726,V092,D044,2025-12-01,Riverside Hub,Airport Cargo,414.3,8.27,63.1,91.89,service_run
T05000,V059,D002,2025-12-01,Downtown Drop,Springfield Depot,525.8,10.4,75.8,118.36,service_run
T00182,V035,D069,2025-12-02,Harbor Terminal,Eastfield Park,336.3,6.76,42.2,61.2,service_run
T00543,V041,D047,2025-12-02,Eastfield Park,Harbor Terminal,221.6,3.68,24.2,41.28,transfer
T01144,V080,D054,2025-12-02,Eastfield Park,Riverside Hub,593.2,10.76,90.7,158.07,delivery
T01272,V101,D017,2025-12-02,Downtown Drop,Eastfield Park,318.8,4.72,39.6,65.19,delivery
T01710,V039,D045,2025-12-02,Westside Yard,Airport Cargo,298.3,6.46,41.8,70.19,delivery
T01942,V018,D028,2025-12-02,Northgate DC,Airport Cargo,431.5,6.35,63.3,101.53,transfer
T01973,V050,D007,2025-12-02,Riverside Hub,Springfield Depot,509.3,7.65,55.0,90.04,service_run
T01995,V029,D060,2025-12-02,Springfield Depot,Eastfield Park,360.6,7.38,54.8,87.28,delivery
T02024,V003,D058,2025-12-02,Airport Cargo,Northgate DC,234.6,4.58,32.2,46.98,delivery
T02035,V095,D034,2025-12-02,Harbor Terminal,Eastfield Park,227.3,3.73,36.7,53.34,service_run
T02278,V098,D018,2025-12-02,Riverside Hub,Springfield Depot,137.1,3.6,12.7,21.59,delivery
T02528,V063,D010,2025-12-02,Springfield Depot,Riverside Hub,401.0,8.31,40.3,69.01,delivery
T02795,V080,D054,2025-12-02,Harbor Terminal,Northgate DC,107.7,2.62,11.7,18.04,delivery
T02899,V047,D050,2025-12-02,Eastfield Park,Westside Yard,122.6,2.34,13.5,22.65,service_run
T02945,V080,D054,2025-12-02,Eastfield Park,Springfield Depot,540.4,13.28,73.5,113.29,pickup
T03363,V092,D044,2025-12-02,Riverside Hub,Downtown Drop,458.9,6.76,54.8,87.87,delivery
T03410,V059,D002,2025-12-02,Northgate DC,Westside Yard,47.3,0.88,7.9,11.56,transfer
T03865,V069,D066,2025-12-02,Eastfield Park,Airport Cargo,442.8,7.31,67.0,103.86,transfer
T03889,V003,D058,2025-12-02,Eastfield Park,Harbor Terminal,318.8,5.31,39.4,66.17,delivery
T04327,V105,D023,2025-12-02,Harbor Terminal,Springfield Depot,615.2,12.74,78.4,133.67,delivery
T04512,V052,D065,2025-12-02,Northgate DC,Downtown Drop,422.2,6.13,40.8,68.19,delivery
T04565,V094,D078,2025-12-02,Airport Cargo,Springfield Depot,537.1,9.87,84.9,142.23,transfer
T04708,V095,D034,2025-12-02,Northgate DC,Downtown Drop,305.2,5.82,45.4,79.03,delivery
T04735,V044,D020,2025-12-02,Airport Cargo,Northgate DC,430.3,6.17,72.1,119.97,delivery
T00090,V098,D018,2025-12-03,Eastfield Park,Westside Yard,466.9,9.6,73.6,108.65,delivery
T00172,V084,D013,2025-12-03,Harbor Terminal,Downtown Drop,343.6,6.84,52.9,76.91,service_run
T00747,V019,D041,2025-12-03,Harbor Terminal,Airport Cargo,123.4,1.78,12.7,21.32,pickup
T00858,V092,D044,2025-12-03,Eastfield Park,Riverside Hub,221.1,3.42,23.9,38.74,pickup
T00892,V094,D078,2025-12-03,Northgate DC,Springfield Depot,403.3,8.32,39.1,65.94,delivery
T00990,V084,D013,2025-12-03,Springfield Depot,Riverside Hub,224.9,3.39,24.5,36.83,delivery
T01026,V082,D055,2025-12-03,Riverside Hub,Westside Yard,488.7,7.78,45.4,74.64,transfer
T01396,V008,D046,2025-12-03,Airport Cargo,Northgate DC,428.9,6.24,68.8,111.62,service_run
T01729,V082,D055,2025-12-03,Eastfield Park,Harbor Terminal,35.1,0.52,4.5,6.54,delivery
T02075,V080,D054,2025-12-03,Downtown Drop,Westside Yard,243.1,5.14,25.7,42.76,delivery
T02276,V110,D072,2025-12-03,Springfield Depot,Downtown Drop,380.8,6.4,45.4,70.34,delivery
T03593,V027,D049,2025-12-03,Westside Yard,Harbor Terminal,561.4,10.89,70.8,118.75,pickup
T03594,V044,D020,2025-12-03,Airport Cargo,Riverside Hub,68.0,0.98,7.7,11.41,delivery
T04538,V046,D071,2025-12-03,Harbor Terminal,Downtown Drop,494.8,9.19,74.2,127.55,delivery
T04872,V018,D028,2025-12-03,Riverside Hub,Airport Cargo,355.3,6.12,40.0,64.16,delivery
T00093,V008,D046,2025-12-04,Harbor Terminal,Downtown Drop,231.4,3.86,28.0,45.7,delivery
T00099,V105,D023,2025-12-04,Riverside Hub,Eastfield Park,190.8,3.12,32.5,51.88,delivery
T00436,V050,D007,2025-12-04,Westside Yard,Riverside Hub,72.6,1.37,12.5,19.45,transfer
T01030,V068,D025,2025-12-04,Airport Cargo,Downtown Drop,292.2,6.31,31.1,47.85,pickup
T01156,V063,D010,2025-12-04,Springfield Depot,Eastfield Park,447.0,6.62,54.4,82.24,service_run
T01689,V109,D051,2025-12-04,Downtown Drop,Riverside Hub,235.3,4.74,31.2,53.14,transfer
T01734,V003,D058,2025-12-04,Westside Yard,Northgate DC,313.4,7.43,28.7,44.98,delivery
T02222,V045,D076,2025-12-04,Westside Yard,Downtown Drop,412.3,8.09,50.6,73.56,pickup
T02422,V007,D004,2025-12-04,Airport Cargo,Northgate DC,545.1,12.79,61.9,107.49,delivery
T02606,V069,D066,2025-12-04,Springfield Depot,Northgate DC,278.7,5.72,33.9,56.4,service_run
T02966,V045,D076,2025-12-04,Springfield Depot,Westside Yard,521.7,12.17,50.7,83.84,service_run
T03004,V095,D034,2025-12-04,Eastfield Park,Riverside Hub,266.2,4.76,26.2,44.18,service_run
T03091,V046,D071,2025-12-04,Downtown Drop,Eastfield Park,463.1,7.88,72.7,108.61,delivery
T04061,V098,D018,2025-12-04,Westside Yard,Harbor Terminal,297.1,4.47,32.4,49.31,transfer
T04209,V043,D073,2025-12-04,Riverside Hub,Airport Cargo,316.2,4.58,56.7,98.53,transfer
T04451,V077,D029,2025-12-04,Springfield Depot,Eastfield Park,208.4,4.73,27.7,41.47,pickup
T04617,V045,D076,2025-12-04,Springfield Depot,Downtown Drop,447.6,9.38,75.6,121.24,delivery
T04738,V101,D017,2025-12-04,Springfield Depot,Northgate DC,406.6,9.88,54.0,84.76,pickup
T05100,V114,D070,2025-12-04,Downtown Drop,Airport Cargo,434.6,8.34,43.6,63.57,service_run
T00560,V052,D065,2025-12-05,Riverside Hub,Downtown Drop,232.3,4.96,39.0,59.21,delivery
T00701,V114,D070,2025-12-05,Downtown Drop,Harbor Terminal,115.1,1.83,12.0,18.84,delivery
T00862,V059,D002,2025-12-05,Harbor Terminal,Airport Cargo,338.3,5.85,49.5,79.88,delivery
T01368,V010,D040,2025-12-05,Downtown Drop,Springfield Depot,500.4,9.26,71.4,123.93,service_run
T01384,V077,D029,2025-12-05,Downtown Drop,Springfield Depot,316.5,8.15,33.1,50.83,delivery
T01881,V081,D042,2025-12-05,Springfield Depot,Westside Yard,217.8,3.67,31.4,48.73,delivery
T02185,V030,D022,2025-12-05,Downtown Drop,Airport Cargo,296.9,5.49,35.1,60.66,pickup
T02432,V010,D040,2025-12-05,Westside Yard,Riverside Hub,444.5,9.14,74.7,117.52,service_run
T03672,V043,D073,2025-12-05,Eastfield Park,Northgate DC,506.8,12.16,50.9,79.31,transfer
T04275,V044,D020,2025-12-05,Eastfield Park,Springfield Depot,568.8,8.42,53.4,84.96,service_run
T04627,V004,D003,2025-12-05,Springfield Depot,Riverside Hub,145.3,3.73,18.2,29.48,transfer
T04633,V077,D029,2025-12-05,Riverside Hub,Eastfield Park,505.1,11.2,47.2,70.22,transfer
T04830,V094,D078,2025-12-05,Westside Yard,Eastfield Park,439.7,7.34,58.7,100.23,delivery
T05126,V032,D062,2025-12-05,Northgate DC,Airport Cargo,404.3,8.41,50.4,74.69,service_run
T05149,V117,D027,2025-12-05,Eastfield Park,Westside Yard,261.3,5.02,31.1,47.15,pickup
T05199,V094,D078,2025-12-05,Springfield Depot,Harbor Terminal,417.2,7.57,74.0,123.37,delivery
T00198,V044,D020,2025-12-06,Northgate DC,Airport Cargo,452.8,7.03,45.9,76.05,transfer
T00269,V038,D011,2025-12-06,Eastfield Park,Springfield Depot,462.3,8.12,49.1,78.01,transfer
T00457,V010,D040,2025-12-06,Downtown Drop,Airport Cargo,570.0,13.89,68.5,112.91,transfer
T00580,V080,D054,2025-12-06,Westside Yard,Airport Cargo,472.0,9.0,57.0,86.97,transfer
T00671,V018,D028,2025-12-06,Northgate DC,Harbor Terminal,456.6,11.46,42.7,71.44,transfer
T00805,V043,D073,2025-12-06,Airport Cargo,Springfield Depot,60.5,1.02,7.4,11.77,pickup
T00873,V027,D049,2025-12-06,Airport Cargo,Eastfield Park,61.2,1.01,5.7,9.66,delivery
T00891,V024,D079,2025-12-06,Riverside Hub,Eastfield Park,321.7,7.22,52.5,85.11,service_run
T00935,V018,D028,2025-12-06,Downtown Drop,Springfield Depot,59.7,1.55,6.3,10.7,transfer
T01245,V048,D036,2025-12-06,Springfield Depot,Harbor Terminal,387.9,9.8,37.4,54.36,delivery
T01373,V013,D016,2025-12-06,Springfield Depot,Riverside Hub,609.6,15.2,59.2,99.52,delivery
T02156,V053,D019,2025-12-06,Harbor Terminal,Northgate DC,480.0,9.28,74.7,115.83,delivery
T02162,V108,D063,2025-12-06,Harbor Terminal,Airport Cargo,173.4,2.66,22.1,36.26,service_run
T02344,V024,D079,2025-12-06,Eastfield Park,Springfield Depot,203.4,3.46,28.3,46.99,delivery
T02656,V110,D072,2025-12-06,Airport Cargo,Downtown Drop,272.7,4.56,33.2,49.85,pickup
T02695,V069,D066,2025-12-06,Springfield Depot,Westside Yard,343.4,8.36,41.5,66.29,delivery
T02734,V077,D029,2025-12-06,Northgate DC,Eastfield Park,320.8,5.89,49.1,74.08,pickup
T03148,V094,D078,2025-12-06,Westside Yard,Harbor Terminal,208.0,3.17,20.1,31.14,pickup
T03201,V113,D053,2025-12-06,Springfield Depot,Northgate DC,71.2,1.14,6.6,10.94,pickup
T03725,V110,D072,2025-12-06,Westside Yard,Downtown Drop,382.1,6.26,65.7,108.59,delivery
T03928,V084,D013,2025-12-06,Downtown Drop,Northgate DC,451.7,7.79,66.4,96.61,service_run
T03969,V069,D066,2025-12-06,Westside Yard,Eastfield Park,206.7,3.9,20.0,32.18,service_run
T03997,V104,D068,2025-12-06,Springfield Depot,Westside Yard,499.2,9.45,55.3,83.03,transfer
T04071,V081,D042,2025-12-06,Downtown Drop,Eastfield Park,208.5,4.28,19.6,29.31,delivery
T04259,V021,D037,2025-12-06,Springfield Depot,Northgate DC,495.1,11.21,51.0,77.57,delivery
T04300,V059,D002,2025-12-06,Riverside Hub,Harbor Terminal,272.7,5.56,30.3,46.38,service_run
T04437,V081,D042,2025-12-06,Downtown Drop,Eastfield Park,278.5,4.04,35.8,57.73,pickup
T04759,V007,D004,2025-12-06,Airport Cargo,Northgate DC,438.9,6.51,42.8,64.16,delivery
T05030,V045,D076,2025-12-06,Springfield Depot,Airport Cargo,223.5,5.8,21.0,36.07,delivery
T00798,V087,D039,2025-12-07,Springfield Depot,Airport Cargo,351.7,7.4,48.7,84.99,pickup
T00860,V014,D031,2025-12-07,Riverside Hub,Springfield Depot,92.0,1.71,11.0,16.12,transfer
T01005,V050,D007,2025-12-07,Riverside Hub,Downtown Drop,521.3,11.81,66.1,101.02,delivery
T01208,V098,D018,2025-12-07,Eastfield Park,Springfield Depot,422.8,6.1,40.5,66.92,delivery
T01599,V032,D062,2025-12-07,Airport Cargo,Downtown Drop,228.7,5.39,39.1,66.71,delivery
T02245,V041,D047,2025-12-07,Downtown Drop,Westside Yard,283.5,7.03,48.5,79.31,delivery
T02333,V087,D039,2025-12-07,Riverside Hub,Eastfield Park,106.3,2.55,12.1,19.84,service_run
T02413,V113,D053,2025-12-07,Downtown Drop,Westside Yard,616.1,9.17,100.9,168.06,transfer
T02464,V055,D059,2025-12-07,Riverside Hub,Westside Yard,289.9,5.97,46.8,71.32,pickup
T02735,V063,D010,2025-12-07,Westside Yard,Eastfield Park,226.3,5.22,21.1,31.35,transfer
T02955,V006,D006,2025-12-07,Harbor Terminal,Eastfield Park,191.1,2.81,26.5,46.26,pickup
T03153,V048,D036,2025-12-07,Northgate DC,Downtown Drop,420.3,7.28,41.5,67.09,pickup
T03438,V117,D027,2025-12-07,Springfield Depot,Riverside Hub,218.6,5.5,29.7,47.64,transfer
T03459,V041,D047,2025-12-07,Airport Cargo,Riverside Hub,71.2,1.81,9.5,14.93,delivery
T03698,V039,D045,2025-12-07,Eastfield Park,Downtown Drop,563.5,11.83,54.2,78.69,delivery
T04084,V045,D076,2025-12-07,Downtown Drop,Northgate DC,453.0,8.82,65.4,108.31,pickup
T04102,V021,D037,2025-12-07,Springfield Depot,Harbor Terminal,415.4,9.15,71.2,108.59,service_run
T05122,V080,D054,2025-12-07,Eastfield Park,Downtown Drop,569.4,10.11,54.1,90.58,service_run
T05170,V044,D020,2025-12-07,Eastfield Park,Airport Cargo,493.0,11.36,85.8,128.1,pickup
T00338,V043,D073,2025-12-08,Springfield Depot,Harbor Terminal,390.4,5.72,53.1,87.74,delivery
T01877,V094,D078,2025-12-08,Riverside Hub,Eastfield Park,550.9,8.62,74.2,110.57,service_run
T01955,V102,D038,2025-12-08,Harbor Terminal,Northgate DC,294.6,4.36,27.8,47.07,delivery
T02056,V010,D040,2025-12-08,Springfield Depot,Riverside Hub,69.1,1.45,9.8,16.96,delivery
T02776,V041,D047,2025-12-08,Westside Yard,Eastfield Park,582.3,9.21,80.1,124.07,service_run
T02832,V110,D072,2025-12-08,Northgate DC,Springfield Depot,172.4,2.53,18.8,28.73,transfer
T03005,V114,D070,2025-12-08,Airport Cargo,Springfield Depot,99.3,2.51,16.6,27.75,transfer
T03276,V044,D020,2025-12-08,Northgate DC,Springfield Depot,434.5,7.62,77.2,120.6,transfer
T03898,V094,D078,2025-12-08,Harbor Terminal,Springfield Depot,535.1,9.54,68.8,108.44,service_run
T03902,V028,D064,2025-12-08,Downtown Drop,Harbor Terminal,589.0,11.23,65.3,109.16,delivery
T04180,V006,D006,2025-12-08,Airport Cargo,Westside Yard,25.4,0.58,3.2,5.55,pickup
T04270,V059,D002,2025-12-08,Westside Yard,Airport Cargo,416.9,10.23,48.0,74.45,delivery
T04459,V101,D017,2025-12-08,Riverside Hub,Eastfield Park,105.0,1.97,10.4,16.98,delivery
T04510,V018,D028,2025-12-08,Westside Yard,Eastfield Park,617.6,10.96,110.6,172.06,service_run
T05099,V021,D037,2025-12-08,Westside Yard,Riverside Hub,566.6,10.09,65.8,107.78,delivery
T00159,V117,D027,2025-12-09,Riverside Hub,Westside Yard,77.9,1.15,8.8,13.79,delivery
T00583,V013,D016,2025-12-09,Eastfield Park,Riverside Hub,346.8,6.54,50.8,77.91,delivery
T00650,V026,D021,2025-12-09,Airport Cargo,Springfield Depot,88.8,1.56,9.8,17.11,pickup
T00660,V104,D068,2025-12-09,Northgate DC,Harbor Terminal,586.6,13.18,63.6,104.23,delivery
T00907,V114,D070,2025-12-09,Westside Yard,Eastfield Park,107.1,1.82,19.3,30.18,pickup
T00941,V030,D022,2025-12-09,Eastfield Park,Harbor Terminal,72.7,1.58,11.3,16.86,transfer
T00994,V105,D023,2025-12-09,Downtown Drop,Eastfield Park,224.5,3.52,23.6,35.36,delivery
T01165,V039,D045,2025-12-09,Airport Cargo,Eastfield Park,476.3,8.26,47.9,75.75,delivery
T01197,V053,D019,2025-12-09,Riverside Hub,Downtown Drop,567.6,9.57,53.8,83.15,transfer
T01347,V021,D037,2025-12-09,Northgate DC,Harbor Terminal,64.8,1.25,6.8,11.69,service_run
T01431,V006,D006,2025-12-09,Riverside Hub,Springfield Depot,210.1,3.5,21.7,34.59,delivery
T01455,V014,D031,2025-12-09,Eastfield Park,Downtown Drop,570.5,8.3,64.4,112.53,delivery
T02003,V053,D019,2025-12-09,Springfield Depot,Harbor Terminal,100.9,2.16,10.6,17.73,pickup
T02164,V081,D042,2025-12-09,Westside Yard,Airport Cargo,343.1,7.43,43.0,67.69,pickup
T02533,V101,D017,2025-12-09,Northgate DC,Westside Yard,103.6,1.58,18.0,26.86,delivery
T02884,V002,D074,2025-12-09,Harbor Terminal,Northgate DC,452.5,6.62,55.3,81.29,delivery
T03107,V053,D019,2025-12-09,Riverside Hub,Harbor Terminal,522.3,9.11,53.0,92.39,transfer
T03378,V021,D037,2025-12-09,Westside Yard,Northgate DC,432.0,7.01,45.5,77.17,service_run
T03424,V048,D036,2025-12-09,Westside Yard,Eastfield Park,274.0,4.73,28.6,48.58,delivery
T03535,V045,D076,2025-12-09,Downtown Drop,Northgate DC,281.5,4.2,35.1,50.98,delivery
T03697,V101,D017,2025-12-09,Downtown Drop,Riverside Hub,414.5,7.66,46.0,76.39,pickup
T03776,V077,D029,2025-12-09,Westside Yard,Airport Cargo,329.7,5.18,42.0,63.79,delivery
T03795,V021,D037,2025-12-09,Riverside Hub,Downtown Drop,257.5,4.97,31.1,53.71,service_run
T03860,V010,D040,2025-12-09,Northgate DC,Downtown Drop,414.1,9.62,41.7,66.47,service_run
T04388,V021,D037,2025-12-09,Airport Cargo,Downtown Drop,410.4,9.04,72.6,122.99,service_run
T04810,V109,D051,2025-12-09,Airport Cargo,Westside Yard,519.2,8.06,92.5,147.53,delivery
T04991,V082,D055,2025-12-09,Northgate DC,Springfield Depot,516.3,12.71,67.7,114.95,delivery
T00007,V021,D037,2025-12-10,Downtown Drop,Eastfield Park,419.2,7.37,42.2,68.2,pickup
T00289,V069,D066,2025-12-10,Northgate DC,Downtown Drop,600.2,11.14,68.4,119.57,pickup
T00884,V055,D059,2025-12-10,Harbor Terminal,Northgate DC,619.3,11.0,63.6,92.96,delivery
T01421,V024,D079,2025-12-10,Northgate DC,Airport Cargo,477.5,11.51,71.6,108.74,delivery
T01448,V004,D003,2025-12-10,Harbor Terminal,Downtown Drop,299.2,6.33,41.6,67.5,transfer
T01661,V109,D051,2025-12-10,Downtown Drop,Eastfield Park,287.7,6.45,27.5,45.36,service_run
T02011,V028,D064,2025-12-10,Downtown Drop,Harbor Terminal,279.5,4.54,48.7,81.78,delivery
T02283,V059,D002,2025-12-10,Eastfield Park,Downtown Drop,455.4,7.51,79.8,133.14,delivery
T02379,V048,D036,2025-12-10,Westside Yard,Springfield Depot,203.8,3.0,23.4,35.69,pickup
T02693,V010,D040,2025-12-10,Riverside Hub,Springfield Depot,527.0,13.57,59.1,99.15,transfer
T02782,V007,D004,2025-12-10,Eastfield Park,Westside Yard,474.0,8.11,64.9,97.46,delivery
T02818,V053,D019,2025-12-10,Westside Yard,Downtown Drop,600.1,14.49,88.7,133.77,delivery
T03885,V117,D027,2025-12-10,Harbor Terminal,Downtown Drop,373.0,6.51,35.9,62.3,pickup
T04370,V004,D003,2025-12-10,Harbor Terminal,Eastfield Park,232.8,4.95,21.6,35.47,transfer
T04690,V116,D012,2025-12-10,Northgate DC,Harbor Terminal,129.9,2.11,12.4,19.91,delivery
T04705,V007,D004,2025-12-10,Northgate DC,Harbor Terminal,182.6,2.75,16.7,24.22,delivery
T04970,V052,D065,2025-12-10,Springfield Depot,Westside Yard,93.7,1.44,16.1,26.65,delivery
T05121,V038,D011,2025-12-10,Northgate DC,Airport Cargo,30.9,0.66,3.7,6.39,delivery
T00253,V092,D044,2025-12-11,Eastfield Park,Downtown Drop,315.7,4.61,46.4,70.29,delivery
T00257,V008,D046,2025-12-11,Riverside Hub,Harbor Terminal,216.6,3.46,20.8,34.81,delivery
T00463,V061,D001,2025-12-11,Riverside Hub,Downtown Drop,90.7,2.36,16.3,28.38,delivery
T00655,V035,D069,2025-12-11,Springfield Depot,Eastfield Park,355.3,5.12,34.9,55.9,delivery
T00971,V105,D023,2025-12-11,Riverside Hub,Springfield Depot,357.5,8.15,44.4,65.53,delivery
T01199,V047,D050,2025-12-11,Springfield Depot,Westside Yard,537.5,8.42,96.8,165.63,transfer
T01269,V109,D051,2025-12-11,Riverside Hub,Eastfield Park,302.3,4.94,35.6,59.26,delivery
T01349,V074,D009,2025-12-11,Westside Yard,Springfield Depot,39.5,1.01,3.8,6.17,delivery
T01376,V004,D003,2025-12-11,Westside Yard,Riverside Hub,615.2,11.25,96.2,159.39,delivery
T01508,V035,D069,2025-12-11,Westside Yard,Springfield Depot,615.3,9.79,66.6,107.34,pickup
T01812,V080,D054,2025-12-11,Riverside Hub,Springfield Depot,274.0,4.88,29.0,50.04,delivery
T02108,V039,D045,2025-12-11,Downtown Drop,Riverside Hub,111.8,2.28,12.9,18.89,transfer
T02181,V047,D050,2025-12-11,Westside Yard,Northgate DC,423.1,7.05,62.2,102.13,service_run
T03189,V094,D078,2025-12-11,Northgate DC,Springfield Depot,127.3,2.03,18.7,27.96,delivery
T03479,V032,D062,2025-12-11,Eastfield Park,Northgate DC,608.3,11.57,73.2,108.33,delivery
T03482,V010,D040,2025-12-11,Northgate DC,Downtown Drop,393.7,8.96,36.0,58.28,pickup
T03734,V041,D047,2025-12-11,Eastfield Park,Airport Cargo,29.5,0.72,3.3,5.34,delivery
T03872,V041,D047,2025-12-11,Springfield Depot,Westside Yard,149.6,3.47,14.2,24.46,delivery
T04199,V026,D021,2025-12-11,Downtown Drop,Airport Cargo,222.7,5.45,29.6,48.67,delivery
T04224,V082,D055,2025-12-11,Downtown Drop,Westside Yard,352.0,8.21,56.0,82.68,transfer
T04267,V080,D054,2025-12-11,Westside Yard,Riverside Hub,300.5,6.47,38.1,57.99,delivery
T05188,V082,D055,2025-12-11,Eastfield Park,Riverside Hub,311.4,7.22,41.2,62.93,delivery
T00033,V068,D025,2025-12-12,Harbor Terminal,Airport Cargo,149.5,2.36,22.2,34.4,delivery
T00504,V055,D059,2025-12-12,Harbor Terminal,Eastfield Park,538.9,9.19,57.4,94.32,delivery
T00836,V094,D078,2025-12-12,Harbor Terminal,Downtown Drop,472.3,10.32,53.2,85.31,delivery
T01120,V110,D072,2025-12-12,Airport Cargo,Northgate DC,216.9,3.36,24.4,36.12,service_run
T01234,V032,D062,2025-12-12,Riverside Hub,Downtown Drop,507.7,7.56,63.7,97.35,delivery
T01573,V026,D021,2025-12-12,Riverside Hub,Eastfield Park,85.1,1.27,11.2,16.38,transfer
T01816,V029,D060,2025-12-12,Airport Cargo,Harbor Terminal,105.6,2.31,17.9,29.8,transfer
T02038,V024,D079,2025-12-12,Eastfield Park,Westside Yard,216.4,3.5,39.1,64.04,delivery
T02048,V059,D002,2025-12-12,Eastfield Park,Downtown Drop,478.7,10.82,79.0,127.6,transfer
T02414,V104,D068,2025-12-12,Springfield Depot,Airport Cargo,390.4,6.53,48.9,78.98,delivery
T02553,V003,D058,2025-12-12,Springfield Depot,Harbor Terminal,563.8,14.21,97.0,164.53,transfer
T02743,V087,D039,2025-12-12,Westside Yard,Northgate DC,134.0,3.03,22.5,32.99,delivery
T02825,V024,D079,2025-12-12,Airport Cargo,Downtown Drop,505.2,7.93,54.9,80.85,service_run
T02890,V010,D040,2025-12-12,Northgate DC,Riverside Hub,538.0,12.72,73.2,116.8,delivery
T02938,V074,D009,2025-12-12,Downtown Drop,Harbor Terminal,334.1,8.47,36.0,55.99,delivery
T02979,V059,D002,2025-12-12,Harbor Terminal,Springfield Depot,127.4,3.34,14.2,22.23,delivery
T04826,V080,D054,2025-12-12,Springfield Depot,Riverside Hub,249.8,4.08,23.9,41.64,service_run
T00230,V102,D038,2025-12-13,Northgate DC,Airport Cargo,452.2,8.83,73.9,117.15,delivery
T00232,V027,D049,2025-12-13,Westside Yard,Springfield Depot,84.1,1.54,10.5,16.43,transfer
T00415,V077,D029,2025-12-13,Northgate DC,Riverside Hub,255.1,6.13,25.2,42.09,delivery
T00690,V041,D047,2025-12-13,Harbor Terminal,Westside Yard,537.9,9.23,70.9,107.73,delivery
T01184,V068,D025,2025-12-13,Airport Cargo,Westside Yard,204.5,4.78,19.6,29.67,delivery
T01314,V046,D071,2025-12-13,Springfield Depot,Northgate DC,442.8,10.92,69.5,120.21,pickup
T01702,V012,D057,2025-12-13,Springfield Depot,Harbor Terminal,85.3,1.95,11.3,17.96,delivery
T01968,V098,D018,2025-12-13,Eastfield Park,Westside Yard,236.9,5.16,22.0,36.19,pickup
T02052,V039,D045,2025-12-13,Harbor Terminal,Riverside Hub,112.4,1.9,10.9,16.72,service_run
T02120,V053,D019,2025-12-13,Eastfield Park,Downtown Drop,112.8,2.32,13.0,21.18,delivery
T02547,V043,D073,2025-12-13,Northgate DC,Downtown Drop,585.2,9.91,54.6,86.1,delivery
T03184,V050,D007,2025-12-13,Springfield Depot,Northgate DC,121.5,1.99,12.9,21.26,delivery
T03309,V082,D055,2025-12-13,Riverside Hub,Eastfield Park,376.6,5.6,42.6,69.76,service_run
T03375,V055,D059,2025-12-13,Harbor Terminal,Downtown Drop,83.0,1.31,9.9,15.4,delivery
T03929,V007,D004,2025-12-13,Downtown Drop,Westside Yard,437.0,8.37,49.8,75.01,delivery
T03975,V055,D059,2025-12-13,Northgate DC,Westside Yard,482.0,10.68,51.2,82.08,service_run
T03987,V018,D028,2025-12-13,Harbor Terminal,Downtown Drop,277.0,4.71,25.2,38.22,service_run
T04433,V006,D006,2025-12-13,Westside Yard,Downtown Drop,121.7,2.39,12.5,18.61,transfer
T00450,V081,D042,2025-12-14,Downtown Drop,Springfield Depot,256.3,6.63,39.6,59.89,pickup
T00454,V095,D034,2025-12-14,Eastfield Park,Westside Yard,39.5,0.87,5.4,8.94,delivery
T00494,V018,D028,2025-12-14,Eastfield Park,Riverside Hub,52.6,1.01,5.1,7.96,transfer
T00570,V061,D001,2025-12-14,Northgate DC,Springfield Depot,118.7,1.84,12.9,21.04,delivery
T00739,V063,D010,2025-12-14,Westside Yard,Downtown Drop,585.8,12.45,105.6,165.73,delivery
T01316,V046,D071,2025-12-14,Northgate DC,Eastfield Park,390.7,7.04,45.2,78.31,delivery
T01360,V094,D078,2025-12-14,Northgate DC,Springfield Depot,309.6,4.67,28.3,43.07,transfer
T01414,V027,D049,2025-12-14,Airport Cargo,Springfield Depot,502.3,9.44,51.0,78.19,delivery
T01463,V014,D031,2025-12-14,Harbor Terminal,Riverside Hub,169.4,3.1,29.7,46.69,service_run
T02018,V004,D003,2025-12-14,Northgate DC,Downtown Drop,247.6,5.44,25.7,42.55,delivery
T02240,V027,D049,2025-12-14,Harbor Terminal,Downtown Drop,342.2,7.58,36.1,53.34,service_run
T02769,V074,D009,2025-12-14,Airport Cargo,Westside Yard,594.2,14.93,76.7,124.2,service_run
T03431,V044,D020,2025-12-14,Springfield Depot,Eastfield Park,352.8,7.45,33.4,50.44,service_run
T03747,V094,D078,2025-12-14,Springfield Depot,Westside Yard,168.0,4.22,26.4,43.26,delivery
T03759,V065,D080,2025-12-14,Eastfield Park,Harbor Terminal,458.1,7.86,62.2,105.85,delivery
T04107,V039,D045,2025-12-14,Harbor Terminal,Airport Cargo,75.4,1.08,7.1,10.78,pickup
T04276,V052,D065,2025-12-14,Downtown Drop,Airport Cargo,361.9,6.34,34.2,52.77,delivery
T04452,V018,D028,2025-12-14,Eastfield Park,Westside Yard,499.6,8.01,58.5,98.42,delivery
T04454,V074,D009,2025-12-14,Springfield Depot,Westside Yard,512.1,7.54,84.5,122.61,delivery
T04553,V003,D058,2025-12-14,Harbor Terminal,Riverside Hub,450.6,9.65,77.7,112.7,delivery
T04753,V048,D036,2025-12-14,Eastfield Park,Springfield Depot,476.7,8.73,58.6,88.16,pickup
T00651,V055,D059,2025-12-15,Eastfield Park,Westside Yard,495.6,8.19,76.3,117.46,delivery
T00746,V110,D072,2025-12-15,Harbor Terminal,Riverside Hub,290.2,7.22,45.1,73.2,delivery
T00936,V032,D062,2025-12-15,Airport Cargo,Downtown Drop,460.2,8.02,46.7,72.09,delivery
T01097,V028,D064,2025-12-15,Riverside Hub,Springfield Depot,152.4,2.74,19.0,29.24,delivery
T01115,V021,D037,2025-12-15,Westside Yard,Harbor Terminal,86.1,1.45,8.9,15.32,pickup
T01611,V052,D065,2025-12-15,Riverside Hub,Eastfield Park,529.0,10.62,50.6,84.02,transfer
T01746,V077,D029,2025-12-15,Downtown Drop,Riverside Hub,277.4,5.03,28.5,44.17,transfer
T02026,V010,D040,2025-12-15,Springfield Depot,Downtown Drop,50.4,1.19,8.1,13.62,delivery
T02101,V003,D058,2025-12-15,Northgate DC,Westside Yard,618.1,12.19,59.4,94.96,delivery
T02672,V003,D058,2025-12-15,Harbor Terminal,Northgate DC,554.4,11.9,91.6,140.97,transfer
T03194,V043,D073,2025-12-15,Downtown Drop,Eastfield Park,282.6,4.87,44.6,71.21,delivery
T03416,V087,D039,2025-12-15,Northgate DC,Riverside Hub,536.9,9.99,62.2,94.92,transfer
T04028,V082,D055,2025-12-15,Airport Cargo,Downtown Drop,486.8,8.11,85.8,124.96,pickup
T04239,V108,D063,2025-12-15,Riverside Hub,Downtown Drop,232.5,4.83,33.9,57.33,delivery
T04527,V032,D062,2025-12-15,Westside Yard,Northgate DC,603.1,13.0,72.6,116.07,transfer
T04539,V095,D034,2025-12-15,Springfield Depot,Riverside Hub,534.9,12.86,70.5,102.66,delivery
T00185,V026,D021,2025-12-16,Northgate DC,Riverside Hub,331.5,5.03,56.5,85.35,pickup
T00263,V105,D023,2025-12-16,Eastfield Park,Airport Cargo,290.6,6.4,31.4,47.64,transfer
T00617,V002,D074,2025-12-16,Downtown Drop,Westside Yard,57.3,1.21,6.1,9.63,delivery
T00622,V008,D046,2025-12-16,Downtown Drop,Harbor Terminal,142.7,2.61,14.5,25.21,delivery
T01009,V063,D010,2025-12-16,Westside Yard,Riverside Hub,148.9,3.72,26.6,40.87,service_run
T01096,V104,D068,2025-12-16,Harbor Terminal,Springfield Depot,419.1,6.65,56.8,89.63,delivery
T01131,V028,D064,2025-12-16,Eastfield Park,Harbor Terminal,608.5,12.67,62.0,104.91,transfer
T01409,V074,D009,2025-12-16,Airport Cargo,Northgate DC,244.9,6.21,27.4,42.49,pickup
T01931,V037,D035,2025-12-16,Airport Cargo,Northgate DC,528.1,13.83,52.8,89.71,delivery
T02022,V018,D028,2025-12-16,Riverside Hub,Westside Yard,331.7,5.79,55.6,91.39,service_run
T02317,V046,D071,2025-12-16,Eastfield Park,Airport Cargo,355.9,7.55,44.9,70.99,delivery
T02542,V007,D004,2025-12-16,Northgate DC,Airport Cargo,41.5,1.08,5.4,8.65,delivery
T03241,V107,D015,2025-12-16,Northgate DC,Westside Yard,515.9,8.41,69.9,102.71,transfer
T03360,V108,D063,2025-12-16,Westside Yard,Riverside Hub,505.5,11.17,54.6,83.15,delivery
T03393,V062,D056,2025-12-16,Eastfield Park,Riverside Hub,519.3,8.95,64.4,96.91,pickup
T04322,V027,D049,2025-12-16,Springfield Depot,Westside Yard,150.1,3.26,22.6,34.58,delivery
T04417,V061,D001,2025-12-16,Springfield Depot,Eastfield Park,246.5,4.39,32.7,54.0,delivery
T04441,V110,D072,2025-12-16,Airport Cargo,Westside Yard,509.4,7.67,60.3,103.57,delivery
T04803,V047,D050,2025-12-16,Northgate DC,Downtown Drop,255.7,3.67,40.8,63.84,service_run
T04933,V006,D006,2025-12-16,Northgate DC,Harbor Terminal,130.4,2.21,16.4,24.57,service_run
T04990,V040,D067,2025-12-16,Northgate DC,Springfield Depot,616.0,11.0,77.0,127.17,pickup
T05011,V050,D007,2025-12-16,Springfield Depot,Harbor Terminal,506.7,9.59,65.6,104.74,transfer
T05068,V108,D063,2025-12-16,Westside Yard,Harbor Terminal,598.3,8.58,80.8,137.95,delivery
T00123,V070,D026,2025-12-17,Airport Cargo,Downtown Drop,272.4,6.7,39.5,64.36,transfer
T00186,V040,D067,2025-12-17,Downtown Drop,Westside Yard,34.2,0.64,3.8,6.22,transfer
T00666,V053,D019,2025-12-17,Downtown Drop,Riverside Hub,557.4,11.36,86.6,144.83,transfer
T00911,V063,D010,2025-12-17,Harbor Terminal,Northgate DC,225.1,4.2,35.1,53.25,delivery
T01268,V082,D055,2025-12-17,Westside Yard,Eastfield Park,270.7,5.04,31.0,45.2,delivery
T01371,V004,D003,2025-12-17,Harbor Terminal,Riverside Hub,93.6,1.59,9.7,16.02,pickup
T01681,V063,D010,2025-12-17,Springfield Depot,Airport Cargo,36.1,0.56,5.5,8.64,delivery
T03214,V053,D019,2025-12-17,Riverside Hub,Eastfield Park,252.7,6.44,30.8,46.77,pickup
T03437,V074,D009,2025-12-17,Westside Yard,Northgate DC,320.2,5.46,49.1,81.29,transfer
T04020,V044,D020,2025-12-17,Riverside Hub,Airport Cargo,273.5,5.69,35.5,54.26,service_run
T04243,V095,D034,2025-12-17,Westside Yard,Springfield Depot,585.4,8.54,59.9,89.11,delivery
T04382,V007,D004,2025-12-17,Downtown Drop,Harbor Terminal,249.9,4.69,42.3,62.12,transfer
T04614,V104,D068,2025-12-17,Airport Cargo,Westside Yard,185.8,3.66,19.4,29.55,pickup
T04703,V094,D078,2025-12-17,Downtown Drop,Eastfield Park,535.2,8.05,89.6,152.27,delivery
T04852,V003,D058,2025-12-17,Northgate DC,Airport Cargo,96.5,1.39,11.9,19.74,delivery
T04898,V101,D017,2025-12-17,Downtown Drop,Harbor Terminal,616.8,9.85,91.7,145.9,transfer
T04953,V037,D035,2025-12-17,Westside Yard,Eastfield Park,177.7,3.54,25.9,40.38,transfer
T00424,V095,D034,2025-12-18,Riverside Hub,Northgate DC,513.8,9.98,55.0,91.78,transfer
T00513,V053,D019,2025-12-18,Northgate DC,Eastfield Park,164.0,2.92,19.2,30.41,service_run
T00712,V087,D039,2025-12-18,Springfield Depot,Harbor Terminal,453.2,11.0,72.5,113.48,delivery
T00918,V098,D018,2025-12-18,Westside Yard,Riverside Hub,579.1,8.92,58.7,96.76,service_run
T01101,V035,D069,2025-12-18,Airport Cargo,Downtown Drop,426.6,6.29,47.4,78.91,transfer
T01147,V037,D035,2025-12-18,Westside Yard,Airport Cargo,316.1,4.67,35.8,57.8,pickup
T01591,V046,D071,2025-12-18,Riverside Hub,Airport Cargo,286.8,6.64,40.9,65.64,transfer
T01837,V053,D019,2025-12-18,Springfield Depot,Downtown Drop,165.8,2.95,27.3,40.64,service_run
T01905,V116,D012,2025-12-18,Airport Cargo,Downtown Drop,533.1,13.19,53.5,79.62,transfer
T01988,V053,D019,2025-12-18,Westside Yard,Downtown Drop,356.8,7.81,55.9,90.29,delivery
T02124,V046,D071,2025-12-18,Downtown Drop,Riverside Hub,306.4,4.49,45.2,77.13,delivery
T02220,V092,D044,2025-12-18,Westside Yard,Airport Cargo,581.6,13.56,73.9,124.1,service_run
T02341,V044,D020,2025-12-18,Springfield Depot,Westside Yard,210.4,3.24,28.5,44.05,service_run
T02813,V082,D055,2025-12-18,Springfield Depot,Westside Yard,26.7,0.41,3.3,5.54,pickup
T02851,V104,D068,2025-12-18,Eastfield Park,Westside Yard,313.1,8.06,38.1,55.62,pickup
T02908,V012,D057,2025-12-18,Airport Cargo,Springfield Depot,425.7,6.24,67.4,100.03,pickup
T03647,V004,D003,2025-12-18,Harbor Terminal,Springfield Depot,99.5,1.88,17.7,30.23,delivery
T03933,V044,D020,2025-12-18,Downtown Drop,Airport Cargo,585.8,8.97,92.0,145.23,delivery
T04194,V060,D005,2025-12-18,Eastfield Park,Airport Cargo,505.6,7.57,69.7,103.8,delivery
T04477,V059,D002,2025-12-18,Eastfield Park,Harbor Terminal,417.8,8.01,47.2,71.51,delivery
T00062,V004,D003,2025-12-19,Springfield Depot,Downtown Drop,259.1,6.33,45.5,74.22,transfer
T01051,V107,D015,2025-12-19,Airport Cargo,Harbor Terminal,429.3,7.22,40.5,62.66,delivery
T01606,V060,D005,2025-12-19,Riverside Hub,Eastfield Park,263.6,5.87,34.7,53.3,delivery
T01860,V105,D023,2025-12-19,Eastfield Park,Northgate DC,518.2,8.05,63.8,100.43,transfer
T02943,V080,D054,2025-12-19,Harbor Terminal,Eastfield Park,403.1,7.26,54.4,85.6,delivery
T02987,V101,D017,2025-12-19,Eastfield Park,Springfield Depot,81.9,1.45,7.9,13.25,delivery
T03027,V024,D079,2025-12-19,Harbor Terminal,Westside Yard,112.0,1.72,10.5,15.87,delivery
T03081,V087,D039,2025-12-19,Northgate DC,Harbor Terminal,563.2,9.58,87.6,144.27,service_run
T03244,V018,D028,2025-12-19,Airport Cargo,Springfield Depot,619.6,9.95,60.7,96.35,delivery
T03326,V110,D072,2025-12-19,Airport Cargo,Northgate DC,170.3,3.3,17.2,26.62,delivery
T03356,V040,D067,2025-12-19,Northgate DC,Airport Cargo,239.7,5.69,24.9,41.01,delivery
T03566,V065,D080,2025-12-19,Harbor Terminal,Westside Yard,567.5,9.71,78.6,116.89,delivery
T03915,V013,D016,2025-12-19,Riverside Hub,Airport Cargo,71.8,1.34,6.8,11.09,delivery
T04153,V048,D036,2025-12-19,Riverside Hub,Harbor Terminal,473.7,6.93,44.8,74.72,delivery
T04313,V024,D079,2025-12-19,Airport Cargo,Westside Yard,414.1,9.28,46.0,68.18,pickup
T04590,V080,D054,2025-12-19,Westside Yard,Northgate DC,142.5,2.23,16.8,25.61,delivery
T04625,V019,D041,2025-12-19,Riverside Hub,Springfield Depot,20.9,0.54,2.8,4.82,delivery
T04694,V109,D051,2025-12-19,Airport Cargo,Westside Yard,352.8,6.24,47.0,73.3,transfer
T04908,V014,D031,2025-12-19,Eastfield Park,Northgate DC,478.3,7.63,43.6,67.57,delivery
T05151,V048,D036,2025-12-19,Riverside Hub,Northgate DC,402.6,7.85,40.0,61.93,delivery
T00767,V019,D041,2025-12-20,Downtown Drop,Springfield Depot,69.2,1.28,12.4,20.78,transfer
T00853,V047,D050,2025-12-20,Downtown Drop,Eastfield Park,559.4,8.09,86.6,149.53,delivery
T00866,V008,D046,2025-12-20,Westside Yard,Airport Cargo,36.5,0.69,4.4,7.41,delivery
T00945,V018,D028,2025-12-20,Northgate DC,Downtown Drop,272.5,7.09,46.0,73.88,delivery
T01152,V109,D051,2025-12-20,Downtown Drop,Northgate DC,209.5,3.89,25.7,43.33,delivery
T01636,V116,D012,2025-12-20,Northgate DC,Airport Cargo,491.3,8.46,48.6,84.28,transfer
T01651,V006,D006,2025-12-20,Riverside Hub,Springfield Depot,62.8,1.26,8.9,15.5,transfer
T01783,V045,D076,2025-12-20,Springfield Depot,Eastfield Park,596.4,10.83,64.5,106.8,delivery
T01959,V037,D035,2025-12-20,Westside Yard,Northgate DC,284.4,6.66,32.8,56.04,pickup
T02288,V043,D073,2025-12-20,Eastfield Park,Westside Yard,331.2,5.87,49.5,79.82,delivery
T02292,V014,D031,2025-12-20,Westside Yard,Riverside Hub,214.4,4.66,30.3,43.97,delivery
T02420,V019,D041,2025-12-20,Riverside Hub,Downtown Drop,257.3,6.63,23.7,40.4,service_run
T02632,V065,D080,2025-12-20,Westside Yard,Springfield Depot,124.1,1.99,15.5,26.58,transfer
T03060,V105,D023,2025-12-20,Downtown Drop,Springfield Depot,398.2,5.93,37.5,64.01,delivery
T04279,V026,D021,2025-12-20,Airport Cargo,Downtown Drop,421.6,10.31,52.8,91.65,service_run
T04330,V019,D041,2025-12-20,Westside Yard,Eastfield Park,613.5,13.62,70.1,114.16,pickup
T04466,V047,D050,2025-12-20,Northgate DC,Eastfield Park,415.2,10.68,54.4,90.73,service_run
T04706,V101,D017,2025-12-20,Northgate DC,Springfield Depot,615.1,8.84,59.3,89.57,pickup
T04807,V008,D046,2025-12-20,Westside Yard,Downtown Drop,411.5,8.15,51.4,81.7,service_run
T04841,V050,D007,2025-12-20,Harbor Terminal,Northgate DC,391.8,5.81,36.1,57.41,delivery
T04928,V013,D016,2025-12-20,Eastfield Park,Downtown Drop,539.8,8.3,53.7,89.77,delivery
T04975,V026,D021,2025-12-20,Riverside Hub,Westside Yard,598.6,11.53,97.0,165.82,pickup
T05005,V041,D047,2025-12-20,Northgate DC,Riverside Hub,216.1,3.73,27.2,39.87,transfer
T00013,V021,D037,2025-12-21,Harbor Terminal,Downtown Drop,355.4,6.45,58.7,91.17,pickup
T00191,V094,D078,2025-12-21,Eastfield Park,Westside Yard,478.6,8.07,55.2,94.66,delivery
T00461,V052,D065,2025-12-21,Downtown Drop,Springfield Depot,277.4,7.22,49.5,81.51,pickup
T00631,V019,D041,2025-12-21,Northgate DC,Eastfield Park,278.1,4.16,29.5,49.56,delivery
T00637,V045,D076,2025-12-21,Eastfield Park,Northgate DC,254.2,5.96,30.0,51.99,delivery
T00729,V010,D040,2025-12-21,Northgate DC,Springfield Depot,416.0,9.74,70.4,105.06,delivery
T00894,V006,D006,2025-12-21,Westside Yard,Riverside Hub,383.5,7.65,38.6,62.72,service_run
T01457,V006,D006,2025-12-21,Northgate DC,Downtown Drop,217.4,3.81,27.9,48.19,delivery
T01610,V037,D035,2025-12-21,Northgate DC,Westside Yard,68.9,1.16,11.9,17.35,service_run
T01882,V043,D073,2025-12-21,Springfield Depot,Eastfield Park,149.9,3.21,17.7,28.5,delivery
T01981,V027,D049,2025-12-21,Harbor Terminal,Downtown Drop,473.3,7.75,46.8,79.5,delivery
T02007,V028,D064,2025-12-21,Westside Yard,Harbor Terminal,79.3,1.4,8.6,14.64,delivery
T02031,V068,D025,2025-12-21,Riverside Hub,Westside Yard,347.1,7.95,37.4,61.32,delivery
T02057,V047,D050,2025-12-21,Riverside Hub,Harbor Terminal,468.9,7.29,57.0,95.68,transfer
T02474,V010,D040,2025-12-21,Airport Cargo,Northgate DC,363.8,6.29,40.3,64.35,pickup
T02661,V069,D066,2025-12-21,Northgate DC,Eastfield Park,280.0,5.01,40.0,68.54,service_run
T02956,V055,D059,2025-12-21,Downtown Drop,Northgate DC,279.8,4.01,32.4,51.0,pickup
T03054,V019,D041,2025-12-21,Airport Cargo,Springfield Depot,426.8,7.03,43.5,72.97,pickup
T03059,V082,D055,2025-12-21,Eastfield Park,Harbor Terminal,463.0,6.99,48.2,82.12,delivery
T03317,V087,D039,2025-12-21,Northgate DC,Airport Cargo,56.3,0.89,5.3,8.86,service_run
T03543,V053,D019,2025-12-21,Springfield Depot,Northgate DC,51.6,1.21,5.5,8.78,service_run
T04235,V043,D073,2025-12-21,Westside Yard,Riverside Hub,307.6,6.45,35.0,60.36,transfer
T04574,V077,D029,2025-12-21,Airport Cargo,Eastfield Park,325.2,5.09,55.0,93.0,delivery
T04818,V018,D028,2025-12-21,Springfield Depot,Northgate DC,115.6,2.42,15.4,26.39,delivery
T04893,V068,D025,2025-12-21,Downtown Drop,Westside Yard,530.9,12.68,63.4,102.1,pickup
T00044,V010,D040,2025-12-22,Riverside Hub,Airport Cargo,410.4,7.86,73.2,108.85,delivery
T00120,V028,D064,2025-12-22,Downtown Drop,Eastfield Park,25.0,0.58,3.0,4.44,pickup
T00813,V098,D018,2025-12-22,Riverside Hub,Eastfield Park,427.1,10.25,47.2,81.11,transfer
T00882,V012,D057,2025-12-22,Harbor Terminal,Downtown Drop,349.7,5.02,32.6,52.5,pickup
T01355,V030,D022,2025-12-22,Riverside Hub,Northgate DC,618.9,9.88,99.9,165.47,transfer
T02107,V065,D080,2025-12-22,Airport Cargo,Riverside Hub,437.8,8.29,65.3,97.78,pickup
T03715,V018,D028,2025-12-22,Harbor Terminal,Westside Yard,572.7,14.8,57.8,89.94,transfer
T03946,V030,D022,2025-12-22,Harbor Terminal,Riverside Hub,136.7,2.02,24.5,39.51,delivery
T04351,V047,D050,2025-12-22,Riverside Hub,Downtown Drop,219.6,4.07,39.1,57.53,pickup
T04850,V024,D079,2025-12-22,Eastfield Park,Downtown Drop,34.7,0.77,5.7,9.36,service_run
T00490,V113,D053,2025-12-23,Harbor Terminal,Westside Yard,457.9,8.44,45.2,67.22,service_run
T00498,V092,D044,2025-12-23,Springfield Depot,Harbor Terminal,88.1,2.05,10.2,15.93,delivery
T00682,V041,D047,2025-12-23,Downtown Drop,Airport Cargo,129.7,2.1,22.7,39.05,delivery
T00685,V028,D064,2025-12-23,Northgate DC,Riverside Hub,594.4,12.13,60.3,87.68,service_run
T00929,V043,D073,2025-12-23,Westside Yard,Riverside Hub,588.5,10.26,66.3,96.53,service_run
T01397,V043,D073,2025-12-23,Riverside Hub,Northgate DC,517.1,11.59,92.7,138.43,service_run
T01568,V065,D080,2025-12-23,Northgate DC,Riverside Hub,293.4,4.45,39.6,64.2,delivery
T01830,V070,D026,2025-12-23,Downtown Drop,Westside Yard,112.7,2.53,17.6,27.1,delivery
T02167,V037,D035,2025-12-23,Westside Yard,Springfield Depot,21.7,0.36,2.6,4.28,transfer
T02440,V055,D059,2025-12-23,Downtown Drop,Harbor Terminal,522.5,8.89,94.5,164.27,delivery
T02598,V070,D026,2025-12-23,Eastfield Park,Riverside Hub,433.6,7.9,51.7,83.56,service_run
T02802,V010,D040,2025-12-23,Harbor Terminal,Airport Cargo,89.5,1.7,12.2,18.53,delivery
T02829,V014,D031,2025-12-23,Westside Yard,Springfield Depot,330.1,7.36,33.4,57.66,delivery
T02902,V107,D015,2025-12-23,Harbor Terminal,Riverside Hub,219.2,3.29,28.3,48.39,service_run
T03319,V037,D035,2025-12-23,Riverside Hub,Harbor Terminal,86.3,2.12,11.0,16.35,service_run
T03501,V068,D025,2025-12-23,Springfield Depot,Northgate DC,362.0,9.0,57.6,96.91,delivery
T03830,V035,D069,2025-12-23,Harbor Terminal,Downtown Drop,89.4,1.66,8.5,13.88,delivery
T04050,V101,D017,2025-12-23,Eastfield Park,Springfield Depot,614.3,11.8,59.4,89.93,delivery
T04550,V065,D080,2025-12-23,Riverside Hub,Westside Yard,556.9,8.31,87.6,147.79,delivery
T04993,V095,D034,2025-12-23,Springfield Depot,Harbor Terminal,606.4,12.99,59.6,98.46,transfer
T00054,V037,D035,2025-12-24,Northgate DC,Springfield Depot,95.2,1.86,10.0,16.27,transfer
T00208,V018,D028,2025-12-24,Northgate DC,Downtown Drop,462.4,7.15,67.6,103.85,delivery
T00254,V038,D011,2025-12-24,Airport Cargo,Springfield Depot,241.4,4.62,42.3,61.65,pickup
T00694,V061,D001,2025-12-24,Northgate DC,Eastfield Park,73.6,1.49,13.2,22.35,service_run
T00722,V013,D016,2025-12-24,Harbor Terminal,Riverside Hub,364.6,8.92,33.8,59.1,delivery
T01045,V098,D018,2025-12-24,Airport Cargo,Harbor Terminal,450.6,7.06,56.8,92.83,pickup
T01048,V101,D017,2025-12-24,Eastfield Park,Springfield Depot,606.2,12.57,56.6,98.61,pickup
T01497,V081,D042,2025-12-24,Westside Yard,Riverside Hub,147.4,2.78,18.8,30.34,delivery
T01870,V030,D022,2025-12-24,Westside Yard,Eastfield Park,242.3,3.79,32.0,52.07,service_run
T01891,V044,D020,2025-12-24,Riverside Hub,Springfield Depot,185.2,3.49,22.7,37.1,delivery
T01949,V007,D004,2025-12-24,Westside Yard,Airport Cargo,44.2,0.98,5.0,7.28,delivery
T02182,V004,D003,2025-12-24,Downtown Drop,Airport Cargo,185.8,4.78,19.0,29.72,delivery
T02616,V114,D070,2025-12-24,Riverside Hub,Westside Yard,524.3,13.2,83.5,133.69,delivery
T03039,V006,D006,2025-12-24,Airport Cargo,Springfield Depot,542.1,10.53,57.7,99.24,pickup
T03561,V113,D053,2025-12-24,Riverside Hub,Eastfield Park,190.6,2.97,27.0,46.94,service_run
T03784,V007,D004,2025-12-24,Springfield Depot,Downtown Drop,125.7,1.84,17.0,25.15,pickup
T03842,V029,D060,2025-12-24,Downtown Drop,Springfield Depot,574.9,12.37,98.6,163.74,transfer
T04189,V032,D062,2025-12-24,Northgate DC,Eastfield Park,189.7,4.66,17.6,28.02,pickup
T04308,V052,D065,2025-12-24,Riverside Hub,Harbor Terminal,238.6,3.93,28.8,44.24,delivery
T04319,V045,D076,2025-12-24,Northgate DC,Riverside Hub,271.7,5.43,25.4,37.24,delivery
T04366,V043,D073,2025-12-24,Eastfield Park,Downtown Drop,286.2,4.23,27.9,40.58,delivery
T04561,V081,D042,2025-12-24,Riverside Hub,Downtown Drop,227.7,3.51,39.2,61.92,delivery
T04616,V029,D060,2025-12-24,Eastfield Park,Airport Cargo,523.4,8.01,81.1,122.76,transfer
T05023,V035,D069,2025-12-24,Downtown Drop,Westside Yard,472.1,12.38,60.2,96.74,transfer
T05139,V044,D020,2025-12-24,Riverside Hub,Airport Cargo,260.8,3.75,24.0,40.12,transfer
T00098,V040,D067,2025-12-25,Springfield Depot,Downtown Drop,124.7,2.01,12.6,22.01,transfer
T00769,V081,D042,2025-12-25,Riverside Hub,Northgate DC,133.3,1.93,16.5,28.45,pickup
T00854,V050,D007,2025-12-25,Eastfield Park,Downtown Drop,37.6,0.75,3.9,6.39,delivery
T01374,V038,D011,2025-12-25,Eastfield Park,Harbor Terminal,477.8,11.4,65.0,107.28,delivery
T01838,V038,D011,2025-12-25,Eastfield Park,Northgate DC,535.6,11.24,55.3,94.31,delivery
T02318,V077,D029,2025-12-25,Downtown Drop,Westside Yard,412.1,8.85,70.2,120.93,transfer
T02390,V014,D031,2025-12-25,Harbor Terminal,Riverside Hub,473.7,10.49,68.6,101.55,delivery
T02416,V006,D006,2025-12-25,Harbor Terminal,Westside Yard,257.8,4.54,27.3,45.82,delivery
T02631,V104,D068,2025-12-25,Westside Yard,Downtown Drop,277.4,4.37,39.7,67.03,service_run
T02645,V030,D022,2025-12-25,Springfield Depot,Airport Cargo,415.1,8.55,64.6,97.99,delivery
T03035,V114,D070,2025-12-25,Harbor Terminal,Westside Yard,389.2,9.24,41.9,66.15,delivery
T03187,V019,D041,2025-12-25,Airport Cargo,Northgate DC,138.4,2.17,19.3,32.1,pickup
T03837,V082,D055,2025-12-25,Downtown Drop,Riverside Hub,453.9,7.32,59.9,103.26,transfer
T04060,V035,D069,2025-12-25,Harbor Terminal,Riverside Hub,433.4,8.9,55.8,92.65,transfer
T04123,V070,D026,2025-12-25,Northgate DC,Westside Yard,291.3,5.99,33.4,50.23,delivery
T04331,V043,D073,2025-12-25,Springfield Depot,Riverside Hub,523.8,9.77,75.8,124.07,pickup
T04622,V117,D027,2025-12-25,Harbor Terminal,Riverside Hub,285.9,4.73,29.7,50.8,pickup
T04822,V102,D038,2025-12-25,Springfield Depot,Airport Cargo,59.0,1.07,7.4,11.9,pickup
T04846,V061,D001,2025-12-25,Riverside Hub,Eastfield Park,151.6,2.88,16.5,24.15,transfer
T05012,V074,D009,2025-12-25,Springfield Depot,Airport Cargo,551.4,8.33,71.7,109.57,delivery
T05164,V082,D055,2025-12-25,Westside Yard,Harbor Terminal,422.2,7.73,43.4,66.48,delivery
T00635,V040,D067,2025-12-26,Westside Yard,Airport Cargo,361.6,6.4,58.3,84.56,delivery
T01148,V102,D038,2025-12-26,Airport Cargo,Northgate DC,419.6,9.87,71.6,124.45,pickup
T01261,V109,D051,2025-12-26,Westside Yard,Harbor Terminal,211.9,3.12,21.0,33.75,pickup
T01276,V101,D017,2025-12-26,Springfield Depot,Airport Cargo,76.4,1.42,12.2,20.6,pickup
T01381,V116,D012,2025-12-26,Westside Yard,Springfield Depot,373.7,6.44,46.1,67.29,service_run
T01560,V110,D072,2025-12-26,Eastfield Park,Springfield Depot,124.2,2.82,15.6,23.44,delivery
T02502,V080,D054,2025-12-26,Springfield Depot,Airport Cargo,537.7,13.87,75.7,114.99,transfer
T02635,V102,D038,2025-12-26,Downtown Drop,Eastfield Park,431.3,10.14,46.8,73.84,transfer
T02858,V069,D066,2025-12-26,Harbor Terminal,Eastfield Park,486.6,7.43,67.9,110.41,service_run
T03138,V002,D074,2025-12-26,Northgate DC,Westside Yard,570.4,8.4,53.8,94.01,delivery
T03243,V027,D049,2025-12-26,Harbor Terminal,Airport Cargo,613.3,13.26,99.6,155.83,service_run
T03364,V028,D064,2025-12-26,Eastfield Park,Harbor Terminal,236.6,5.13,27.0,42.85,delivery
T03560,V018,D028,2025-12-26,Harbor Terminal,Riverside Hub,404.1,7.18,66.6,114.76,delivery
T03608,V077,D029,2025-12-26,Downtown Drop,Harbor Terminal,370.1,5.79,51.0,75.24,service_run
T03654,V113,D053,2025-12-26,Riverside Hub,Airport Cargo,119.8,1.97,12.6,19.36,service_run
T03900,V092,D044,2025-12-26,Airport Cargo,Harbor Terminal,537.5,11.04,91.2,159.17,delivery
T04161,V037,D035,2025-12-26,Springfield Depot,Northgate DC,378.2,7.12,68.2,114.27,delivery
T04263,V046,D071,2025-12-26,Northgate DC,Riverside Hub,244.4,5.91,34.4,50.54,delivery
T04523,V070,D026,2025-12-26,Airport Cargo,Northgate DC,408.6,9.17,37.3,57.05,delivery
T04725,V059,D002,2025-12-26,Springfield Depot,Westside Yard,45.7,0.88,5.9,9.23,delivery
T04973,V053,D019,2025-12-26,Riverside Hub,Northgate DC,175.3,3.44,26.0,42.12,delivery
T04992,V065,D080,2025-12-26,Downtown Drop,Springfield Depot,425.9,6.43,56.1,90.81,pickup
T05078,V113,D053,2025-12-26,Airport Cargo,Downtown Drop,33.4,0.79,4.3,6.77,pickup
T05185,V014,D031,2025-12-26,Westside Yard,Springfield Depot,61.5,1.41,7.5,12.23,delivery
T00128,V029,D060,2025-12-27,Northgate DC,Springfield Depot,467.4,10.42,58.7,92.17,delivery
T00220,V013,D016,2025-12-27,Northgate DC,Westside Yard,126.4,3.25,12.5,19.32,pickup
T00377,V107,D015,2025-12-27,Harbor Terminal,Westside Yard,564.7,14.73,98.4,145.53,delivery
T00647,V010,D040,2025-12-27,Downtown Drop,Riverside Hub,608.1,10.47,67.0,105.27,delivery
T00728,V029,D060,2025-12-27,Downtown Drop,Westside Yard,597.0,15.37,63.7,110.8,delivery
T00869,V101,D017,2025-12-27,Westside Yard,Northgate DC,557.8,12.62,51.2,80.95,delivery
T01273,V050,D007,2025-12-27,Eastfield Park,Northgate DC,437.4,6.7,53.3,77.92,transfer
T01590,V012,D057,2025-12-27,Springfield Depot,Riverside Hub,497.3,12.8,59.7,102.89,pickup
T01924,V004,D003,2025-12-27,Springfield Depot,Eastfield Park,336.1,8.08,52.6,88.11,pickup
T02326,V107,D015,2025-12-27,Springfield Depot,Riverside Hub,287.4,4.34,34.8,52.84,service_run
T02350,V043,D073,2025-12-27,Westside Yard,Airport Cargo,229.8,3.79,21.5,32.21,service_run
T02578,V043,D073,2025-12-27,Northgate DC,Springfield Depot,398.6,10.37,71.4,123.93,service_run
T02861,V092,D044,2025-12-27,Eastfield Park,Airport Cargo,78.6,1.64,13.6,21.55,delivery
T03170,V006,D006,2025-12-27,Eastfield Park,Springfield Depot,161.0,2.45,15.0,23.44,transfer
T03234,V063,D010,2025-12-27,Airport Cargo,Downtown Drop,508.7,11.78,54.0,82.81,service_run
T03423,V040,D067,2025-12-27,Airport Cargo,Downtown Drop,539.5,9.11,63.1,98.88,delivery
T04386,V074,D009,2025-12-27,Harbor Terminal,Airport Cargo,86.4,1.29,9.3,13.59,delivery
T04430,V061,D001,2025-12-27,Northgate DC,Springfield Depot,171.7,3.46,30.9,49.0,delivery
T04448,V010,D040,2025-12-27,Westside Yard,Airport Cargo,556.5,11.47,65.5,104.45,transfer
T04589,V002,D074,2025-12-27,Westside Yard,Airport Cargo,88.0,1.73,9.7,14.87,delivery
T01146,V007,D004,2025-12-28,Harbor Terminal,Springfield Depot,503.4,10.24,69.8,104.99,transfer
T01225,V040,D067,2025-12-28,Airport Cargo,Harbor Terminal,193.8,3.05,33.2,50.95,pickup
T01413,V092,D044,2025-12-28,Eastfield Park,Riverside Hub,614.7,15.0,68.0,117.44,transfer
T01554,V101,D017,2025-12-28,Eastfield Park,Westside Yard,405.5,9.03,62.7,99.25,service_run
T01865,V010,D040,2025-12-28,Springfield Depot,Riverside Hub,336.2,5.58,31.1,54.26,transfer
T02496,V080,D054,2025-12-28,Northgate DC,Eastfield Park,28.1,0.74,3.6,5.67,delivery
T03103,V050,D007,2025-12-28,Airport Cargo,Downtown Drop,279.7,5.2,50.8,83.5,pickup
T03370,V032,D062,2025-12-28,Northgate DC,Springfield Depot,538.6,9.52,82.9,143.28,transfer
T03833,V063,D010,2025-12-28,Riverside Hub,Downtown Drop,173.0,3.15,15.9,27.14,pickup
T04003,V002,D074,2025-12-28,Downtown Drop,Riverside Hub,603.2,12.39,94.7,138.61,delivery
T04077,V008,D046,2025-12-28,Harbor Terminal,Westside Yard,177.0,2.73,27.0,41.9,delivery
T04130,V104,D068,2025-12-28,Airport Cargo,Northgate DC,469.2,9.29,72.9,116.65,delivery
T04175,V039,D045,2025-12-28,Eastfield Park,Harbor Terminal,374.6,6.98,35.5,58.18,service_run
T04264,V102,D038,2025-12-28,Westside Yard,Airport Cargo,379.2,5.62,43.6,66.49,delivery
T04365,V018,D028,2025-12-28,Northgate DC,Airport Cargo,378.8,5.84,36.4,54.16,transfer
T04643,V069,D066,2025-12-28,Northgate DC,Airport Cargo,571.1,8.91,59.6,94.67,service_run
T04680,V108,D063,2025-12-28,Northgate DC,Airport Cargo,501.9,11.96,52.2,77.39,delivery
T04743,V055,D059,2025-12-28,Eastfield Park,Northgate DC,157.5,2.52,20.6,33.09,transfer
T04796,V002,D074,2025-12-28,Airport Cargo,Downtown Drop,55.9,1.1,9.6,16.54,transfer
T05178,V028,D064,2025-12-28,Downtown Drop,Springfield Depot,552.2,8.95,77.4,126.46,service_run
T00175,V116,D012,2025-12-29,Airport Cargo,Northgate DC,168.3,2.53,18.7,31.96,delivery
T00352,V061,D001,2025-12-29,Eastfield Park,Downtown Drop,571.9,13.41,74.0,117.47,delivery
T00896,V094,D078,2025-12-29,Springfield Depot,Harbor Terminal,527.8,9.94,62.8,100.94,pickup
T01218,V095,D034,2025-12-29,Westside Yard,Eastfield Park,377.5,7.56,44.9,74.38,delivery
T01498,V081,D042,2025-12-29,Harbor Terminal,Northgate DC,130.2,2.8,16.4,24.02,delivery
T01925,V080,D054,2025-12-29,Harbor Terminal,Northgate DC,43.8,0.64,6.3,9.61,transfer
T01962,V027,D049,2025-12-29,Riverside Hub,Springfield Depot,363.3,7.91,37.0,63.17,delivery
T02431,V081,D042,2025-12-29,Northgate DC,Riverside Hub,488.4,8.35,44.4,65.96,delivery
T02756,V105,D023,2025-12-29,Harbor Terminal,Northgate DC,102.6,2.33,13.8,22.98,delivery
T02878,V037,D035,2025-12-29,Eastfield Park,Springfield Depot,165.7,2.48,28.0,41.38,service_run
T03045,V040,D067,2025-12-29,Westside Yard,Northgate DC,214.6,4.98,33.6,51.18,delivery
T03305,V061,D001,2025-12-29,Airport Cargo,Riverside Hub,204.9,4.1,23.3,39.69,pickup
T03471,V013,D016,2025-12-29,Northgate DC,Harbor Terminal,415.1,6.59,49.1,73.34,service_run
T03703,V105,D023,2025-12-29,Springfield Depot,Northgate DC,143.0,2.34,13.2,22.89,delivery
T04225,V050,D007,2025-12-29,Riverside Hub,Downtown Drop,537.2,14.03,71.8,118.48,delivery
T04272,V084,D013,2025-12-29,Riverside Hub,Airport Cargo,206.1,3.22,25.6,41.37,delivery
T04453,V077,D029,2025-12-29,Riverside Hub,Harbor Terminal,141.0,2.42,13.7,20.23,delivery
T04607,V082,D055,2025-12-29,Riverside Hub,Harbor Terminal,141.9,2.38,24.4,42.28,delivery
T04669,V013,D016,2025-12-29,Eastfield Park,Springfield Depot,459.3,8.13,62.9,91.87,delivery
T00522,V101,D017,2025-12-30,Westside Yard,Airport Cargo,228.6,5.23,22.9,38.48,service_run
T00523,V003,D058,2025-12-30,Eastfield Park,Springfield Depot,294.9,6.54,27.7,40.33,delivery
T00748,V029,D060,2025-12-30,Westside Yard,Downtown Drop,602.9,12.78,73.7,115.91,transfer
T01297,V050,D007,2025-12-30,Downtown Drop,Springfield Depot,599.7,14.94,60.1,101.79,delivery
T01333,V116,D012,2025-12-30,Downtown Drop,Eastfield Park,549.5,10.09,56.8,93.71,transfer
T01386,V063,D010,2025-12-30,Riverside Hub,Eastfield Park,125.5,3.17,18.8,29.02,transfer
T01583,V095,D034,2025-12-30,Airport Cargo,Harbor Terminal,233.9,4.34,36.6,53.73,transfer
T02485,V109,D051,2025-12-30,Riverside Hub,Downtown Drop,341.2,8.04,39.1,66.3,transfer
T02700,V102,D038,2025-12-30,Northgate DC,Eastfield Park,196.9,4.95,34.6,59.12,delivery
T02896,V065,D080,2025-12-30,Eastfield Park,Springfield Depot,61.8,1.31,6.1,9.15,delivery
T03106,V040,D067,2025-12-30,Harbor Terminal,Riverside Hub,547.5,9.81,56.5,88.04,delivery
T03427,V010,D040,2025-12-30,Springfield Depot,Riverside Hub,464.6,8.09,72.9,118.79,transfer
T03433,V117,D027,2025-12-30,Airport Cargo,Springfield Depot,488.0,7.27,85.9,133.49,transfer
T03529,V095,D034,2025-12-30,Riverside Hub,Harbor Terminal,105.0,2.57,10.5,16.55,transfer
T03550,V038,D011,2025-12-30,Harbor Terminal,Downtown Drop,517.5,10.26,70.1,116.56,delivery
T03629,V114,D070,2025-12-30,Riverside Hub,Downtown Drop,115.5,2.17,15.4,22.43,delivery
T03678,V024,D079,2025-12-30,Springfield Depot,Northgate DC,189.3,2.99,20.4,35.2,service_run
T03811,V012,D057,2025-12-30,Harbor Terminal,Downtown Drop,75.4,1.12,7.8,12.94,pickup
T04038,V043,D073,2025-12-30,Downtown Drop,Airport Cargo,335.4,8.67,44.6,75.66,pickup
T04526,V043,D073,2025-12-30,Riverside Hub,Downtown Drop,109.4,2.72,17.1,26.81,service_run
T00179,V024,D079,2025-12-31,Westside Yard,Downtown Drop,310.1,4.66,42.8,71.47,delivery
T00900,V046,D071,2025-12-31,Downtown Drop,Westside Yard,575.1,10.14,84.0,125.28,delivery
T00903,V021,D037,2025-12-31,Springfield Depot,Westside Yard,541.0,12.48,53.6,78.89,transfer
T01089,V041,D047,2025-12-31,Northgate DC,Riverside Hub,147.7,2.5,23.8,39.82,service_run
T01585,V028,D064,2025-12-31,Riverside Hub,Northgate DC,535.3,11.1,63.6,110.4,delivery
T02009,V094,D078,2025-12-31,Springfield Depot,Eastfield Park,144.4,2.67,19.0,29.08,pickup
T02218,V087,D039,2025-12-31,Springfield Depot,Westside Yard,568.8,8.17,65.9,102.87,transfer
T02530,V107,D015,2025-12-31,Eastfield Park,Downtown Drop,551.0,8.54,54.4,87.95,service_run
T02607,V030,D022,2025-12-31,Downtown Drop,Airport Cargo,568.2,12.55,60.6,102.48,delivery
T02615,V105,D023,2025-12-31,Westside Yard,Downtown Drop,250.8,6.26,25.6,40.59,delivery
T02770,V045,D076,2025-12-31,Springfield Depot,Downtown Drop,412.8,7.4,53.8,91.96,transfer
T02783,V030,D022,2025-12-31,Airport Cargo,Northgate DC,332.2,5.3,34.3,55.91,pickup
T02904,V060,D005,2025-12-31,Downtown Drop,Springfield Depot,192.3,3.31,22.1,36.83,transfer
T02969,V024,D079,2025-12-31,Downtown Drop,Westside Yard,458.9,7.69,45.2,67.48,delivery
T03161,V045,D076,2025-12-31,Eastfield Park,Springfield Depot,118.0,2.46,16.0,23.98,delivery
T03236,V024,D079,2025-12-31,Westside Yard,Airport Cargo,428.3,8.4,48.0,70.68,service_run
T03569,V003,D058,2025-12-31,Harbor Terminal,Airport Cargo,104.3,2.39,11.0,17.25,delivery
T04848,V077,D029,2025-12-31,Riverside Hub,Airport Cargo,188.6,2.86,17.6,29.02,delivery
T05132,V006,D006,2025-12-31,Eastfield Park,Airport Cargo,273.6,4.72,28.6,47.05,transfer
T00100,V074,D009,2026-01-01,Harbor Terminal,Eastfield Park,421.1,10.47,62.0,93.5,pickup
T00659,V055,D059,2026-01-01,Harbor Terminal,Northgate DC,456.1,9.08,58.3,100.34,pickup
T01081,V003,D058,2026-01-01,Eastfield Park,Downtown Drop,328.8,8.38,52.4,85.35,delivery
T01540,V113,D053,2026-01-01,Riverside Hub,Springfield Depot,199.2,3.11,22.4,35.36,delivery
T01580,V070,D026,2026-01-01,Springfield Depot,Downtown Drop,486.4,11.83,55.9,97.3,delivery
T01836,V094,D078,2026-01-01,Airport Cargo,Harbor Terminal,381.3,6.42,46.9,75.51,transfer
T02012,V084,D013,2026-01-01,Airport Cargo,Northgate DC,519.3,9.39,52.9,84.8,delivery
T02532,V063,D010,2026-01-01,Downtown Drop,Riverside Hub,434.4,11.42,53.3,86.92,delivery
T02549,V110,D072,2026-01-01,Springfield Depot,Westside Yard,190.5,2.88,33.3,55.03,delivery
T02764,V094,D078,2026-01-01,Springfield Depot,Eastfield Park,550.5,7.89,87.9,148.53,delivery
T03365,V114,D070,2026-01-01,Springfield Depot,Riverside Hub,312.1,6.96,44.0,65.91,delivery
T03891,V008,D046,2026-01-01,Springfield Depot,Downtown Drop,564.1,9.38,60.4,99.65,pickup
T04967,V061,D001,2026-01-01,Eastfield Park,Northgate DC,78.4,1.29,8.2,13.5,delivery
T00204,V098,D018,2026-01-02,Airport Cargo,Eastfield Park,476.0,9.4,58.4,94.69,transfer
T00244,V074,D009,2026-01-02,Eastfield Park,Airport Cargo,386.6,6.05,47.0,80.61,delivery
T00298,V019,D041,2026-01-02,Northgate DC,Springfield Depot,242.5,4.02,25.0,38.15,pickup
T01563,V048,D036,2026-01-02,Riverside Hub,Eastfield Park,105.3,1.66,10.6,16.63,service_run
T01755,V028,D064,2026-01-02,Northgate DC,Westside Yard,448.7,6.8,54.5,83.01,service_run
T02005,V045,D076,2026-01-02,Eastfield Park,Harbor Terminal,299.5,4.67,50.5,84.14,delivery
T02893,V014,D031,2026-01-02,Northgate DC,Harbor Terminal,43.0,0.7,4.2,6.53,delivery
T03159,V040,D067,2026-01-02,Eastfield Park,Airport Cargo,534.6,9.12,52.5,88.21,delivery
T03294,V065,D080,2026-01-02,Westside Yard,Airport Cargo,318.2,6.12,36.8,63.5,delivery
T03400,V007,D004,2026-01-02,Airport Cargo,Eastfield Park,168.2,3.12,17.2,28.04,delivery
T03760,V104,D068,2026-01-02,Springfield Depot,Northgate DC,154.1,3.83,20.1,30.01,pickup
T03805,V047,D050,2026-01-02,Northgate DC,Springfield Depot,21.6,0.34,3.5,5.34,pickup
T04840,V021,D037,2026-01-02,Eastfield Park,Airport Cargo,420.6,6.06,39.2,59.46,delivery
T04842,V039,D045,2026-01-02,Downtown Drop,Harbor Terminal,198.5,3.12,19.6,33.95,delivery
T05112,V040,D067,2026-01-02,Harbor Terminal,Springfield Depot,88.3,1.64,14.0,22.11,delivery
T00256,V116,D012,2026-01-03,Downtown Drop,Westside Yard,139.1,2.12,24.4,36.23,delivery
T00452,V062,D056,2026-01-03,Westside Yard,Harbor Terminal,232.2,5.23,38.5,60.97,pickup
T01707,V070,D026,2026-01-03,Eastfield Park,Downtown Drop,375.1,9.0,53.3,90.66,delivery
T02215,V107,D015,2026-01-03,Downtown Drop,Westside Yard,35.1,0.72,4.0,6.61,delivery
T02238,V094,D078,2026-01-03,Eastfield Park,Northgate DC,136.1,2.93,12.8,18.64,transfer
T02470,V029,D060,2026-01-03,Eastfield Park,Harbor Terminal,31.0,0.46,5.2,7.82,delivery
T02750,V117,D027,2026-01-03,Riverside Hub,Airport Cargo,111.8,2.03,16.3,25.68,transfer
T02924,V048,D036,2026-01-03,Eastfield Park,Westside Yard,212.6,5.2,21.3,36.94,delivery
T02927,V019,D041,2026-01-03,Springfield Depot,Airport Cargo,209.0,3.34,25.2,37.11,delivery
T03144,V007,D004,2026-01-03,Harbor Terminal,Riverside Hub,442.5,9.63,55.5,84.02,pickup
T03742,V013,D016,2026-01-03,Springfield Depot,Riverside Hub,379.8,7.25,43.1,63.94,transfer
T04429,V109,D051,2026-01-03,Northgate DC,Downtown Drop,431.3,6.69,48.9,79.02,delivery
T04520,V052,D065,2026-01-03,Downtown Drop,Northgate DC,88.3,1.63,10.7,18.6,pickup
T04737,V109,D051,2026-01-03,Airport Cargo,Eastfield Park,582.8,11.86,100.2,171.25,delivery
T04741,V027,D049,2026-01-03,Westside Yard,Northgate DC,33.2,0.56,3.8,6.56,transfer
T04974,V053,D019,2026-01-03,Northgate DC,Springfield Depot,578.5,11.81,71.4,108.46,pickup
T05055,V006,D006,2026-01-03,Eastfield Park,Westside Yard,512.9,11.23,57.6,89.01,delivery
T00017,V046,D071,2026-01-04,Westside Yard,Northgate DC,196.8,3.21,20.5,33.45,delivery
T00223,V108,D063,2026-01-04,Westside Yard,Riverside Hub,318.9,4.89,36.1,57.67,delivery
T00706,V052,D065,2026-01-04,Westside Yard,Springfield Depot,262.0,4.51,29.6,43.01,delivery
T01087,V101,D017,2026-01-04,Springfield Depot,Northgate DC,533.4,10.02,53.6,92.18,delivery
T01987,V105,D023,2026-01-04,Riverside Hub,Springfield Depot,19.4,0.49,2.0,3.31,service_run
T02145,V038,D011,2026-01-04,Riverside Hub,Springfield Depot,112.0,1.64,11.1,16.83,delivery
T02194,V117,D027,2026-01-04,Riverside Hub,Airport Cargo,523.6,13.15,76.8,128.81,delivery
T02503,V117,D027,2026-01-04,Northgate DC,Downtown Drop,71.6,1.56,9.0,14.25,service_run
T03710,V110,D072,2026-01-04,Northgate DC,Airport Cargo,373.9,7.55,45.3,75.75,delivery
T03824,V052,D065,2026-01-04,Airport Cargo,Northgate DC,70.6,1.07,9.2,16.06,delivery
T04105,V028,D064,2026-01-04,Eastfield Park,Airport Cargo,174.5,3.33,23.3,35.05,pickup
T04885,V052,D065,2026-01-04,Airport Cargo,Springfield Depot,42.6,0.89,6.7,11.46,pickup
T05082,V108,D063,2026-01-04,Springfield Depot,Riverside Hub,544.3,10.01,90.4,150.7,transfer
T00164,V116,D012,2026-01-05,Springfield Depot,Westside Yard,223.1,3.3,27.6,47.86,pickup
T00383,V116,D012,2026-01-05,Harbor Terminal,Eastfield Park,315.0,5.15,42.1,62.08,pickup
T00840,V110,D072,2026-01-05,Northgate DC,Eastfield Park,150.2,2.59,16.3,27.15,delivery
T01322,V081,D042,2026-01-05,Eastfield Park,Westside Yard,15.3,0.25,1.9,3.07,service_run
T01412,V101,D017,2026-01-05,Westside Yard,Springfield Depot,148.5,3.79,22.2,32.27,transfer
T01471,V117,D027,2026-01-05,Westside Yard,Harbor Terminal,261.5,4.28,39.2,57.47,service_run
T01541,V006,D006,2026-01-05,Springfield Depot,Eastfield Park,579.2,13.47,104.7,161.45,service_run
T01699,V044,D020,2026-01-05,Northgate DC,Harbor Terminal,183.5,4.25,17.9,28.96,delivery
T01701,V019,D041,2026-01-05,Westside Yard,Springfield Depot,616.2,11.54,104.5,153.37,delivery
T01704,V010,D040,2026-01-05,Riverside Hub,Downtown Drop,135.8,2.62,23.9,36.91,delivery
T01980,V104,D068,2026-01-05,Harbor Terminal,Riverside Hub,526.7,13.62,85.3,148.45,transfer
T02206,V038,D011,2026-01-05,Northgate DC,Harbor Terminal,467.8,8.54,43.6,65.63,pickup
T02216,V035,D069,2026-01-05,Northgate DC,Springfield Depot,194.6,3.56,35.0,53.2,delivery
T02311,V109,D051,2026-01-05,Northgate DC,Harbor Terminal,523.6,11.24,71.2,107.72,pickup
T02388,V028,D064,2026-01-05,Springfield Depot,Northgate DC,531.0,11.69,75.6,131.79,delivery
T02478,V044,D020,2026-01-05,Downtown Drop,Westside Yard,464.5,8.0,78.0,123.99,transfer
T02568,V024,D079,2026-01-05,Eastfield Park,Airport Cargo,210.7,4.91,23.6,36.5,transfer
T03186,V019,D041,2026-01-05,Northgate DC,Eastfield Park,499.3,10.47,54.8,79.59,transfer
T03264,V040,D067,2026-01-05,Harbor Terminal,Riverside Hub,313.0,7.32,46.2,80.07,service_run
T03617,V037,D035,2026-01-05,Springfield Depot,Westside Yard,604.8,15.41,61.1,102.89,service_run
T03796,V092,D044,2026-01-05,Westside Yard,Springfield Depot,591.6,12.16,106.8,171.11,delivery
T03956,V014,D031,2026-01-05,Northgate DC,Downtown Drop,612.5,15.68,62.5,94.89,delivery
T04058,V019,D041,2026-01-05,Springfield Depot,Downtown Drop,108.6,1.7,11.2,17.69,pickup
T04075,V027,D049,2026-01-05,Eastfield Park,Downtown Drop,556.0,8.22,66.7,101.71,service_run
T04253,V038,D011,2026-01-05,Northgate DC,Downtown Drop,362.8,7.48,39.5,57.72,delivery
T04495,V047,D050,2026-01-05,Downtown Drop,Riverside Hub,501.1,11.66,49.7,81.71,delivery
T04954,V081,D042,2026-01-05,Springfield Depot,Westside Yard,417.1,9.58,66.6,112.93,service_run
T05114,V069,D066,2026-01-05,Riverside Hub,Eastfield Park,578.5,13.79,74.5,126.3,pickup
T00046,V053,D019,2026-01-06,Riverside Hub,Northgate DC,268.4,6.44,25.7,38.08,delivery
T00217,V084,D013,2026-01-06,Airport Cargo,Eastfield Park,68.1,1.49,9.0,13.46,delivery
T00340,V043,D073,2026-01-06,Riverside Hub,Westside Yard,608.7,11.42,89.4,154.82,transfer
T00502,V028,D064,2026-01-06,Eastfield Park,Westside Yard,320.4,6.12,39.9,68.23,delivery
T00876,V043,D073,2026-01-06,Harbor Terminal,Westside Yard,524.1,9.41,62.7,93.22,service_run
T01236,V032,D062,2026-01-06,Downtown Drop,Springfield Depot,317.9,5.85,43.7,67.16,delivery
T01385,V019,D041,2026-01-06,Riverside Hub,Northgate DC,578.5,13.9,65.6,114.3,delivery
T01909,V021,D037,2026-01-06,Northgate DC,Eastfield Park,210.8,4.35,31.8,51.86,service_run
T02175,V061,D001,2026-01-06,Eastfield Park,Springfield Depot,99.1,2.14,16.1,27.48,pickup
T04460,V019,D041,2026-01-06,Riverside Hub,Harbor Terminal,405.3,8.99,48.0,75.8,transfer
T04713,V077,D029,2026-01-06,Westside Yard,Harbor Terminal,431.2,9.48,61.4,90.39,service_run
T05129,V012,D057,2026-01-06,Springfield Depot,Eastfield Park,184.8,4.43,31.5,47.67,delivery
T00030,V063,D010,2026-01-07,Harbor Terminal,Northgate DC,451.4,6.74,49.6,77.94,service_run
T00360,V094,D078,2026-01-07,Northgate DC,Riverside Hub,520.5,10.91,59.2,103.39,transfer
T00657,V101,D017,2026-01-07,Westside Yard,Harbor Terminal,364.1,6.59,39.1,59.16,delivery
T00833,V065,D080,2026-01-07,Northgate DC,Airport Cargo,428.4,7.69,64.9,99.97,delivery
T00947,V109,D051,2026-01-07,Downtown Drop,Springfield Depot,468.1,9.86,55.0,86.94,delivery
T01055,V074,D009,2026-01-07,Springfield Depot,Downtown Drop,604.9,9.99,62.2,94.08,service_run
T01232,V013,D016,2026-01-07,Airport Cargo,Springfield Depot,106.7,1.72,12.7,22.12,delivery
T01259,V035,D069,2026-01-07,Downtown Drop,Springfield Depot,606.2,9.42,61.5,105.42,transfer
T02368,V062,D056,2026-01-07,Springfield Depot,Eastfield Park,540.5,9.72,71.4,108.81,delivery
T02409,V004,D003,2026-01-07,Airport Cargo,Springfield Depot,248.9,5.9,35.5,52.78,delivery
T02412,V104,D068,2026-01-07,Harbor Terminal,Springfield Depot,467.6,10.42,53.6,90.92,delivery
T02461,V012,D057,2026-01-07,Harbor Terminal,Riverside Hub,231.4,4.34,25.7,40.34,transfer
T02491,V117,D027,2026-01-07,Harbor Terminal,Westside Yard,40.0,0.61,6.6,11.18,delivery
T02845,V002,D074,2026-01-07,Springfield Depot,Harbor Terminal,120.4,1.99,15.4,24.43,delivery
T03014,V069,D066,2026-01-07,Downtown Drop,Eastfield Park,492.0,9.37,58.3,86.31,pickup
T04094,V035,D069,2026-01-07,Riverside Hub,Downtown Drop,160.2,3.68,18.9,29.34,delivery
T04303,V068,D025,2026-01-07,Northgate DC,Riverside Hub,546.3,11.95,86.5,127.54,delivery
T04641,V004,D003,2026-01-07,Downtown Drop,Northgate DC,144.2,3.49,26.2,42.1,transfer
T04837,V041,D047,2026-01-07,Harbor Terminal,Eastfield Park,251.5,4.7,37.0,60.35,service_run
T04839,V081,D042,2026-01-07,Airport Cargo,Springfield Depot,280.0,4.27,26.7,40.21,transfer
T04881,V102,D038,2026-01-07,Downtown Drop,Springfield Depot,201.5,3.48,28.9,45.02,pickup
T05079,V040,D067,2026-01-07,Springfield Depot,Northgate DC,398.4,9.37,52.6,91.93,delivery
T05080,V030,D022,2026-01-07,Northgate DC,Eastfield Park,472.6,9.04,78.9,137.06,service_run
T00439,V098,D018,2026-01-08,Northgate DC,Airport Cargo,172.5,2.62,23.9,40.64,service_run
T00547,V026,D021,2026-01-08,Westside Yard,Springfield Depot,190.8,2.76,29.0,43.78,delivery
T00601,V010,D040,2026-01-08,Northgate DC,Harbor Terminal,582.7,10.49,94.1,158.89,delivery
T01099,V040,D067,2026-01-08,Springfield Depot,Riverside Hub,523.2,8.51,77.9,121.23,transfer
T01708,V114,D070,2026-01-08,Harbor Terminal,Downtown Drop,606.3,10.98,91.7,138.83,service_run
T01718,V004,D003,2026-01-08,Eastfield Park,Westside Yard,213.8,4.24,30.0,49.68,delivery
T01803,V032,D062,2026-01-08,Springfield Depot,Westside Yard,591.1,14.28,56.0,91.4,delivery
T02274,V069,D066,2026-01-08,Northgate DC,Springfield Depot,43.3,0.77,6.4,9.76,delivery
T02300,V012,D057,2026-01-08,Northgate DC,Springfield Depot,267.4,6.5,35.1,54.29,delivery
T02548,V116,D012,2026-01-08,Harbor Terminal,Downtown Drop,202.8,3.05,24.0,41.29,service_run
T02596,V026,D021,2026-01-08,Springfield Depot,Northgate DC,159.6,2.29,21.5,32.25,delivery
T02800,V038,D011,2026-01-08,Harbor Terminal,Downtown Drop,454.2,7.89,45.1,77.54,pickup
T02889,V110,D072,2026-01-08,Airport Cargo,Eastfield Park,560.8,10.17,60.4,99.25,pickup
T03132,V024,D079,2026-01-08,Harbor Terminal,Airport Cargo,600.9,8.7,58.9,89.92,service_run
T03689,V027,D049,2026-01-08,Northgate DC,Springfield Depot,235.3,5.48,22.6,34.46,delivery
T03843,V060,D005,2026-01-08,Downtown Drop,Eastfield Park,240.0,4.78,23.6,38.5,service_run
T03867,V074,D009,2026-01-08,Airport Cargo,Northgate DC,28.6,0.43,2.9,4.27,transfer
T04168,V018,D028,2026-01-08,Eastfield Park,Airport Cargo,149.5,3.0,21.3,36.65,delivery
T04383,V114,D070,2026-01-08,Springfield Depot,Eastfield Park,140.9,2.57,17.3,26.11,service_run
T04815,V107,D015,2026-01-08,Springfield Depot,Riverside Hub,511.2,7.87,56.9,88.46,delivery
T05125,V062,D056,2026-01-08,Northgate DC,Harbor Terminal,175.0,3.18,20.9,34.46,delivery
T05187,V028,D064,2026-01-08,Harbor Terminal,Springfield Depot,574.1,10.31,83.7,129.66,pickup
T00036,V104,D068,2026-01-09,Riverside Hub,Airport Cargo,206.4,4.24,21.9,38.24,delivery
T00095,V060,D005,2026-01-09,Westside Yard,Springfield Depot,195.3,3.51,18.8,30.39,delivery
T00387,V027,D049,2026-01-09,Riverside Hub,Westside Yard,253.9,3.76,27.2,47.42,delivery
T00575,V002,D074,2026-01-09,Airport Cargo,Harbor Terminal,284.7,5.87,28.4,46.03,pickup
T00960,V055,D059,2026-01-09,Eastfield Park,Westside Yard,523.1,8.27,60.9,100.83,transfer
T01335,V053,D019,2026-01-09,Riverside Hub,Harbor Terminal,101.0,2.01,9.6,15.06,delivery
T01469,V095,D034,2026-01-09,Harbor Terminal,Northgate DC,390.8,6.3,35.8,52.34,delivery
T01911,V107,D015,2026-01-09,Harbor Terminal,Springfield Depot,477.7,7.65,61.5,99.77,pickup
T01934,V047,D050,2026-01-09,Northgate DC,Airport Cargo,398.2,6.35,49.5,79.74,transfer
T02037,V038,D011,2026-01-09,Airport Cargo,Downtown Drop,607.0,10.41,77.8,121.75,delivery
T02197,V060,D005,2026-01-09,Westside Yard,Riverside Hub,195.4,3.83,21.4,31.15,delivery
T02252,V006,D006,2026-01-09,Harbor Terminal,Northgate DC,235.7,5.47,41.9,63.27,pickup
T02444,V046,D071,2026-01-09,Northgate DC,Eastfield Park,349.1,9.09,53.7,82.34,delivery
T02460,V063,D010,2026-01-09,Airport Cargo,Eastfield Park,283.7,4.79,47.2,69.42,transfer
T02493,V013,D016,2026-01-09,Westside Yard,Northgate DC,310.2,6.88,28.3,47.89,delivery
T02836,V081,D042,2026-01-09,Eastfield Park,Airport Cargo,463.0,7.86,61.3,101.56,delivery
T03055,V092,D044,2026-01-09,Riverside Hub,Springfield Depot,282.5,4.04,41.1,59.6,transfer
T03272,V061,D001,2026-01-09,Airport Cargo,Eastfield Park,73.0,1.26,8.9,13.33,delivery
T03989,V038,D011,2026-01-09,Westside Yard,Northgate DC,332.1,8.24,44.3,74.2,transfer
T04375,V117,D027,2026-01-09,Eastfield Park,Springfield Depot,302.3,4.43,35.0,56.58,delivery
T04439,V040,D067,2026-01-09,Northgate DC,Eastfield Park,504.7,7.65,56.7,88.33,transfer
T05103,V117,D027,2026-01-09,Westside Yard,Airport Cargo,212.6,3.9,20.2,30.5,service_run
T00234,V035,D069,2026-01-10,Downtown Drop,Northgate DC,123.2,2.57,13.1,22.02,pickup
T00419,V055,D059,2026-01-10,Harbor Terminal,Springfield Depot,234.6,4.0,24.9,42.87,delivery
T01224,V108,D063,2026-01-10,Eastfield Park,Northgate DC,489.1,8.53,45.4,73.13,service_run
T01284,V014,D031,2026-01-10,Northgate DC,Downtown Drop,418.6,6.72,41.0,65.33,delivery
T01665,V113,D053,2026-01-10,Westside Yard,Downtown Drop,176.4,3.89,16.9,26.05,delivery
T01694,V021,D037,2026-01-10,Downtown Drop,Riverside Hub,184.6,3.55,20.9,31.41,delivery
T02093,V117,D027,2026-01-10,Riverside Hub,Northgate DC,301.9,5.29,34.8,55.15,delivery
T02476,V081,D042,2026-01-10,Harbor Terminal,Westside Yard,126.4,2.35,17.1,27.43,delivery
T02806,V047,D050,2026-01-10,Westside Yard,Harbor Terminal,339.5,8.8,31.4,52.83,service_run
T03093,V028,D064,2026-01-10,Eastfield Park,Westside Yard,324.1,6.9,35.7,56.63,delivery
T03126,V063,D010,2026-01-10,Riverside Hub,Springfield Depot,604.3,9.04,63.3,93.5,delivery
T03212,V040,D067,2026-01-10,Springfield Depot,Northgate DC,591.5,9.82,70.2,110.45,pickup
T03575,V110,D072,2026-01-10,Northgate DC,Eastfield Park,186.6,3.98,23.2,36.65,delivery
T03770,V081,D042,2026-01-10,Northgate DC,Eastfield Park,142.5,2.72,13.5,22.87,pickup
T03962,V116,D012,2026-01-10,Downtown Drop,Westside Yard,609.8,9.38,83.8,136.68,delivery
T04242,V028,D064,2026-01-10,Riverside Hub,Westside Yard,579.5,9.2,53.8,94.04,delivery
T00272,V002,D074,2026-01-11,Harbor Terminal,Airport Cargo,414.8,7.19,51.9,82.22,delivery
T00486,V055,D059,2026-01-11,Airport Cargo,Harbor Terminal,438.7,7.57,55.2,90.28,pickup
T00809,V024,D079,2026-01-11,Riverside Hub,Eastfield Park,293.9,7.63,48.3,76.71,delivery
T00823,V004,D003,2026-01-11,Northgate DC,Eastfield Park,607.1,11.26,59.5,90.64,service_run
T01281,V041,D047,2026-01-11,Downtown Drop,Springfield Depot,196.7,3.94,20.5,32.86,delivery
T01342,V024,D079,2026-01-11,Airport Cargo,Riverside Hub,350.8,6.64,34.6,51.76,delivery
T01429,V116,D012,2026-01-11,Riverside Hub,Westside Yard,393.0,6.31,66.7,105.94,service_run
T01476,V048,D036,2026-01-11,Springfield Depot,Downtown Drop,214.9,3.98,35.4,54.62,transfer
T01862,V107,D015,2026-01-11,Riverside Hub,Eastfield Park,220.4,5.13,21.4,34.87,transfer
T02243,V035,D069,2026-01-11,Eastfield Park,Westside Yard,25.9,0.68,3.8,6.05,delivery
T03013,V048,D036,2026-01-11,Riverside Hub,Westside Yard,151.3,2.69,17.4,26.42,delivery
T03080,V019,D041,2026-01-11,Springfield Depot,Downtown Drop,304.0,5.92,31.9,46.54,service_run
T03247,V027,D049,2026-01-11,Riverside Hub,Eastfield Park,221.1,5.42,34.3,56.42,transfer
T03249,V004,D003,2026-01-11,Airport Cargo,Harbor Terminal,342.4,4.91,45.8,77.8,service_run
T03312,V062,D056,2026-01-11,Northgate DC,Downtown Drop,376.5,5.82,56.9,98.86,transfer
T03338,V065,D080,2026-01-11,Westside Yard,Riverside Hub,180.5,3.69,16.7,27.94,delivery
T03343,V018,D028,2026-01-11,Harbor Terminal,Westside Yard,572.4,12.65,65.9,97.71,delivery
T03346,V095,D034,2026-01-11,Riverside Hub,Harbor Terminal,153.0,3.69,22.9,33.31,delivery
T03450,V109,D051,2026-01-11,Airport Cargo,Downtown Drop,426.1,10.65,55.4,85.03,delivery
T03743,V026,D021,2026-01-11,Airport Cargo,Harbor Terminal,611.8,10.15,82.6,128.76,pickup
T03838,V024,D079,2026-01-11,Eastfield Park,Harbor Terminal,498.4,7.27,50.5,82.75,pickup
T04181,V074,D009,2026-01-11,Harbor Terminal,Airport Cargo,286.4,6.28,45.0,69.74,delivery
T04335,V048,D036,2026-01-11,Westside Yard,Springfield Depot,232.9,3.72,23.7,41.08,delivery
T04507,V002,D074,2026-01-11,Downtown Drop,Northgate DC,231.3,5.3,21.6,37.66,pickup
T04987,V105,D023,2026-01-11,Downtown Drop,Airport Cargo,510.6,9.62,78.1,127.71,delivery
T00049,V110,D072,2026-01-12,Riverside Hub,Westside Yard,589.4,9.64,60.2,103.63,service_run
T00259,V053,D019,2026-01-12,Riverside Hub,Eastfield Park,110.3,1.99,18.0,29.07,delivery
T00412,V026,D021,2026-01-12,Harbor Terminal,Airport Cargo,131.1,2.45,19.1,33.38,pickup
T00456,V061,D001,2026-01-12,Harbor Terminal,Downtown Drop,610.4,13.28,65.9,104.01,transfer
T00553,V060,D005,2026-01-12,Harbor Terminal,Downtown Drop,213.2,5.07,36.8,58.97,transfer
T00741,V113,D053,2026-01-12,Eastfield Park,Harbor Terminal,29.3,0.45,3.0,4.38,delivery
T01190,V084,D013,2026-01-12,Airport Cargo,Westside Yard,82.1,1.7,7.7,12.81,delivery
T01485,V087,D039,2026-01-12,Harbor Terminal,Downtown Drop,160.6,2.96,16.3,26.7,delivery
T01569,V004,D003,2026-01-12,Westside Yard,Eastfield Park,404.0,10.42,62.9,96.92,pickup
T01809,V065,D080,2026-01-12,Airport Cargo,Downtown Drop,23.2,0.46,2.5,3.93,delivery
T02366,V065,D080,2026-01-12,Downtown Drop,Springfield Depot,399.6,8.54,56.9,82.96,delivery
T02894,V046,D071,2026-01-12,Springfield Depot,Downtown Drop,601.6,12.91,75.4,123.98,delivery
T03087,V039,D045,2026-01-12,Westside Yard,Eastfield Park,52.6,1.36,6.6,9.78,transfer
T03435,V117,D027,2026-01-12,Westside Yard,Riverside Hub,178.9,3.26,18.9,28.0,delivery
T03567,V040,D067,2026-01-12,Springfield Depot,Eastfield Park,450.2,10.94,52.5,77.1,delivery
T03621,V053,D019,2026-01-12,Harbor Terminal,Northgate DC,595.8,9.26,96.2,167.23,delivery
T04592,V063,D010,2026-01-12,Northgate DC,Eastfield Park,427.3,9.39,45.2,75.01,delivery
T00441,V109,D051,2026-01-13,Eastfield Park,Springfield Depot,351.2,7.97,33.2,48.68,delivery
T00811,V044,D020,2026-01-13,Westside Yard,Springfield Depot,255.1,4.89,32.4,50.57,delivery
T00943,V069,D066,2026-01-13,Downtown Drop,Eastfield Park,37.1,0.97,4.0,6.63,transfer
T01186,V035,D069,2026-01-13,Downtown Drop,Riverside Hub,113.8,2.03,18.5,30.31,service_run
T01711,V069,D066,2026-01-13,Harbor Terminal,Eastfield Park,269.5,5.19,46.2,77.32,pickup
T01994,V012,D057,2026-01-13,Westside Yard,Downtown Drop,486.3,7.68,85.7,134.32,pickup
T02027,V113,D053,2026-01-13,Eastfield Park,Harbor Terminal,572.0,8.47,62.9,96.66,delivery
T02609,V060,D005,2026-01-13,Airport Cargo,Eastfield Park,49.6,1.04,6.6,9.66,service_run
T02751,V028,D064,2026-01-13,Eastfield Park,Northgate DC,430.6,6.36,47.9,75.23,service_run
T03347,V082,D055,2026-01-13,Downtown Drop,Northgate DC,536.2,7.68,83.9,134.73,transfer
T03683,V104,D068,2026-01-13,Riverside Hub,Harbor Terminal,606.9,11.6,85.6,130.18,transfer
T03922,V068,D025,2026-01-13,Harbor Terminal,Downtown Drop,186.8,3.38,18.3,26.93,delivery
T03979,V113,D053,2026-01-13,Harbor Terminal,Downtown Drop,275.8,4.79,42.1,64.94,pickup
T04229,V048,D036,2026-01-13,Airport Cargo,Riverside Hub,261.1,6.08,41.0,64.49,pickup
T04895,V048,D036,2026-01-13,Eastfield Park,Downtown Drop,189.7,2.76,21.3,33.84,delivery
T05155,V024,D079,2026-01-13,Northgate DC,Springfield Depot,299.8,5.13,27.8,45.1,transfer
T00045,V107,D015,2026-01-14,Springfield Depot,Northgate DC,139.3,2.71,15.0,22.2,transfer
T00255,V113,D053,2026-01-14,Harbor Terminal,Downtown Drop,130.1,2.68,12.3,20.67,delivery
T00364,V002,D074,2026-01-14,Eastfield Park,Springfield Depot,173.9,2.95,16.2,27.83,pickup
T00392,V065,D080,2026-01-14,Riverside Hub,Westside Yard,198.2,3.19,22.2,37.3,pickup
T00447,V065,D080,2026-01-14,Eastfield Park,Airport Cargo,32.5,0.56,4.0,6.12,service_run
T00784,V114,D070,2026-01-14,Airport Cargo,Springfield Depot,145.9,3.01,19.4,29.41,service_run
T00954,V014,D031,2026-01-14,Northgate DC,Eastfield Park,77.3,1.38,11.6,17.26,transfer
T00987,V048,D036,2026-01-14,Westside Yard,Springfield Depot,429.3,8.06,42.3,65.71,pickup
T01167,V003,D058,2026-01-14,Northgate DC,Eastfield Park,221.5,4.2,20.6,35.44,delivery
T01467,V082,D055,2026-01-14,Airport Cargo,Springfield Depot,429.4,6.27,72.8,122.32,delivery
T02046,V081,D042,2026-01-14,Westside Yard,Downtown Drop,588.2,10.07,92.9,158.21,transfer
T02660,V027,D049,2026-01-14,Airport Cargo,Harbor Terminal,306.5,5.26,43.6,65.12,delivery
T03162,V008,D046,2026-01-14,Downtown Drop,Harbor Terminal,215.3,3.76,29.3,49.43,service_run
T03996,V055,D059,2026-01-14,Airport Cargo,Northgate DC,557.6,11.99,57.1,87.15,delivery
T04456,V044,D020,2026-01-14,Northgate DC,Downtown Drop,301.1,4.8,32.2,52.12,transfer
T04664,V047,D050,2026-01-14,Springfield Depot,Riverside Hub,210.0,4.78,28.6,49.41,service_run
T04813,V006,D006,2026-01-14,Westside Yard,Northgate DC,252.6,5.45,26.0,40.41,service_run
T04921,V117,D027,2026-01-14,Eastfield Park,Northgate DC,351.7,6.4,34.0,53.27,transfer
T05159,V029,D060,2026-01-14,Harbor Terminal,Springfield Depot,29.3,0.77,4.7,7.23,transfer
T00082,V105,D023,2026-01-15,Springfield Depot,Downtown Drop,39.2,0.58,3.7,6.05,service_run
T00142,V074,D009,2026-01-15,Riverside Hub,Westside Yard,486.3,7.09,79.0,126.23,delivery
T01200,V014,D031,2026-01-15,Eastfield Park,Westside Yard,367.6,5.57,34.0,57.32,delivery
T01752,V029,D060,2026-01-15,Harbor Terminal,Airport Cargo,50.8,0.73,8.5,13.99,service_run
T02208,V081,D042,2026-01-15,Airport Cargo,Riverside Hub,370.7,7.68,38.8,62.7,pickup
T02483,V012,D057,2026-01-15,Riverside Hub,Airport Cargo,94.9,1.78,16.1,25.99,pickup
T02673,V053,D019,2026-01-15,Northgate DC,Westside Yard,420.0,8.95,45.8,77.52,delivery
T02940,V108,D063,2026-01-15,Springfield Depot,Westside Yard,447.3,7.66,70.3,113.62,service_run
T03098,V101,D017,2026-01-15,Westside Yard,Riverside Hub,435.3,8.78,63.0,95.46,transfer
T03546,V044,D020,2026-01-15,Airport Cargo,Northgate DC,476.4,9.1,46.5,80.72,delivery
T03652,V074,D009,2026-01-15,Riverside Hub,Downtown Drop,429.8,6.59,62.9,102.37,delivery
T04387,V024,D079,2026-01-15,Riverside Hub,Northgate DC,349.7,6.74,31.9,49.67,delivery
T04716,V012,D057,2026-01-15,Northgate DC,Harbor Terminal,87.9,1.81,10.8,18.77,transfer
T04864,V062,D056,2026-01-15,Westside Yard,Harbor Terminal,415.6,6.64,53.6,81.54,transfer
T04945,V039,D045,2026-01-15,Eastfield Park,Westside Yard,167.2,4.3,22.2,36.62,service_run
T04959,V041,D047,2026-01-15,Airport Cargo,Riverside Hub,29.2,0.42,4.0,6.56,delivery
T05101,V077,D029,2026-01-15,Westside Yard,Eastfield Park,58.9,1.09,7.1,12.37,transfer
T00114,V039,D045,2026-01-16,Riverside Hub,Westside Yard,234.1,5.16,24.8,42.0,service_run
T00133,V002,D074,2026-01-16,Downtown Drop,Northgate DC,67.5,1.14,9.6,15.09,delivery
T00325,V038,D011,2026-01-16,Riverside Hub,Springfield Depot,490.2,7.36,60.0,99.99,transfer
T00397,V107,D015,2026-01-16,Eastfield Park,Harbor Terminal,321.5,4.65,42.0,68.67,delivery
T01357,V077,D029,2026-01-16,Springfield Depot,Eastfield Park,251.4,3.87,34.0,57.5,pickup
T01598,V087,D039,2026-01-16,Eastfield Park,Northgate DC,512.7,7.91,48.6,83.44,pickup
T01878,V080,D054,2026-01-16,Riverside Hub,Northgate DC,106.3,1.57,15.0,26.05,pickup
T02258,V087,D039,2026-01-16,Westside Yard,Riverside Hub,539.5,12.86,61.4,100.39,delivery
T02617,V032,D062,2026-01-16,Downtown Drop,Harbor Terminal,74.3,1.11,8.7,14.67,pickup
T02903,V008,D046,2026-01-16,Airport Cargo,Northgate DC,386.1,5.7,44.7,73.49,service_run
T02923,V104,D068,2026-01-16,Springfield Depot,Northgate DC,48.3,0.72,7.1,11.15,delivery
T03386,V110,D072,2026-01-16,Springfield Depot,Eastfield Park,473.7,12.44,68.3,113.91,pickup
T03570,V048,D036,2026-01-16,Airport Cargo,Downtown Drop,21.1,0.31,3.4,5.83,delivery
T03780,V019,D041,2026-01-16,Riverside Hub,Airport Cargo,111.8,2.49,11.3,18.08,delivery
T03823,V082,D055,2026-01-16,Downtown Drop,Riverside Hub,49.2,1.07,8.1,13.64,delivery
T03985,V107,D015,2026-01-16,Northgate DC,Harbor Terminal,465.3,7.43,43.0,65.39,delivery
T04237,V003,D058,2026-01-16,Springfield Depot,Downtown Drop,166.0,3.97,26.6,43.33,transfer
T04274,V026,D021,2026-01-16,Harbor Terminal,Northgate DC,192.1,2.89,19.3,33.58,pickup
T04503,V061,D001,2026-01-16,Westside Yard,Riverside Hub,501.7,7.8,90.8,135.22,service_run
T05040,V114,D070,2026-01-16,Airport Cargo,Eastfield Park,596.2,12.51,85.7,133.06,pickup
T00019,V114,D070,2026-01-17,Downtown Drop,Riverside Hub,54.7,0.87,5.8,9.32,transfer
T00574,V107,D015,2026-01-17,Airport Cargo,Harbor Terminal,380.2,6.24,35.6,56.52,delivery
T00775,V052,D065,2026-01-17,Riverside Hub,Springfield Depot,589.0,11.33,89.0,145.84,transfer
T00783,V002,D074,2026-01-17,Riverside Hub,Eastfield Park,330.7,5.76,47.9,77.16,transfer
T00852,V006,D006,2026-01-17,Eastfield Park,Westside Yard,155.2,2.91,16.9,28.36,service_run
T01067,V026,D021,2026-01-17,Riverside Hub,Harbor Terminal,498.1,7.38,49.1,80.18,delivery
T01799,V113,D053,2026-01-17,Springfield Depot,Eastfield Park,517.0,13.44,78.3,116.46,pickup
T02138,V037,D035,2026-01-17,Springfield Depot,Downtown Drop,119.4,2.88,11.6,17.46,service_run
T02190,V104,D068,2026-01-17,Downtown Drop,Harbor Terminal,258.3,5.93,30.7,52.53,delivery
T02482,V006,D006,2026-01-17,Westside Yard,Airport Cargo,350.0,6.3,34.9,54.86,delivery
T02772,V039,D045,2026-01-17,Springfield Depot,Downtown Drop,332.9,5.33,52.0,83.62,delivery
T03197,V043,D073,2026-01-17,Airport Cargo,Northgate DC,28.9,0.42,2.8,4.28,delivery
T03265,V087,D039,2026-01-17,Airport Cargo,Eastfield Park,482.9,11.37,49.6,83.62,delivery
T03391,V101,D017,2026-01-17,Eastfield Park,Springfield Depot,557.0,9.4,53.0,88.82,delivery
T04391,V059,D002,2026-01-17,Airport Cargo,Eastfield Park,335.6,5.5,46.9,71.4,service_run
T04475,V013,D016,2026-01-17,Northgate DC,Eastfield Park,309.2,7.11,53.7,88.69,pickup
T04882,V109,D051,2026-01-17,Eastfield Park,Northgate DC,521.8,9.91,61.9,94.26,delivery
T05025,V113,D053,2026-01-17,Westside Yard,Downtown Drop,441.9,8.58,71.1,114.88,transfer
T00076,V053,D019,2026-01-18,Northgate DC,Downtown Drop,610.0,15.26,65.9,111.06,delivery
T00116,V028,D064,2026-01-18,Northgate DC,Springfield Depot,96.5,2.23,11.6,20.03,transfer
T00129,V010,D040,2026-01-18,Riverside Hub,Downtown Drop,250.4,5.87,27.8,48.03,pickup
T00300,V050,D007,2026-01-18,Springfield Depot,Airport Cargo,487.3,9.66,69.4,121.37,delivery
T00350,V032,D062,2026-01-18,Westside Yard,Harbor Terminal,158.9,3.78,27.7,42.33,delivery
T00932,V060,D005,2026-01-18,Airport Cargo,Harbor Terminal,565.9,9.21,77.3,133.88,delivery
T01649,V095,D034,2026-01-18,Northgate DC,Eastfield Park,532.6,12.16,86.6,145.37,pickup
T01759,V004,D003,2026-01-18,Riverside Hub,Airport Cargo,614.4,12.92,102.5,175.23,delivery
T02081,V105,D023,2026-01-18,Northgate DC,Eastfield Park,152.4,2.41,20.0,31.61,service_run
T02650,V063,D010,2026-01-18,Eastfield Park,Springfield Depot,577.6,13.91,92.5,149.28,pickup
T02950,V024,D079,2026-01-18,Harbor Terminal,Eastfield Park,523.0,9.8,85.8,128.37,delivery
T03033,V098,D018,2026-01-18,Airport Cargo,Westside Yard,311.5,6.15,33.4,49.09,transfer
T04096,V007,D004,2026-01-18,Northgate DC,Harbor Terminal,562.6,14.59,57.4,98.05,pickup
T04577,V014,D031,2026-01-18,Springfield Depot,Eastfield Park,277.6,4.79,27.4,46.67,pickup
T04935,V046,D071,2026-01-18,Riverside Hub,Westside Yard,380.5,5.59,35.1,61.4,delivery
T04942,V039,D045,2026-01-18,Airport Cargo,Harbor Terminal,587.4,9.62,57.6,84.95,transfer
T05041,V117,D027,2026-01-18,Eastfield Park,Airport Cargo,435.7,9.79,47.1,79.07,delivery
T05120,V053,D019,2026-01-18,Airport Cargo,Eastfield Park,332.4,7.75,56.6,98.25,pickup
T00496,V094,D078,2026-01-19,Eastfield Park,Riverside Hub,102.3,1.48,16.5,26.47,transfer
T00737,V059,D002,2026-01-19,Springfield Depot,Downtown Drop,342.6,5.11,58.5,88.12,delivery
T00766,V038,D011,2026-01-19,Downtown Drop,Westside Yard,343.4,7.3,45.2,73.95,delivery
T01049,V110,D072,2026-01-19,Harbor Terminal,Springfield Depot,123.2,1.82,12.7,20.1,service_run
T01751,V108,D063,2026-01-19,Airport Cargo,Harbor Terminal,15.7,0.33,2.4,3.57,delivery
T01947,V081,D042,2026-01-19,Riverside Hub,Northgate DC,373.5,8.27,48.6,82.33,delivery
T01950,V069,D066,2026-01-19,Downtown Drop,Westside Yard,72.6,1.33,12.2,21.0,delivery
T02040,V037,D035,2026-01-19,Northgate DC,Downtown Drop,583.8,11.08,60.4,104.84,pickup
T02047,V074,D009,2026-01-19,Northgate DC,Springfield Depot,230.9,3.34,26.7,44.0,delivery
T02068,V039,D045,2026-01-19,Springfield Depot,Downtown Drop,602.0,8.63,97.6,159.16,pickup
T02118,V040,D067,2026-01-19,Northgate DC,Harbor Terminal,193.2,3.74,28.2,40.95,transfer
T02177,V087,D039,2026-01-19,Springfield Depot,Airport Cargo,364.6,8.26,33.8,57.22,transfer
T02270,V039,D045,2026-01-19,Eastfield Park,Riverside Hub,30.4,0.68,4.1,6.99,delivery
T03090,V107,D015,2026-01-19,Riverside Hub,Harbor Terminal,567.0,9.65,74.6,123.52,service_run
T03114,V107,D015,2026-01-19,Airport Cargo,Westside Yard,430.1,7.19,40.5,60.86,delivery
T03191,V007,D004,2026-01-19,Springfield Depot,Harbor Terminal,388.9,7.01,36.2,58.23,delivery
T03248,V006,D006,2026-01-19,Springfield Depot,Harbor Terminal,471.7,9.23,61.0,95.88,service_run
T03934,V101,D017,2026-01-19,Eastfield Park,Riverside Hub,586.3,12.36,88.9,135.58,delivery
T04494,V116,D012,2026-01-19,Airport Cargo,Harbor Terminal,280.2,5.49,26.5,42.7,delivery
T04533,V068,D025,2026-01-19,Downtown Drop,Eastfield Park,438.7,6.78,48.3,75.67,delivery
T04760,V006,D006,2026-01-19,Downtown Drop,Northgate DC,512.8,13.21,68.8,112.82,pickup
T04963,V039,D045,2026-01-19,Downtown Drop,Northgate DC,614.8,10.83,96.1,147.47,transfer
T00344,V024,D079,2026-01-20,Eastfield Park,Riverside Hub,181.9,2.76,19.5,31.32,service_run
T01258,V102,D038,2026-01-20,Northgate DC,Harbor Terminal,553.3,11.31,74.9,122.82,service_run
T01486,V006,D006,2026-01-20,Springfield Depot,Westside Yard,304.4,4.66,45.2,71.43,pickup
T01818,V014,D031,2026-01-20,Airport Cargo,Springfield Depot,272.9,4.3,26.2,45.73,delivery
T02061,V117,D027,2026-01-20,Northgate DC,Harbor Terminal,442.2,8.05,78.6,134.42,pickup
T02448,V030,D022,2026-01-20,Northgate DC,Downtown Drop,478.5,12.51,56.8,98.2,delivery
T03118,V052,D065,2026-01-20,Harbor Terminal,Springfield Depot,49.0,1.0,8.2,13.66,pickup
T03361,V102,D038,2026-01-20,Eastfield Park,Springfield Depot,391.4,9.56,38.6,64.66,service_run
T03371,V094,D078,2026-01-20,Eastfield Park,Riverside Hub,305.9,5.92,31.1,51.7,delivery
T03840,V024,D079,2026-01-20,Airport Cargo,Springfield Depot,207.6,4.05,33.1,48.01,delivery
T03854,V082,D055,2026-01-20,Harbor Terminal,Springfield Depot,416.3,7.59,54.9,94.04,delivery
T04183,V101,D017,2026-01-20,Riverside Hub,Westside Yard,183.2,2.77,20.3,34.22,transfer
T04204,V029,D060,2026-01-20,Riverside Hub,Airport Cargo,199.2,5.08,27.3,45.56,delivery
T04397,V101,D017,2026-01-20,Eastfield Park,Downtown Drop,321.4,5.82,39.5,68.17,delivery
T04646,V110,D072,2026-01-20,Harbor Terminal,Downtown Drop,21.1,0.31,2.0,3.23,pickup
T04734,V012,D057,2026-01-20,Airport Cargo,Springfield Depot,110.7,1.93,11.6,19.21,delivery
T05110,V065,D080,2026-01-20,Downtown Drop,Riverside Hub,207.6,4.29,20.0,31.17,delivery
T00291,V010,D040,2026-01-21,Eastfield Park,Westside Yard,295.7,4.33,36.4,62.85,delivery
T00349,V104,D068,2026-01-21,Harbor Terminal,Riverside Hub,389.3,5.63,61.0,103.81,service_run
T00589,V037,D035,2026-01-21,Westside Yard,Northgate DC,41.6,0.74,5.0,7.53,delivery
T00620,V024,D079,2026-01-21,Riverside Hub,Northgate DC,63.3,1.58,10.6,15.46,delivery
T01378,V044,D020,2026-01-21,Riverside Hub,Westside Yard,130.0,2.87,14.4,23.72,pickup
T01538,V061,D001,2026-01-21,Westside Yard,Eastfield Park,98.6,1.48,10.5,16.11,service_run
T01676,V044,D020,2026-01-21,Riverside Hub,Springfield Depot,103.2,2.35,18.0,27.05,delivery
T01741,V062,D056,2026-01-21,Airport Cargo,Eastfield Park,254.1,4.27,37.5,64.3,delivery
T02000,V026,D021,2026-01-21,Riverside Hub,Airport Cargo,346.0,5.35,31.6,50.13,delivery
T02110,V104,D068,2026-01-21,Airport Cargo,Harbor Terminal,349.5,6.51,48.7,79.72,service_run
T02408,V107,D015,2026-01-21,Riverside Hub,Northgate DC,483.9,8.77,49.6,78.22,pickup
T02680,V038,D011,2026-01-21,Downtown Drop,Springfield Depot,359.8,6.4,53.0,78.33,delivery
T03154,V019,D041,2026-01-21,Springfield Depot,Riverside Hub,141.8,2.16,22.2,38.48,transfer
T03783,V018,D028,2026-01-21,Riverside Hub,Harbor Terminal,308.4,5.41,47.4,74.79,delivery
T04035,V027,D049,2026-01-21,Westside Yard,Eastfield Park,528.9,12.22,54.7,88.79,service_run
T04053,V029,D060,2026-01-21,Northgate DC,Westside Yard,528.2,10.75,66.8,101.8,delivery
T04486,V059,D002,2026-01-21,Eastfield Park,Westside Yard,603.7,12.37,98.1,171.15,delivery
T04855,V035,D069,2026-01-21,Downtown Drop,Northgate DC,357.5,5.54,62.2,101.48,pickup
T05181,V007,D004,2026-01-21,Springfield Depot,Northgate DC,388.9,10.14,50.0,77.32,delivery
T00630,V105,D023,2026-01-22,Eastfield Park,Westside Yard,557.3,10.08,51.8,78.89,delivery
T00718,V109,D051,2026-01-22,Harbor Terminal,Northgate DC,614.4,15.19,91.2,141.37,delivery
T00913,V114,D070,2026-01-22,Airport Cargo,Springfield Depot,31.5,0.59,3.0,5.09,delivery
T00956,V043,D073,2026-01-22,Airport Cargo,Springfield Depot,16.6,0.25,2.5,4.09,delivery
T00968,V063,D010,2026-01-22,Westside Yard,Harbor Terminal,563.0,14.64,64.5,106.38,pickup
T00972,V004,D003,2026-01-22,Westside Yard,Airport Cargo,492.2,12.12,73.5,122.55,delivery
T01029,V026,D021,2026-01-22,Northgate DC,Riverside Hub,236.7,3.73,26.0,39.34,delivery
T01313,V035,D069,2026-01-22,Airport Cargo,Downtown Drop,147.6,3.77,16.9,26.44,delivery
T01391,V028,D064,2026-01-22,Airport Cargo,Eastfield Park,461.4,12.09,46.0,73.92,delivery
T01657,V070,D026,2026-01-22,Northgate DC,Eastfield Park,237.9,5.65,34.2,56.48,service_run
T02014,V003,D058,2026-01-22,Eastfield Park,Westside Yard,54.9,0.81,8.6,12.85,delivery
T02139,V087,D039,2026-01-22,Eastfield Park,Riverside Hub,472.9,8.49,43.2,65.09,delivery
T02443,V092,D044,2026-01-22,Riverside Hub,Northgate DC,131.3,1.99,13.9,22.91,delivery
T03775,V107,D015,2026-01-22,Harbor Terminal,Springfield Depot,179.5,2.89,26.1,43.17,service_run
T03836,V082,D055,2026-01-22,Riverside Hub,Northgate DC,201.7,3.46,21.0,30.53,pickup
T03888,V080,D054,2026-01-22,Downtown Drop,Airport Cargo,198.4,3.59,31.2,48.33,pickup
T04661,V081,D042,2026-01-22,Harbor Terminal,Northgate DC,215.2,5.4,37.3,61.7,service_run
T04851,V018,D028,2026-01-22,Airport Cargo,Downtown Drop,516.1,10.75,62.3,95.01,transfer
T05014,V028,D064,2026-01-22,Eastfield Park,Riverside Hub,611.0,11.79,65.7,95.63,delivery
T05015,V007,D004,2026-01-22,Northgate DC,Harbor Terminal,453.1,7.71,80.8,137.8,pickup
T00052,V029,D060,2026-01-23,Harbor Terminal,Westside Yard,213.8,5.22,20.5,34.74,delivery
T00118,V108,D063,2026-01-23,Northgate DC,Downtown Drop,147.7,2.61,19.0,31.92,transfer
T00211,V050,D007,2026-01-23,Harbor Terminal,Springfield Depot,51.4,0.97,7.8,13.52,delivery
T00330,V094,D078,2026-01-23,Harbor Terminal,Eastfield Park,475.0,11.04,70.8,119.54,transfer
T00481,V113,D053,2026-01-23,Downtown Drop,Northgate DC,66.6,1.15,8.8,13.41,transfer
T00844,V047,D050,2026-01-23,Airport Cargo,Eastfield Park,324.5,6.08,34.7,53.33,delivery
T01052,V084,D013,2026-01-23,Northgate DC,Eastfield Park,530.7,7.73,59.9,104.49,service_run
T01319,V065,D080,2026-01-23,Springfield Depot,Harbor Terminal,478.6,8.84,57.5,84.36,delivery
T01495,V074,D009,2026-01-23,Downtown Drop,Springfield Depot,137.6,2.6,13.1,22.64,pickup
T01936,V062,D056,2026-01-23,Westside Yard,Springfield Depot,427.2,8.38,57.7,100.59,delivery
T01986,V013,D016,2026-01-23,Riverside Hub,Harbor Terminal,536.7,13.72,79.2,130.34,pickup
T02737,V014,D031,2026-01-23,Downtown Drop,Northgate DC,602.5,12.16,70.5,113.2,delivery
T03555,V002,D074,2026-01-23,Eastfield Park,Northgate DC,115.1,2.27,12.8,20.03,delivery
T03559,V107,D015,2026-01-23,Northgate DC,Westside Yard,357.3,5.61,38.1,62.02,delivery
T03848,V113,D053,2026-01-23,Westside Yard,Airport Cargo,373.8,7.01,66.1,105.15,transfer
T03859,V037,D035,2026-01-23,Harbor Terminal,Airport Cargo,585.6,11.12,54.9,89.36,service_run
T04223,V002,D074,2026-01-23,Westside Yard,Riverside Hub,278.4,5.92,45.0,69.64,delivery
T04432,V024,D079,2026-01-23,Harbor Terminal,Downtown Drop,430.6,9.13,74.9,119.06,pickup
T04540,V008,D046,2026-01-23,Westside Yard,Downtown Drop,316.7,4.93,40.4,66.7,pickup
T04543,V043,D073,2026-01-23,Northgate DC,Westside Yard,456.8,6.93,56.6,98.29,delivery
T04688,V117,D027,2026-01-23,Harbor Terminal,Westside Yard,276.5,5.52,34.3,59.28,transfer
T04932,V032,D062,2026-01-23,Airport Cargo,Westside Yard,188.8,4.47,33.6,55.8,delivery
T00020,V006,D006,2026-01-24,Springfield Depot,Riverside Hub,131.6,3.37,13.1,19.19,delivery
T00374,V069,D066,2026-01-24,Riverside Hub,Eastfield Park,444.5,10.55,78.6,130.34,service_run
T00473,V028,D064,2026-01-24,Riverside Hub,Downtown Drop,135.7,2.64,15.4,26.92,delivery
T01305,V037,D035,2026-01-24,Springfield Depot,Riverside Hub,570.2,9.59,81.0,128.03,transfer
T01992,V044,D020,2026-01-24,Springfield Depot,Eastfield Park,268.6,6.08,44.1,69.01,pickup
T02136,V087,D039,2026-01-24,Downtown Drop,Airport Cargo,25.9,0.62,3.1,5.04,delivery
T02155,V040,D067,2026-01-24,Northgate DC,Eastfield Park,196.4,3.51,30.2,47.82,delivery
T02555,V008,D046,2026-01-24,Airport Cargo,Northgate DC,333.7,5.53,30.6,46.93,delivery
T02742,V024,D079,2026-01-24,Eastfield Park,Riverside Hub,53.3,1.12,7.4,12.93,delivery
T03115,V003,D058,2026-01-24,Westside Yard,Harbor Terminal,390.2,6.16,37.6,59.86,service_run
T03183,V003,D058,2026-01-24,Downtown Drop,Riverside Hub,367.6,7.78,33.4,56.8,delivery
T03591,V041,D047,2026-01-24,Riverside Hub,Eastfield Park,146.0,2.68,14.5,22.94,transfer
T04066,V098,D018,2026-01-24,Downtown Drop,Harbor Terminal,579.3,13.53,79.9,125.42,delivery
T04103,V105,D023,2026-01-24,Eastfield Park,Airport Cargo,253.5,4.17,25.7,43.32,delivery
T04283,V053,D019,2026-01-24,Riverside Hub,Downtown Drop,198.3,4.73,21.7,37.18,pickup
T04699,V014,D031,2026-01-24,Eastfield Park,Harbor Terminal,336.3,5.77,36.6,59.68,transfer
T04907,V065,D080,2026-01-24,Springfield Depot,Westside Yard,137.1,3.13,13.8,21.45,pickup
T04969,V060,D005,2026-01-24,Airport Cargo,Springfield Depot,619.5,10.19,87.8,138.22,delivery
T05066,V080,D054,2026-01-24,Northgate DC,Harbor Terminal,131.3,2.43,18.1,31.57,delivery
T00153,V041,D047,2026-01-25,Westside Yard,Eastfield Park,607.5,11.18,86.0,144.69,pickup
T00248,V006,D006,2026-01-25,Eastfield Park,Airport Cargo,132.4,2.08,13.1,21.53,pickup
T00362,V094,D078,2026-01-25,Northgate DC,Riverside Hub,351.3,7.99,37.3,58.36,transfer
T00594,V068,D025,2026-01-25,Westside Yard,Downtown Drop,399.4,6.73,38.5,56.6,delivery
T00849,V013,D016,2026-01-25,Westside Yard,Airport Cargo,411.8,6.76,55.4,93.4,delivery
T01076,V019,D041,2026-01-25,Riverside Hub,Eastfield Park,321.6,5.17,37.0,54.99,pickup
T01477,V040,D067,2026-01-25,Airport Cargo,Northgate DC,553.8,8.79,90.8,152.81,pickup
T02363,V055,D059,2026-01-25,Northgate DC,Downtown Drop,505.8,7.76,47.9,71.29,service_run
T02453,V007,D004,2026-01-25,Airport Cargo,Springfield Depot,66.4,1.32,8.0,13.41,pickup
T02610,V030,D022,2026-01-25,Airport Cargo,Northgate DC,490.2,11.6,72.0,112.22,delivery
T02728,V095,D034,2026-01-25,Springfield Depot,Northgate DC,568.3,14.15,96.8,165.79,transfer
T00711,V035,D069,2026-01-26,Airport Cargo,Springfield Depot,509.6,11.96,54.9,86.63,pickup
T00966,V032,D062,2026-01-26,Downtown Drop,Eastfield Park,541.9,8.33,87.1,127.76,service_run
T01370,V068,D025,2026-01-26,Downtown Drop,Springfield Depot,344.8,7.11,52.2,79.54,pickup
T01504,V114,D070,2026-01-26,Downtown Drop,Springfield Depot,343.8,7.04,31.3,50.76,pickup
T01720,V018,D028,2026-01-26,Northgate DC,Riverside Hub,618.9,11.9,59.4,91.72,transfer
T01898,V046,D071,2026-01-26,Airport Cargo,Downtown Drop,525.5,9.72,47.9,82.29,service_run
T01900,V087,D039,2026-01-26,Downtown Drop,Harbor Terminal,255.6,5.35,42.1,70.86,delivery
T02389,V039,D045,2026-01-26,Springfield Depot,Eastfield Park,43.6,0.63,5.8,9.7,delivery
T02396,V077,D029,2026-01-26,Westside Yard,Airport Cargo,391.2,6.04,38.9,57.48,service_run
T02917,V059,D002,2026-01-26,Eastfield Park,Harbor Terminal,403.0,9.46,65.1,108.17,delivery
T03150,V116,D012,2026-01-26,Northgate DC,Westside Yard,219.8,4.01,37.1,59.81,pickup
T03266,V110,D072,2026-01-26,Airport Cargo,Springfield Depot,127.7,3.26,13.3,22.52,service_run
T03303,V039,D045,2026-01-26,Airport Cargo,Westside Yard,85.1,1.51,11.6,19.19,service_run
T03406,V044,D020,2026-01-26,Springfield Depot,Northgate DC,505.5,12.24,53.9,91.13,delivery
T03772,V105,D023,2026-01-26,Airport Cargo,Northgate DC,131.4,2.25,14.3,24.49,pickup
T03940,V029,D060,2026-01-26,Northgate DC,Eastfield Park,270.6,5.79,26.1,41.72,transfer
T03983,V101,D017,2026-01-26,Harbor Terminal,Airport Cargo,330.0,6.23,33.5,57.37,delivery
T04250,V084,D013,2026-01-26,Springfield Depot,Westside Yard,255.7,5.85,44.7,73.56,delivery
T04301,V081,D042,2026-01-26,Springfield Depot,Harbor Terminal,462.5,6.68,55.6,97.25,service_run
T04350,V074,D009,2026-01-26,Riverside Hub,Northgate DC,427.2,7.61,56.6,92.29,delivery
T04612,V094,D078,2026-01-26,Downtown Drop,Harbor Terminal,206.2,4.33,36.2,54.01,delivery
T04619,V052,D065,2026-01-26,Springfield Depot,Eastfield Park,85.9,1.34,13.9,23.69,pickup
T04943,V065,D080,2026-01-26,Springfield Depot,Airport Cargo,451.7,10.6,67.5,111.68,transfer
T05018,V008,D046,2026-01-26,Eastfield Park,Airport Cargo,156.1,3.84,21.9,35.95,delivery
T00127,V108,D063,2026-01-27,Harbor Terminal,Northgate DC,239.0,4.23,27.9,46.94,pickup
T00301,V052,D065,2026-01-27,Airport Cargo,Harbor Terminal,281.5,5.57,34.3,56.38,delivery
T00438,V008,D046,2026-01-27,Westside Yard,Airport Cargo,172.5,4.09,20.9,32.29,transfer
T00641,V010,D040,2026-01-27,Harbor Terminal,Downtown Drop,533.4,9.03,56.1,95.63,delivery
T01000,V053,D019,2026-01-27,Eastfield Park,Northgate DC,192.4,4.05,24.7,36.08,delivery
T01016,V060,D005,2026-01-27,Downtown Drop,Harbor Terminal,538.3,10.54,55.4,92.82,pickup
T01643,V050,D007,2026-01-27,Downtown Drop,Westside Yard,43.4,0.66,4.1,6.91,service_run
T01805,V039,D045,2026-01-27,Springfield Depot,Airport Cargo,459.2,10.47,61.7,105.91,delivery
T01918,V004,D003,2026-01-27,Westside Yard,Harbor Terminal,178.7,4.32,17.7,26.84,transfer
T02152,V104,D068,2026-01-27,Downtown Drop,Harbor Terminal,295.7,5.96,32.4,56.22,delivery
T02234,V032,D062,2026-01-27,Airport Cargo,Harbor Terminal,64.3,1.28,7.6,12.77,service_run
T02699,V052,D065,2026-01-27,Eastfield Park,Downtown Drop,496.2,8.2,62.9,102.3,delivery
T02883,V008,D046,2026-01-27,Riverside Hub,Eastfield Park,333.9,4.91,46.3,69.18,delivery
T02922,V021,D037,2026-01-27,Harbor Terminal,Springfield Depot,107.3,1.84,11.1,17.89,delivery
T03383,V061,D001,2026-01-27,Northgate DC,Riverside Hub,276.6,6.23,33.7,55.0,service_run
T03762,V032,D062,2026-01-27,Springfield Depot,Harbor Terminal,372.2,5.91,59.2,92.26,delivery
T03792,V044,D020,2026-01-27,Airport Cargo,Riverside Hub,175.5,2.93,29.7,49.78,delivery
T03829,V061,D001,2026-01-27,Downtown Drop,Riverside Hub,533.1,9.84,54.8,94.24,delivery
T04325,V006,D006,2026-01-27,Westside Yard,Springfield Depot,356.6,5.59,37.1,55.31,transfer
T04843,V092,D044,2026-01-27,Eastfield Park,Springfield Depot,55.3,1.2,7.3,12.09,delivery
T05163,V040,D067,2026-01-27,Downtown Drop,Westside Yard,50.8,1.03,5.3,8.32,transfer
T05186,V104,D068,2026-01-27,Downtown Drop,Harbor Terminal,496.9,10.5,57.1,85.19,delivery
T00055,V101,D017,2026-01-28,Springfield Depot,Downtown Drop,384.9,6.43,39.3,66.87,delivery
T00235,V059,D002,2026-01-28,Airport Cargo,Springfield Depot,86.1,1.49,13.8,21.06,pickup
T00279,V095,D034,2026-01-28,Eastfield Park,Airport Cargo,289.9,5.87,37.0,55.71,transfer
T00320,V007,D004,2026-01-28,Riverside Hub,Westside Yard,448.9,6.97,50.6,77.94,pickup
T00408,V104,D068,2026-01-28,Northgate DC,Harbor Terminal,547.9,10.15,61.2,100.87,service_run
T00654,V039,D045,2026-01-28,Westside Yard,Springfield Depot,18.2,0.46,2.3,3.73,service_run
T00902,V041,D047,2026-01-28,Riverside Hub,Airport Cargo,545.2,11.74,97.6,157.76,pickup
T01551,V038,D011,2026-01-28,Westside Yard,Northgate DC,559.4,9.04,68.7,107.1,service_run
T01639,V029,D060,2026-01-28,Eastfield Park,Northgate DC,50.4,1.1,5.4,9.33,service_run
T01744,V002,D074,2026-01-28,Northgate DC,Springfield Depot,129.4,2.2,13.8,22.53,service_run
T02004,V107,D015,2026-01-28,Northgate DC,Airport Cargo,242.4,4.14,43.1,67.06,delivery
T02086,V104,D068,2026-01-28,Northgate DC,Eastfield Park,246.9,5.33,38.6,64.68,service_run
T02696,V052,D065,2026-01-28,Westside Yard,Harbor Terminal,138.7,2.09,14.9,26.0,transfer
T02962,V026,D021,2026-01-28,Harbor Terminal,Downtown Drop,146.6,3.13,23.6,38.71,delivery
T03376,V052,D065,2026-01-28,Airport Cargo,Eastfield Park,86.6,1.55,8.4,12.4,service_run
T03671,V070,D026,2026-01-28,Westside Yard,Harbor Terminal,163.4,3.19,14.9,21.77,delivery
T03691,V062,D056,2026-01-28,Springfield Depot,Eastfield Park,221.0,3.91,28.9,48.71,delivery
T04167,V063,D010,2026-01-28,Eastfield Park,Airport Cargo,220.1,4.69,32.0,50.61,delivery
T04521,V010,D040,2026-01-28,Springfield Depot,Northgate DC,186.9,3.19,21.3,33.89,transfer
T04626,V104,D068,2026-01-28,Downtown Drop,Eastfield Park,473.4,8.11,80.9,121.09,transfer
T04768,V048,D036,2026-01-28,Northgate DC,Riverside Hub,401.3,8.69,53.3,93.26,delivery
T04994,V006,D006,2026-01-28,Eastfield Park,Airport Cargo,413.3,6.19,45.0,68.17,pickup
T05064,V105,D023,2026-01-28,Downtown Drop,Airport Cargo,91.2,2.32,11.1,18.38,delivery
T00669,V104,D068,2026-01-29,Eastfield Park,Harbor Terminal,280.6,5.95,37.7,65.44,transfer
T01162,V013,D016,2026-01-29,Harbor Terminal,Westside Yard,339.8,5.58,52.9,87.73,delivery
T01502,V109,D051,2026-01-29,Downtown Drop,Riverside Hub,76.9,1.37,11.7,18.16,pickup
T01596,V098,D018,2026-01-29,Westside Yard,Airport Cargo,226.1,4.38,22.1,34.89,delivery
T01623,V084,D013,2026-01-29,Downtown Drop,Westside Yard,192.2,3.29,33.4,56.8,pickup
T01822,V068,D025,2026-01-29,Northgate DC,Springfield Depot,156.1,2.75,24.8,38.58,delivery
T02909,V039,D045,2026-01-29,Harbor Terminal,Airport Cargo,254.6,3.7,24.2,37.47,transfer
T03374,V021,D037,2026-01-29,Harbor Terminal,Riverside Hub,137.4,1.96,15.1,24.26,service_run
T04143,V060,D005,2026-01-29,Springfield Depot,Eastfield Park,604.2,10.24,56.6,91.81,delivery
T04334,V084,D013,2026-01-29,Harbor Terminal,Riverside Hub,516.0,10.85,64.8,104.82,pickup
T04399,V063,D010,2026-01-29,Westside Yard,Airport Cargo,520.1,11.54,73.8,121.75,delivery
T05143,V003,D058,2026-01-29,Downtown Drop,Eastfield Park,258.4,5.91,41.6,70.81,delivery
T00157,V037,D035,2026-01-30,Airport Cargo,Westside Yard,531.8,11.55,85.9,143.72,service_run
T00238,V010,D040,2026-01-30,Springfield Depot,Riverside Hub,104.7,1.6,11.5,18.98,transfer
T00702,V043,D073,2026-01-30,Springfield Depot,Downtown Drop,17.2,0.32,2.0,3.2,service_run
T00710,V104,D068,2026-01-30,Eastfield Park,Westside Yard,508.4,11.61,78.6,120.62,delivery
T01395,V028,D064,2026-01-30,Airport Cargo,Riverside Hub,507.7,8.36,58.4,88.72,delivery
T01440,V117,D027,2026-01-30,Springfield Depot,Eastfield Park,91.1,1.39,15.6,23.8,transfer
T02192,V069,D066,2026-01-30,Harbor Terminal,Springfield Depot,403.2,9.98,50.0,80.6,pickup
T02433,V098,D018,2026-01-30,Harbor Terminal,Downtown Drop,250.1,5.1,32.3,48.46,delivery
T02438,V030,D022,2026-01-30,Eastfield Park,Riverside Hub,286.2,5.67,30.2,45.0,service_run
T02463,V059,D002,2026-01-30,Harbor Terminal,Riverside Hub,160.4,3.58,25.6,41.05,delivery
T02747,V027,D049,2026-01-30,Downtown Drop,Harbor Terminal,376.6,5.75,62.3,101.51,delivery
T02837,V094,D078,2026-01-30,Springfield Depot,Northgate DC,594.9,10.73,72.2,123.0,pickup
T03753,V045,D076,2026-01-30,Westside Yard,Eastfield Park,445.6,7.05,44.5,74.68,pickup
T04246,V074,D009,2026-01-30,Downtown Drop,Airport Cargo,539.7,7.95,69.0,101.08,transfer
T04356,V046,D071,2026-01-30,Riverside Hub,Downtown Drop,322.6,5.07,33.1,50.4,pickup
T04530,V044,D020,2026-01-30,Harbor Terminal,Westside Yard,283.5,4.8,43.7,73.37,delivery
T04554,V002,D074,2026-01-30,Eastfield Park,Airport Cargo,252.3,4.19,33.4,53.05,pickup
T04874,V094,D078,2026-01-30,Downtown Drop,Northgate DC,349.3,5.68,35.7,60.76,pickup
T00252,V082,D055,2026-01-31,Harbor Terminal,Westside Yard,375.1,5.73,36.6,60.86,delivery
T00618,V080,D054,2026-01-31,Northgate DC,Harbor Terminal,440.9,6.45,66.9,106.05,delivery
T00791,V095,D034,2026-01-31,Westside Yard,Northgate DC,231.4,5.43,39.2,60.54,delivery
T01203,V110,D072,2026-01-31,Springfield Depot,Airport Cargo,298.9,6.81,31.4,45.59,delivery
T01555,V044,D020,2026-01-31,Westside Yard,Riverside Hub,593.8,13.64,56.1,91.05,transfer
T01771,V104,D068,2026-01-31,Westside Yard,Harbor Terminal,552.8,12.14,60.3,91.88,delivery
T01791,V062,D056,2026-01-31,Airport Cargo,Springfield Depot,208.5,4.04,22.8,37.19,delivery
T01794,V006,D006,2026-01-31,Eastfield Park,Downtown Drop,363.2,7.92,40.5,60.28,delivery
T01828,V095,D034,2026-01-31,Riverside Hub,Westside Yard,597.5,10.65,75.4,117.43,transfer
T01985,V004,D003,2026-01-31,Westside Yard,Northgate DC,344.7,5.45,44.9,78.17,delivery
T02361,V082,D055,2026-01-31,Downtown Drop,Airport Cargo,85.5,1.63,8.2,12.19,service_run
T02567,V037,D035,2026-01-31,Springfield Depot,Airport Cargo,347.9,7.35,38.6,62.73,delivery
T02727,V039,D045,2026-01-31,Springfield Depot,Northgate DC,315.3,6.72,30.0,47.83,delivery
T03156,V069,D066,2026-01-31,Downtown Drop,Springfield Depot,300.1,4.91,35.7,53.37,transfer
T03464,V019,D041,2026-01-31,Downtown Drop,Airport Cargo,192.8,4.07,20.1,30.82,service_run
T03581,V095,D034,2026-01-31,Westside Yard,Riverside Hub,423.0,8.81,46.6,74.11,delivery
T03841,V010,D040,2026-01-31,Downtown Drop,Eastfield Park,565.8,8.1,69.5,118.71,delivery
T04268,V032,D062,2026-01-31,Downtown Drop,Airport Cargo,502.8,7.2,46.3,67.89,pickup
T04544,V082,D055,2026-01-31,Eastfield Park,Northgate DC,123.3,2.79,11.7,17.23,delivery
T04678,V053,D019,2026-01-31,Airport Cargo,Eastfield Park,538.7,11.71,68.6,113.09,pickup
T04940,V095,D034,2026-01-31,Eastfield Park,Westside Yard,370.6,7.07,52.2,82.81,transfer
T00029,V061,D001,2026-02-01,Springfield Depot,Downtown Drop,105.7,1.62,10.9,18.45,pickup
T00168,V092,D044,2026-02-01,Harbor Terminal,Springfield Depot,531.4,9.1,81.7,133.61,delivery
T00169,V109,D051,2026-02-01,Springfield Depot,Riverside Hub,209.0,3.02,33.0,50.64,delivery
T00343,V013,D016,2026-02-01,Riverside Hub,Airport Cargo,554.6,8.31,69.2,106.33,delivery
T00614,V116,D012,2026-02-01,Downtown Drop,Northgate DC,545.0,9.06,85.0,136.02,transfer
T00951,V062,D056,2026-02-01,Eastfield Park,Northgate DC,135.6,3.3,22.5,36.84,transfer
T01020,V092,D044,2026-02-01,Northgate DC,Harbor Terminal,400.0,6.92,44.9,78.56,transfer
T01564,V010,D040,2026-02-01,Harbor Terminal,Downtown Drop,119.8,2.15,11.6,18.93,service_run
T02731,V002,D074,2026-02-01,Riverside Hub,Springfield Depot,213.0,3.14,30.7,51.39,service_run
T02850,V048,D036,2026-02-01,Eastfield Park,Harbor Terminal,67.5,1.19,9.2,15.91,delivery
T03012,V113,D053,2026-02-01,Riverside Hub,Airport Cargo,206.7,3.17,23.1,36.51,delivery
T03146,V094,D078,2026-02-01,Riverside Hub,Eastfield Park,536.3,9.24,54.2,82.0,service_run
T03202,V006,D006,2026-02-01,Downtown Drop,Eastfield Park,474.6,7.57,54.8,80.45,pickup
T03540,V007,D004,2026-02-01,Westside Yard,Airport Cargo,245.2,4.18,26.2,45.79,delivery
T03726,V003,D058,2026-02-01,Northgate DC,Springfield Depot,341.7,5.08,37.4,55.62,delivery
T03930,V077,D029,2026-02-01,Riverside Hub,Harbor Terminal,247.1,3.92,44.3,65.39,service_run
T03960,V013,D016,2026-02-01,Downtown Drop,Airport Cargo,573.7,8.4,81.4,135.08,delivery
T04104,V045,D076,2026-02-01,Harbor Terminal,Riverside Hub,539.2,12.76,56.1,84.91,delivery
T04236,V045,D076,2026-02-01,Riverside Hub,Harbor Terminal,135.8,3.53,14.9,23.38,delivery
T04314,V068,D025,2026-02-01,Springfield Depot,Riverside Hub,240.6,3.66,24.8,38.97,transfer
T04473,V092,D044,2026-02-01,Northgate DC,Harbor Terminal,259.3,4.41,30.9,45.44,pickup
T04709,V094,D078,2026-02-01,Westside Yard,Eastfield Park,384.8,9.59,42.4,64.54,transfer
T05106,V014,D031,2026-02-01,Westside Yard,Eastfield Park,170.1,2.89,30.2,52.16,delivery
T00031,V007,D004,2026-02-02,Eastfield Park,Westside Yard,222.6,4.5,23.6,36.35,delivery
T00141,V039,D045,2026-02-02,Airport Cargo,Downtown Drop,316.9,6.82,48.0,72.9,delivery
T00181,V109,D051,2026-02-02,Westside Yard,Eastfield Park,357.9,6.75,42.2,72.17,transfer
T00184,V082,D055,2026-02-02,Northgate DC,Harbor Terminal,332.1,7.06,40.3,63.39,delivery
T00432,V043,D073,2026-02-02,Harbor Terminal,Northgate DC,587.4,9.49,58.9,92.16,pickup
T00562,V055,D059,2026-02-02,Harbor Terminal,Springfield Depot,441.9,7.05,40.2,61.69,delivery
T00826,V062,D056,2026-02-02,Westside Yard,Downtown Drop,39.9,0.69,4.8,7.58,pickup
T00973,V062,D056,2026-02-02,Harbor Terminal,Springfield Depot,467.2,9.32,48.9,75.12,delivery
T01123,V026,D021,2026-02-02,Harbor Terminal,Downtown Drop,367.0,6.56,35.0,52.62,transfer
T01294,V060,D005,2026-02-02,Westside Yard,Riverside Hub,430.7,6.78,57.5,93.41,delivery
T01484,V030,D022,2026-02-02,Westside Yard,Downtown Drop,503.4,12.03,69.7,118.7,delivery
T01548,V029,D060,2026-02-02,Northgate DC,Downtown Drop,521.0,8.88,84.1,137.76,transfer
T01901,V014,D031,2026-02-02,Northgate DC,Riverside Hub,108.8,1.63,13.1,21.81,delivery
T02211,V117,D027,2026-02-02,Northgate DC,Riverside Hub,605.5,11.9,68.8,100.37,delivery
T02872,V028,D064,2026-02-02,Downtown Drop,Northgate DC,221.3,3.52,26.2,42.7,delivery
T02965,V084,D013,2026-02-02,Eastfield Park,Riverside Hub,453.1,8.58,66.2,101.95,delivery
T03335,V003,D058,2026-02-02,Harbor Terminal,Downtown Drop,201.6,2.96,24.1,41.28,transfer
T03460,V007,D004,2026-02-02,Airport Cargo,Harbor Terminal,430.0,8.29,45.1,72.16,delivery
T03562,V084,D013,2026-02-02,Northgate DC,Airport Cargo,366.2,7.58,51.8,75.2,delivery
T03732,V061,D001,2026-02-02,Eastfield Park,Northgate DC,470.6,9.45,63.5,106.55,service_run
T03746,V050,D007,2026-02-02,Downtown Drop,Northgate DC,253.3,5.36,24.5,37.07,delivery
T03763,V062,D056,2026-02-02,Westside Yard,Springfield Depot,381.7,9.36,59.5,103.93,service_run
T04082,V117,D027,2026-02-02,Eastfield Park,Downtown Drop,254.9,3.99,40.0,65.46,transfer
T04461,V059,D002,2026-02-02,Downtown Drop,Northgate DC,275.6,4.62,41.5,62.6,service_run
T04861,V010,D040,2026-02-02,Riverside Hub,Downtown Drop,21.1,0.41,3.6,6.02,delivery
T04961,V053,D019,2026-02-02,Riverside Hub,Northgate DC,495.9,8.32,86.4,149.54,transfer
T00010,V044,D020,2026-02-03,Downtown Drop,Riverside Hub,91.3,1.31,11.7,19.17,transfer
T00088,V060,D005,2026-02-03,Riverside Hub,Eastfield Park,208.8,3.02,35.1,59.04,transfer
T00224,V035,D069,2026-02-03,Springfield Depot,Northgate DC,151.9,2.22,19.6,29.73,service_run
T00524,V074,D009,2026-02-03,Harbor Terminal,Downtown Drop,69.4,1.14,7.8,11.86,pickup
T00528,V055,D059,2026-02-03,Harbor Terminal,Westside Yard,527.8,9.44,93.8,148.78,pickup
T01350,V002,D074,2026-02-03,Eastfield Park,Springfield Depot,492.7,10.58,47.2,72.57,transfer
T01871,V081,D042,2026-02-03,Springfield Depot,Westside Yard,564.8,10.22,59.0,89.01,delivery
T01890,V014,D031,2026-02-03,Riverside Hub,Springfield Depot,125.7,2.67,17.5,28.59,transfer
T02135,V117,D027,2026-02-03,Westside Yard,Eastfield Park,516.9,9.94,61.0,102.98,delivery
T02487,V062,D056,2026-02-03,Airport Cargo,Eastfield Park,28.1,0.44,5.0,8.41,delivery
T02676,V013,D016,2026-02-03,Northgate DC,Eastfield Park,297.8,4.59,41.0,71.63,service_run
T03006,V029,D060,2026-02-03,Downtown Drop,Eastfield Park,336.2,5.97,46.9,68.73,service_run
T03085,V092,D044,2026-02-03,Harbor Terminal,Westside Yard,363.8,5.65,41.3,60.32,transfer
T03611,V068,D025,2026-02-03,Westside Yard,Riverside Hub,563.8,9.53,92.7,154.45,delivery
T04542,V094,D078,2026-02-03,Westside Yard,Riverside Hub,72.8,1.1,7.8,13.26,pickup
T04546,V102,D038,2026-02-03,Harbor Terminal,Northgate DC,458.4,7.78,63.6,97.33,delivery
T04714,V114,D070,2026-02-03,Northgate DC,Riverside Hub,281.1,4.51,39.0,66.92,pickup
T05017,V044,D020,2026-02-03,Harbor Terminal,Northgate DC,419.5,9.52,52.6,85.84,delivery
T05083,V113,D053,2026-02-03,Springfield Depot,Eastfield Park,370.5,7.44,37.0,53.68,service_run
T05104,V008,D046,2026-02-03,Eastfield Park,Riverside Hub,304.3,4.9,45.6,68.22,delivery
T05109,V029,D060,2026-02-03,Riverside Hub,Springfield Depot,417.6,6.33,50.4,81.89,service_run
T00245,V060,D005,2026-02-04,Riverside Hub,Westside Yard,16.0,0.25,2.8,4.73,pickup
T00369,V114,D070,2026-02-04,Riverside Hub,Harbor Terminal,478.7,7.71,73.6,118.73,delivery
T00736,V095,D034,2026-02-04,Westside Yard,Harbor Terminal,178.3,2.83,29.4,45.59,delivery
T01050,V039,D045,2026-02-04,Airport Cargo,Northgate DC,486.2,8.99,50.1,77.45,transfer
T01442,V116,D012,2026-02-04,Riverside Hub,Airport Cargo,243.7,5.23,25.1,37.56,delivery
T01660,V029,D060,2026-02-04,Eastfield Park,Northgate DC,108.3,1.73,11.5,18.8,service_run
T01732,V044,D020,2026-02-04,Westside Yard,Downtown Drop,360.0,7.96,50.8,73.7,pickup
T02143,V098,D018,2026-02-04,Harbor Terminal,Westside Yard,127.0,3.23,15.6,25.98,transfer
T02195,V094,D078,2026-02-04,Harbor Terminal,Northgate DC,421.9,9.38,40.8,68.99,pickup
T02657,V045,D076,2026-02-04,Airport Cargo,Springfield Depot,270.1,5.09,43.8,74.82,delivery
T02963,V081,D042,2026-02-04,Eastfield Park,Airport Cargo,266.9,4.64,36.6,62.17,delivery
T03380,V092,D044,2026-02-04,Eastfield Park,Riverside Hub,565.3,10.54,73.7,117.06,transfer
T03680,V052,D065,2026-02-04,Airport Cargo,Downtown Drop,577.1,10.24,65.4,100.45,pickup
T03809,V087,D039,2026-02-04,Harbor Terminal,Downtown Drop,396.6,9.97,66.2,110.65,transfer
T04044,V108,D063,2026-02-04,Westside Yard,Northgate DC,506.5,9.69,65.4,113.27,transfer
T04047,V065,D080,2026-02-04,Riverside Hub,Airport Cargo,447.4,9.47,81.2,123.21,delivery
T04249,V004,D003,2026-02-04,Northgate DC,Springfield Depot,389.6,5.8,44.2,68.62,service_run
T04683,V102,D038,2026-02-04,Downtown Drop,Harbor Terminal,53.8,0.98,8.9,14.49,pickup
T00532,V048,D036,2026-02-05,Riverside Hub,Springfield Depot,114.5,2.15,15.9,26.91,transfer
T00607,V107,D015,2026-02-05,Springfield Depot,Downtown Drop,108.6,2.01,16.6,27.68,pickup
T01424,V004,D003,2026-02-05,Eastfield Park,Springfield Depot,260.5,3.95,34.4,51.07,service_run
T01757,V084,D013,2026-02-05,Springfield Depot,Northgate DC,16.7,0.27,1.5,2.44,pickup
T01765,V084,D013,2026-02-05,Airport Cargo,Westside Yard,429.3,9.5,48.6,76.55,delivery
T02261,V028,D064,2026-02-05,Westside Yard,Harbor Terminal,228.8,4.6,20.9,30.75,delivery
T02403,V094,D078,2026-02-05,Airport Cargo,Northgate DC,465.7,9.98,54.7,94.74,delivery
T02410,V084,D013,2026-02-05,Eastfield Park,Airport Cargo,373.3,8.51,52.3,85.91,delivery
T02703,V082,D055,2026-02-05,Springfield Depot,Westside Yard,210.5,3.24,28.3,41.22,delivery
T02740,V012,D057,2026-02-05,Harbor Terminal,Downtown Drop,596.1,11.84,101.8,155.52,service_run
T03541,V050,D007,2026-02-05,Downtown Drop,Eastfield Park,135.7,2.14,22.4,39.04,transfer
T03586,V021,D037,2026-02-05,Springfield Depot,Westside Yard,509.4,10.51,50.8,74.69,delivery
T04248,V107,D015,2026-02-05,Eastfield Park,Springfield Depot,47.6,0.7,5.1,8.55,transfer
T04378,V059,D002,2026-02-05,Eastfield Park,Harbor Terminal,433.6,6.71,75.4,127.47,pickup
T04847,V047,D050,2026-02-05,Northgate DC,Westside Yard,226.8,3.37,32.1,54.07,delivery
T04947,V040,D067,2026-02-05,Riverside Hub,Northgate DC,403.8,5.98,50.3,85.9,transfer
T00214,V039,D045,2026-02-06,Springfield Depot,Eastfield Park,317.9,6.92,39.6,63.71,delivery
T00388,V077,D029,2026-02-06,Downtown Drop,Springfield Depot,219.9,4.84,25.1,39.59,pickup
T00571,V039,D045,2026-02-06,Harbor Terminal,Riverside Hub,57.0,1.25,5.3,8.73,delivery
T00946,V037,D035,2026-02-06,Springfield Depot,Airport Cargo,279.7,5.19,25.8,42.26,transfer
T00970,V055,D059,2026-02-06,Springfield Depot,Northgate DC,431.7,9.23,55.7,86.62,delivery
T00984,V117,D027,2026-02-06,Northgate DC,Riverside Hub,590.7,9.97,68.5,115.53,delivery
T01124,V014,D031,2026-02-06,Downtown Drop,Eastfield Park,71.5,1.54,7.6,12.65,transfer
T01182,V087,D039,2026-02-06,Airport Cargo,Downtown Drop,106.2,1.72,14.7,24.68,pickup
T01418,V043,D073,2026-02-06,Eastfield Park,Riverside Hub,95.2,1.65,11.8,17.22,service_run
T01454,V019,D041,2026-02-06,Westside Yard,Riverside Hub,313.0,7.97,50.2,78.91,delivery
T01793,V027,D049,2026-02-06,Northgate DC,Harbor Terminal,243.7,3.88,32.9,49.44,service_run
T01852,V035,D069,2026-02-06,Northgate DC,Harbor Terminal,136.6,2.16,16.3,23.68,delivery
T02150,V043,D073,2026-02-06,Harbor Terminal,Northgate DC,490.8,8.07,80.1,139.33,delivery
T02159,V038,D011,2026-02-06,Harbor Terminal,Springfield Depot,327.0,5.55,34.3,59.81,delivery
T02833,V048,D036,2026-02-06,Springfield Depot,Eastfield Park,162.0,3.9,23.2,36.72,transfer
T03291,V004,D003,2026-02-06,Harbor Terminal,Downtown Drop,314.9,5.19,29.8,49.13,service_run
T03341,V068,D025,2026-02-06,Riverside Hub,Harbor Terminal,479.4,10.26,73.3,126.48,delivery
T03372,V043,D073,2026-02-06,Westside Yard,Eastfield Park,529.5,9.33,50.5,85.93,transfer
T03648,V074,D009,2026-02-06,Downtown Drop,Springfield Depot,379.8,6.74,66.2,115.68,delivery
T03673,V006,D006,2026-02-06,Springfield Depot,Downtown Drop,116.2,2.24,20.8,30.18,transfer
T03765,V068,D025,2026-02-06,Eastfield Park,Harbor Terminal,380.1,5.6,36.0,59.32,service_run
T03919,V070,D026,2026-02-06,Airport Cargo,Riverside Hub,418.1,6.88,68.6,114.69,delivery
T04394,V074,D009,2026-02-06,Northgate DC,Eastfield Park,110.6,1.69,13.9,22.88,delivery
T04465,V028,D064,2026-02-06,Airport Cargo,Riverside Hub,19.7,0.31,3.1,5.14,transfer
T04594,V109,D051,2026-02-06,Springfield Depot,Airport Cargo,551.3,9.08,73.0,124.61,delivery
T04600,V080,D054,2026-02-06,Eastfield Park,Westside Yard,529.3,13.65,58.8,98.94,delivery
T05070,V095,D034,2026-02-06,Riverside Hub,Downtown Drop,515.2,7.91,83.9,144.35,delivery
T00378,V043,D073,2026-02-07,Riverside Hub,Eastfield Park,126.8,1.95,17.1,29.63,transfer
T00426,V087,D039,2026-02-07,Riverside Hub,Springfield Depot,395.1,9.18,54.7,87.79,service_run
T00619,V039,D045,2026-02-07,Airport Cargo,Northgate DC,50.7,0.73,7.8,13.35,pickup
T00753,V098,D018,2026-02-07,Westside Yard,Harbor Terminal,257.9,4.82,44.1,73.24,pickup
T00841,V109,D051,2026-02-07,Riverside Hub,Harbor Terminal,84.4,2.05,15.3,23.12,pickup
T00986,V030,D022,2026-02-07,Riverside Hub,Eastfield Park,549.2,12.05,76.7,115.89,delivery
T01023,V107,D015,2026-02-07,Springfield Depot,Riverside Hub,210.2,3.72,29.6,47.0,service_run
T01061,V061,D001,2026-02-07,Westside Yard,Harbor Terminal,354.9,6.4,44.9,74.0,transfer
T01071,V104,D068,2026-02-07,Westside Yard,Eastfield Park,480.8,7.31,55.5,83.02,delivery
T01164,V110,D072,2026-02-07,Eastfield Park,Airport Cargo,91.9,2.21,8.4,12.76,pickup
T01775,V068,D025,2026-02-07,Westside Yard,Harbor Terminal,233.1,4.39,34.2,58.39,pickup
T02149,V038,D011,2026-02-07,Downtown Drop,Westside Yard,179.2,4.2,29.9,45.35,delivery
T02151,V029,D060,2026-02-07,Harbor Terminal,Downtown Drop,447.8,9.49,58.6,101.06,delivery
T02297,V014,D031,2026-02-07,Westside Yard,Airport Cargo,437.2,9.15,63.3,105.98,transfer
T02506,V095,D034,2026-02-07,Northgate DC,Downtown Drop,17.6,0.27,3.0,4.37,delivery
T02719,V039,D045,2026-02-07,Downtown Drop,Airport Cargo,538.3,7.75,86.6,141.97,service_run
T03397,V081,D042,2026-02-07,Eastfield Park,Westside Yard,106.0,2.06,13.8,23.33,delivery
T00231,V104,D068,2026-02-08,Westside Yard,Eastfield Park,548.9,9.34,91.5,152.2,delivery
T00413,V007,D004,2026-02-08,Harbor Terminal,Downtown Drop,111.4,1.75,17.8,29.33,delivery
T00480,V027,D049,2026-02-08,Springfield Depot,Riverside Hub,280.7,4.34,36.0,57.32,delivery
T00511,V010,D040,2026-02-08,Airport Cargo,Eastfield Park,160.0,2.95,18.2,29.14,delivery
T01039,V046,D071,2026-02-08,Riverside Hub,Northgate DC,235.0,4.33,41.4,63.4,transfer
T01102,V095,D034,2026-02-08,Downtown Drop,Northgate DC,183.4,3.63,17.0,27.31,pickup
T01821,V062,D056,2026-02-08,Downtown Drop,Northgate DC,84.7,1.77,14.1,20.58,transfer
T02064,V028,D064,2026-02-08,Downtown Drop,Northgate DC,424.5,7.95,41.1,69.15,transfer
T02319,V035,D069,2026-02-08,Northgate DC,Downtown Drop,17.2,0.3,2.1,3.54,transfer
T02490,V109,D051,2026-02-08,Westside Yard,Harbor Terminal,499.9,12.41,60.7,105.96,delivery
T02954,V003,D058,2026-02-08,Airport Cargo,Harbor Terminal,498.0,11.06,51.1,84.39,delivery
T03188,V013,D016,2026-02-08,Downtown Drop,Westside Yard,144.7,3.32,14.9,23.67,transfer
T03412,V107,D015,2026-02-08,Springfield Depot,Airport Cargo,328.6,8.06,29.9,45.61,delivery
T03451,V026,D021,2026-02-08,Springfield Depot,Eastfield Park,182.2,3.73,22.1,38.41,delivery
T04599,V030,D022,2026-02-08,Downtown Drop,Airport Cargo,581.9,11.65,63.6,92.6,delivery
T04608,V098,D018,2026-02-08,Riverside Hub,Springfield Depot,381.2,5.57,54.9,90.44,transfer
T04655,V065,D080,2026-02-08,Harbor Terminal,Westside Yard,414.7,10.12,69.8,110.03,delivery
T04927,V035,D069,2026-02-08,Harbor Terminal,Riverside Hub,117.4,3.04,18.1,28.41,service_run
T00225,V041,D047,2026-02-09,Eastfield Park,Downtown Drop,55.0,0.95,5.2,8.61,pickup
T00514,V113,D053,2026-02-09,Northgate DC,Downtown Drop,488.6,10.66,77.8,135.04,transfer
T00864,V029,D060,2026-02-09,Springfield Depot,Riverside Hub,346.0,6.43,36.3,61.41,transfer
T01159,V062,D056,2026-02-09,Harbor Terminal,Airport Cargo,583.9,9.72,64.2,101.1,pickup
T01301,V095,D034,2026-02-09,Springfield Depot,Eastfield Park,39.2,0.94,4.3,7.5,service_run
T01496,V003,D058,2026-02-09,Northgate DC,Westside Yard,529.0,12.82,50.6,82.52,delivery
T01630,V035,D069,2026-02-09,Airport Cargo,Eastfield Park,447.4,7.33,73.4,126.13,delivery
T01922,V074,D009,2026-02-09,Westside Yard,Airport Cargo,25.5,0.54,2.4,3.88,transfer
T02083,V104,D068,2026-02-09,Riverside Hub,Northgate DC,52.0,1.03,6.3,9.63,service_run
T02123,V019,D041,2026-02-09,Riverside Hub,Harbor Terminal,560.5,13.27,75.9,119.06,delivery
T02179,V065,D080,2026-02-09,Riverside Hub,Airport Cargo,482.4,7.83,71.1,122.76,transfer
T02508,V043,D073,2026-02-09,Eastfield Park,Westside Yard,615.7,10.91,92.3,134.47,transfer
T03190,V019,D041,2026-02-09,Springfield Depot,Eastfield Park,319.0,6.75,29.1,49.7,transfer
T03420,V117,D027,2026-02-09,Harbor Terminal,Airport Cargo,475.6,8.65,51.4,78.68,delivery
T03523,V027,D049,2026-02-09,Eastfield Park,Downtown Drop,237.9,5.06,34.9,56.16,service_run
T03702,V029,D060,2026-02-09,Northgate DC,Springfield Depot,446.8,9.3,51.5,86.81,delivery
T03791,V038,D011,2026-02-09,Springfield Depot,Eastfield Park,116.5,2.33,15.3,24.94,service_run
T04458,V038,D011,2026-02-09,Springfield Depot,Northgate DC,379.7,7.41,50.2,78.99,delivery
T04693,V021,D037,2026-02-09,Eastfield Park,Westside Yard,546.1,12.94,51.6,85.64,service_run
T05091,V061,D001,2026-02-09,Springfield Depot,Eastfield Park,490.6,9.53,87.0,139.72,delivery
T00319,V028,D064,2026-02-10,Eastfield Park,Airport Cargo,101.6,2.23,14.5,21.78,service_run
T00546,V081,D042,2026-02-10,Springfield Depot,Northgate DC,257.2,6.71,25.6,39.87,transfer
T00708,V050,D007,2026-02-10,Harbor Terminal,Riverside Hub,509.2,8.99,75.8,128.28,pickup
T01107,V032,D062,2026-02-10,Westside Yard,Springfield Depot,283.2,4.85,30.8,49.47,transfer
T01178,V117,D027,2026-02-10,Airport Cargo,Downtown Drop,163.8,2.67,17.4,29.32,delivery
T01966,V110,D072,2026-02-10,Eastfield Park,Springfield Depot,244.4,5.44,31.7,49.28,service_run
T02097,V104,D068,2026-02-10,Northgate DC,Westside Yard,124.1,2.91,13.2,19.55,delivery
T02425,V021,D037,2026-02-10,Riverside Hub,Northgate DC,572.1,9.05,75.3,111.42,service_run
T02623,V003,D058,2026-02-10,Eastfield Park,Westside Yard,180.3,3.67,19.5,31.93,transfer
T02789,V068,D025,2026-02-10,Harbor Terminal,Eastfield Park,254.0,4.51,27.2,40.31,service_run
T02796,V069,D066,2026-02-10,Harbor Terminal,Eastfield Park,421.7,7.62,53.6,86.08,service_run
T03057,V026,D021,2026-02-10,Downtown Drop,Springfield Depot,136.9,3.58,14.6,23.42,delivery
T03632,V032,D062,2026-02-10,Harbor Terminal,Springfield Depot,89.7,1.54,9.0,13.36,delivery
T04095,V027,D049,2026-02-10,Westside Yard,Northgate DC,385.9,6.62,43.7,69.53,transfer
T04124,V050,D007,2026-02-10,Airport Cargo,Eastfield Park,474.1,8.97,69.8,115.36,service_run
T04721,V113,D053,2026-02-10,Riverside Hub,Eastfield Park,392.9,9.33,59.2,91.24,delivery
T00048,V110,D072,2026-02-11,Airport Cargo,Springfield Depot,431.4,11.23,53.0,78.27,delivery
T00268,V069,D066,2026-02-11,Downtown Drop,Harbor Terminal,507.4,8.03,58.0,93.57,delivery
T01104,V062,D056,2026-02-11,Riverside Hub,Springfield Depot,573.4,9.22,64.6,96.39,pickup
T01265,V027,D049,2026-02-11,Riverside Hub,Springfield Depot,127.4,2.76,13.0,22.56,pickup
T01572,V026,D021,2026-02-11,Eastfield Park,Airport Cargo,110.2,2.08,10.7,17.63,delivery
T01641,V084,D013,2026-02-11,Northgate DC,Springfield Depot,269.9,4.96,39.3,60.05,delivery
T01982,V062,D056,2026-02-11,Riverside Hub,Harbor Terminal,372.3,6.92,38.5,62.16,pickup
T02104,V041,D047,2026-02-11,Northgate DC,Eastfield Park,126.8,1.88,12.6,19.69,delivery
T02153,V095,D034,2026-02-11,Northgate DC,Harbor Terminal,493.0,7.13,55.9,94.79,pickup
T02526,V109,D051,2026-02-11,Airport Cargo,Springfield Depot,17.6,0.41,1.7,2.73,delivery
T02716,V107,D015,2026-02-11,Springfield Depot,Downtown Drop,409.3,10.49,61.6,102.58,transfer
T02854,V065,D080,2026-02-11,Harbor Terminal,Springfield Depot,159.6,2.57,20.9,33.15,pickup
T03225,V101,D017,2026-02-11,Westside Yard,Eastfield Park,251.3,3.98,29.9,43.85,transfer
T03240,V027,D049,2026-02-11,Westside Yard,Airport Cargo,44.2,0.95,7.1,11.27,service_run
T03289,V101,D017,2026-02-11,Downtown Drop,Northgate DC,605.6,12.69,63.1,105.8,transfer
T03314,V045,D076,2026-02-11,Airport Cargo,Northgate DC,506.7,8.98,85.8,128.61,delivery
T03484,V028,D064,2026-02-11,Downtown Drop,Springfield Depot,138.7,2.06,23.0,38.48,transfer
T03875,V012,D057,2026-02-11,Riverside Hub,Harbor Terminal,166.4,3.42,15.4,26.31,delivery
T04261,V041,D047,2026-02-11,Downtown Drop,Riverside Hub,212.8,3.06,38.4,65.0,pickup
T04262,V010,D040,2026-02-11,Harbor Terminal,Riverside Hub,61.7,0.99,8.1,12.71,delivery
T04912,V081,D042,2026-02-11,Harbor Terminal,Springfield Depot,163.6,2.69,21.8,35.78,transfer
T04948,V046,D071,2026-02-11,Westside Yard,Downtown Drop,448.0,7.73,56.3,93.99,transfer
T05174,V032,D062,2026-02-11,Northgate DC,Riverside Hub,335.4,7.5,44.7,71.44,delivery
T05200,V004,D003,2026-02-11,Eastfield Park,Riverside Hub,154.8,2.22,16.3,27.44,delivery
T00073,V041,D047,2026-02-12,Westside Yard,Eastfield Park,392.6,9.29,55.3,91.97,delivery
T00158,V018,D028,2026-02-12,Riverside Hub,Airport Cargo,116.0,2.09,19.1,27.85,pickup
T00258,V062,D056,2026-02-12,Harbor Terminal,Eastfield Park,209.1,4.34,31.9,50.48,delivery
T00422,V061,D001,2026-02-12,Eastfield Park,Westside Yard,534.9,11.11,83.8,141.93,service_run
T00474,V047,D050,2026-02-12,Westside Yard,Northgate DC,351.9,7.12,32.0,47.92,transfer
T00554,V109,D051,2026-02-12,Riverside Hub,Eastfield Park,455.0,8.38,46.4,77.74,service_run
T00705,V048,D036,2026-02-12,Westside Yard,Eastfield Park,338.4,5.9,61.4,95.83,delivery
T00781,V014,D031,2026-02-12,Westside Yard,Eastfield Park,430.8,6.42,57.0,96.48,delivery
T00931,V116,D012,2026-02-12,Northgate DC,Downtown Drop,234.1,4.25,35.5,60.63,delivery
T01354,V065,D080,2026-02-12,Northgate DC,Springfield Depot,160.6,3.96,25.4,41.31,delivery
T01668,V010,D040,2026-02-12,Riverside Hub,Airport Cargo,510.8,8.92,49.4,74.85,service_run
T01957,V006,D006,2026-02-12,Downtown Drop,Eastfield Park,334.5,6.06,45.3,76.22,transfer
T03269,V114,D070,2026-02-12,Riverside Hub,Eastfield Park,337.7,6.82,44.9,71.66,transfer
T03530,V040,D067,2026-02-12,Airport Cargo,Westside Yard,238.6,5.9,25.8,43.33,pickup
T03984,V084,D013,2026-02-12,Springfield Depot,Downtown Drop,62.2,1.12,9.4,14.72,delivery
T04373,V092,D044,2026-02-12,Harbor Terminal,Riverside Hub,161.4,4.24,21.9,37.7,delivery
T04802,V053,D019,2026-02-12,Springfield Depot,Downtown Drop,589.4,12.41,69.1,111.73,service_run
T00097,V070,D026,2026-02-13,Northgate DC,Riverside Hub,264.7,6.03,29.2,47.74,delivery
T00449,V028,D064,2026-02-13,Harbor Terminal,Northgate DC,537.3,8.46,54.2,90.68,transfer
T00497,V027,D049,2026-02-13,Northgate DC,Harbor Terminal,290.5,5.83,51.2,88.86,transfer
T00988,V084,D013,2026-02-13,Eastfield Park,Westside Yard,567.3,12.4,61.8,106.61,pickup
T00992,V008,D046,2026-02-13,Downtown Drop,Westside Yard,197.7,4.52,32.9,49.19,delivery
T01965,V061,D001,2026-02-13,Riverside Hub,Northgate DC,447.4,6.59,67.4,113.81,transfer
T02271,V108,D063,2026-02-13,Downtown Drop,Northgate DC,490.6,10.6,78.7,118.51,transfer
T02308,V032,D062,2026-02-13,Northgate DC,Springfield Depot,325.2,5.12,41.9,64.94,delivery
T03124,V012,D057,2026-02-13,Downtown Drop,Riverside Hub,593.4,12.61,60.0,87.81,delivery
T03396,V060,D005,2026-02-13,Downtown Drop,Northgate DC,589.1,12.62,55.9,89.38,delivery
T03538,V061,D001,2026-02-13,Westside Yard,Riverside Hub,197.6,3.65,27.2,45.12,delivery
T03729,V047,D050,2026-02-13,Northgate DC,Eastfield Park,611.2,13.88,82.1,122.28,delivery
T03825,V094,D078,2026-02-13,Downtown Drop,Riverside Hub,257.7,3.88,26.0,39.22,pickup
T03951,V004,D003,2026-02-13,Eastfield Park,Harbor Terminal,356.3,7.92,35.6,56.54,delivery
T04011,V028,D064,2026-02-13,Springfield Depot,Harbor Terminal,297.3,7.5,46.2,70.5,delivery
T04144,V024,D079,2026-02-13,Airport Cargo,Eastfield Park,608.3,9.49,79.5,125.31,delivery
T04478,V012,D057,2026-02-13,Westside Yard,Eastfield Park,175.0,3.78,18.4,31.69,pickup
T04585,V113,D053,2026-02-13,Springfield Depot,Eastfield Park,124.6,3.25,16.6,28.36,pickup
T04586,V046,D071,2026-02-13,Northgate DC,Riverside Hub,173.7,3.33,19.5,32.67,service_run
T04602,V094,D078,2026-02-13,Eastfield Park,Harbor Terminal,460.3,8.1,76.8,122.25,transfer
T04879,V028,D064,2026-02-13,Northgate DC,Eastfield Park,245.0,4.23,38.7,67.51,delivery
T01283,V108,D063,2026-02-14,Eastfield Park,Riverside Hub,129.1,3.14,15.9,24.91,service_run
T01629,V014,D031,2026-02-14,Airport Cargo,Northgate DC,619.2,10.47,101.2,176.71,service_run
T01795,V074,D009,2026-02-14,Northgate DC,Westside Yard,565.3,9.39,89.5,151.65,delivery
T01899,V043,D073,2026-02-14,Riverside Hub,Harbor Terminal,507.8,10.41,65.6,97.36,service_run
T02265,V077,D029,2026-02-14,Eastfield Park,Harbor Terminal,73.7,1.85,7.4,12.33,delivery
T02279,V048,D036,2026-02-14,Downtown Drop,Westside Yard,422.4,6.9,64.8,96.89,delivery
T02429,V014,D031,2026-02-14,Westside Yard,Airport Cargo,601.7,11.99,74.1,126.57,delivery
T02766,V003,D058,2026-02-14,Riverside Hub,Downtown Drop,322.9,5.29,48.6,74.21,transfer
T03239,V041,D047,2026-02-14,Eastfield Park,Westside Yard,307.5,6.21,33.4,52.49,pickup
T03297,V063,D010,2026-02-14,Westside Yard,Springfield Depot,319.5,7.47,41.6,60.88,transfer
T03601,V050,D007,2026-02-14,Northgate DC,Springfield Depot,453.2,11.51,63.1,98.33,delivery
T03656,V035,D069,2026-02-14,Northgate DC,Airport Cargo,377.8,7.5,56.8,90.23,delivery
T03761,V062,D056,2026-02-14,Eastfield Park,Springfield Depot,49.7,0.9,5.6,8.49,pickup
T04329,V087,D039,2026-02-14,Riverside Hub,Harbor Terminal,478.2,7.56,70.5,103.69,pickup
T04406,V101,D017,2026-02-14,Eastfield Park,Downtown Drop,289.2,4.96,42.5,62.19,delivery
T05152,V027,D049,2026-02-14,Westside Yard,Northgate DC,493.6,8.34,70.3,114.53,service_run
T00067,V084,D013,2026-02-15,Westside Yard,Springfield Depot,291.5,4.68,29.8,43.63,service_run
T00328,V030,D022,2026-02-15,Downtown Drop,Northgate DC,576.4,13.61,72.0,119.95,service_run
T00433,V043,D073,2026-02-15,Airport Cargo,Eastfield Park,617.1,14.1,87.5,147.68,delivery
T00500,V059,D002,2026-02-15,Springfield Depot,Eastfield Park,125.8,2.27,13.1,19.26,delivery
T01057,V041,D047,2026-02-15,Harbor Terminal,Springfield Depot,388.6,9.62,49.1,73.56,service_run
T01271,V102,D038,2026-02-15,Northgate DC,Harbor Terminal,386.3,5.89,64.1,107.96,transfer
T01462,V035,D069,2026-02-15,Riverside Hub,Eastfield Park,382.0,7.28,46.1,71.48,pickup
T02291,V060,D005,2026-02-15,Harbor Terminal,Airport Cargo,92.2,2.24,9.6,14.21,service_run
T02564,V117,D027,2026-02-15,Westside Yard,Springfield Depot,262.5,6.43,38.6,63.55,service_run
T02812,V116,D012,2026-02-15,Downtown Drop,Springfield Depot,317.1,7.56,44.9,65.45,transfer
T02934,V040,D067,2026-02-15,Springfield Depot,Westside Yard,434.1,6.95,55.5,81.11,delivery
T03403,V046,D071,2026-02-15,Downtown Drop,Harbor Terminal,135.2,3.07,16.0,26.66,delivery
T04191,V117,D027,2026-02-15,Airport Cargo,Downtown Drop,35.2,0.68,4.1,7.09,transfer
T04332,V003,D058,2026-02-15,Airport Cargo,Springfield Depot,308.8,6.02,34.4,58.25,transfer
T00335,V092,D044,2026-02-16,Riverside Hub,Springfield Depot,95.3,1.79,13.4,20.66,service_run
T00380,V003,D058,2026-02-16,Northgate DC,Downtown Drop,448.1,8.12,41.5,72.3,delivery
T00557,V084,D013,2026-02-16,Northgate DC,Downtown Drop,200.1,4.0,19.3,31.17,delivery
T00645,V043,D073,2026-02-16,Springfield Depot,Northgate DC,501.6,8.19,76.3,123.81,service_run
T01243,V050,D007,2026-02-16,Airport Cargo,Downtown Drop,324.2,7.4,45.0,69.76,pickup
T01760,V035,D069,2026-02-16,Harbor Terminal,Riverside Hub,87.2,1.34,8.9,14.89,delivery
T01792,V027,D049,2026-02-16,Riverside Hub,Airport Cargo,476.7,6.83,56.7,97.67,delivery
T01889,V028,D064,2026-02-16,Northgate DC,Westside Yard,194.2,2.87,29.9,50.61,delivery
T02369,V081,D042,2026-02-16,Westside Yard,Eastfield Park,55.2,0.82,6.3,9.86,transfer
T02859,V101,D017,2026-02-16,Westside Yard,Airport Cargo,525.4,13.6,62.0,96.24,delivery
T03348,V098,D018,2026-02-16,Eastfield Park,Airport Cargo,426.0,6.16,56.9,95.76,delivery
T03568,V029,D060,2026-02-16,Northgate DC,Riverside Hub,76.9,1.63,10.0,16.13,service_run
T03606,V013,D016,2026-02-16,Riverside Hub,Eastfield Park,317.6,5.02,39.4,64.3,delivery
T03869,V040,D067,2026-02-16,Riverside Hub,Westside Yard,433.4,6.32,75.7,111.26,delivery
T03911,V004,D003,2026-02-16,Northgate DC,Westside Yard,470.2,9.0,65.3,111.63,pickup
T04131,V010,D040,2026-02-16,Downtown Drop,Eastfield Park,108.0,1.6,11.2,17.49,delivery
T04528,V113,D053,2026-02-16,Eastfield Park,Springfield Depot,479.2,8.94,53.3,83.2,delivery
T04624,V094,D078,2026-02-16,Downtown Drop,Northgate DC,29.7,0.7,4.3,6.82,pickup
T04689,V104,D068,2026-02-16,Airport Cargo,Springfield Depot,477.3,10.29,60.5,91.27,delivery
T05021,V024,D079,2026-02-16,Springfield Depot,Eastfield Park,410.6,9.53,63.3,109.49,delivery
T05038,V043,D073,2026-02-16,Northgate DC,Eastfield Park,618.4,11.65,105.3,155.36,delivery
T05165,V028,D064,2026-02-16,Harbor Terminal,Springfield Depot,255.1,6.18,29.3,49.01,delivery
T00322,V113,D053,2026-02-17,Airport Cargo,Northgate DC,295.9,7.45,33.1,49.11,delivery
T00548,V038,D011,2026-02-17,Westside Yard,Downtown Drop,550.7,9.88,58.3,87.66,delivery
T00815,V021,D037,2026-02-17,Harbor Terminal,Airport Cargo,459.0,10.3,44.4,74.85,delivery
T01303,V063,D010,2026-02-17,Downtown Drop,Riverside Hub,119.0,2.15,11.0,16.01,delivery
T01338,V013,D016,2026-02-17,Eastfield Park,Springfield Depot,298.3,7.35,27.4,43.51,delivery
T01559,V110,D072,2026-02-17,Airport Cargo,Springfield Depot,112.7,2.0,14.7,22.47,delivery
T01712,V040,D067,2026-02-17,Harbor Terminal,Eastfield Park,613.8,11.34,55.9,90.23,delivery
T01736,V032,D062,2026-02-17,Riverside Hub,Springfield Depot,492.5,12.8,68.5,115.51,transfer
T02033,V038,D011,2026-02-17,Springfield Depot,Eastfield Park,48.5,1.19,6.2,10.03,transfer
T02415,V068,D025,2026-02-17,Downtown Drop,Springfield Depot,378.0,8.7,66.5,112.09,transfer
T02544,V043,D073,2026-02-17,Airport Cargo,Northgate DC,207.8,3.87,25.1,37.07,delivery
T03052,V038,D011,2026-02-17,Harbor Terminal,Westside Yard,237.6,3.87,25.4,41.37,delivery
T03688,V010,D040,2026-02-17,Northgate DC,Airport Cargo,419.3,6.12,39.1,68.0,pickup
T04022,V046,D071,2026-02-17,Westside Yard,Riverside Hub,21.9,0.38,2.0,2.98,service_run
T04559,V105,D023,2026-02-17,Westside Yard,Riverside Hub,521.0,8.29,52.9,90.57,delivery
T04667,V109,D051,2026-02-17,Airport Cargo,Downtown Drop,553.2,13.93,58.0,93.88,transfer
T04920,V045,D076,2026-02-17,Downtown Drop,Riverside Hub,217.4,4.0,20.3,33.03,delivery
T00065,V021,D037,2026-02-18,Harbor Terminal,Eastfield Park,16.3,0.3,2.2,3.65,delivery
T00356,V117,D027,2026-02-18,Airport Cargo,Springfield Depot,487.7,11.99,50.2,85.58,service_run
T01586,V002,D074,2026-02-18,Springfield Depot,Riverside Hub,439.2,11.01,42.8,62.28,delivery
T01960,V043,D073,2026-02-18,Westside Yard,Eastfield Park,513.0,9.47,67.9,113.75,service_run
T02073,V026,D021,2026-02-18,Harbor Terminal,Eastfield Park,364.6,9.09,51.4,74.89,delivery
T02467,V044,D020,2026-02-18,Westside Yard,Eastfield Park,412.6,7.21,46.3,72.12,delivery
T02472,V084,D013,2026-02-18,Springfield Depot,Riverside Hub,611.7,14.61,61.1,92.82,delivery
T02628,V092,D044,2026-02-18,Riverside Hub,Westside Yard,266.3,3.91,48.0,76.5,delivery
T02920,V107,D015,2026-02-18,Riverside Hub,Eastfield Park,217.3,4.74,33.0,57.1,delivery
T03128,V065,D080,2026-02-18,Westside Yard,Downtown Drop,510.2,9.04,86.2,128.04,service_run
T03158,V046,D071,2026-02-18,Westside Yard,Airport Cargo,175.9,3.84,19.6,33.66,delivery
T03405,V107,D015,2026-02-18,Harbor Terminal,Springfield Depot,292.5,5.94,50.4,83.99,pickup
T03489,V027,D049,2026-02-18,Northgate DC,Riverside Hub,39.3,0.95,6.6,10.66,pickup
T03995,V107,D015,2026-02-18,Riverside Hub,Airport Cargo,528.3,10.74,83.7,143.33,service_run
T04829,V081,D042,2026-02-18,Harbor Terminal,Airport Cargo,100.2,1.49,17.2,25.72,service_run
T00025,V003,D058,2026-02-19,Harbor Terminal,Westside Yard,167.7,2.43,16.9,27.76,pickup
T00057,V117,D027,2026-02-19,Westside Yard,Harbor Terminal,606.6,11.08,66.0,109.57,delivery
T00633,V068,D025,2026-02-19,Riverside Hub,Westside Yard,578.7,11.81,59.6,102.69,service_run
T01172,V027,D049,2026-02-19,Riverside Hub,Springfield Depot,476.1,8.1,83.6,144.06,transfer
T01352,V110,D072,2026-02-19,Westside Yard,Eastfield Park,431.9,10.0,76.1,121.14,pickup
T01829,V081,D042,2026-02-19,Westside Yard,Harbor Terminal,209.3,3.96,36.3,52.72,delivery
T02198,V032,D062,2026-02-19,Northgate DC,Harbor Terminal,292.4,4.36,42.6,69.05,pickup
T02595,V046,D071,2026-02-19,Westside Yard,Riverside Hub,469.1,11.58,52.6,87.66,delivery
T02744,V065,D080,2026-02-19,Harbor Terminal,Northgate DC,38.6,1.01,6.6,10.44,delivery
T02959,V028,D064,2026-02-19,Westside Yard,Airport Cargo,557.5,9.02,78.8,124.94,delivery
T03092,V069,D066,2026-02-19,Northgate DC,Airport Cargo,30.1,0.76,5.0,7.33,transfer
T03177,V014,D031,2026-02-19,Westside Yard,Riverside Hub,392.7,6.37,36.8,60.68,delivery
T03507,V037,D035,2026-02-19,Eastfield Park,Springfield Depot,536.9,10.25,50.8,86.47,transfer
T03609,V104,D068,2026-02-19,Springfield Depot,Airport Cargo,184.7,2.69,21.8,35.39,pickup
T03858,V104,D068,2026-02-19,Westside Yard,Eastfield Park,308.9,4.58,30.2,45.19,delivery
T03966,V013,D016,2026-02-19,Springfield Depot,Riverside Hub,171.8,2.76,23.6,36.49,pickup
T04210,V024,D079,2026-02-19,Harbor Terminal,Airport Cargo,555.5,9.7,82.1,135.78,transfer
T04290,V024,D079,2026-02-19,Downtown Drop,Westside Yard,403.3,6.08,56.8,86.49,delivery
T04379,V074,D009,2026-02-19,Eastfield Park,Westside Yard,304.3,5.55,29.6,44.16,pickup
T04685,V053,D019,2026-02-19,Harbor Terminal,Eastfield Park,347.0,5.84,60.4,96.17,service_run
T04700,V068,D025,2026-02-19,Northgate DC,Downtown Drop,584.8,13.33,53.3,84.45,transfer
T05019,V050,D007,2026-02-19,Eastfield Park,Riverside Hub,457.8,9.14,45.1,74.11,delivery
T00079,V101,D017,2026-02-20,Westside Yard,Downtown Drop,566.4,9.97,60.4,100.96,delivery
T00341,V043,D073,2026-02-20,Downtown Drop,Northgate DC,208.9,5.26,20.0,31.24,pickup
T00680,V050,D007,2026-02-20,Westside Yard,Airport Cargo,299.8,4.5,39.7,63.95,delivery
T00800,V098,D018,2026-02-20,Westside Yard,Downtown Drop,118.0,1.76,18.0,31.44,service_run
T01106,V014,D031,2026-02-20,Downtown Drop,Springfield Depot,597.8,9.76,85.2,138.52,service_run
T01127,V048,D036,2026-02-20,Northgate DC,Springfield Depot,281.4,5.92,28.2,49.05,transfer
T01797,V074,D009,2026-02-20,Riverside Hub,Harbor Terminal,93.2,1.89,11.9,17.38,pickup
T02117,V007,D004,2026-02-20,Harbor Terminal,Westside Yard,532.5,8.44,61.2,100.19,delivery
T02158,V080,D054,2026-02-20,Downtown Drop,Harbor Terminal,244.0,4.34,25.2,38.66,pickup
T02417,V040,D067,2026-02-20,Airport Cargo,Eastfield Park,155.1,2.3,14.3,22.53,pickup
T02613,V080,D054,2026-02-20,Springfield Depot,Westside Yard,568.8,9.66,95.4,142.82,transfer
T02732,V037,D035,2026-02-20,Airport Cargo,Downtown Drop,488.8,9.89,60.0,88.48,service_run
T04436,V012,D057,2026-02-20,Westside Yard,Harbor Terminal,560.4,13.54,52.9,78.66,pickup
T04488,V102,D038,2026-02-20,Eastfield Park,Airport Cargo,452.1,8.71,79.1,115.45,delivery
T04636,V082,D055,2026-02-20,Westside Yard,Airport Cargo,414.9,8.85,49.7,75.36,delivery
T04639,V004,D003,2026-02-20,Westside Yard,Downtown Drop,364.4,5.61,37.5,60.12,service_run
T00163,V108,D063,2026-02-21,Westside Yard,Airport Cargo,501.8,10.83,63.3,97.55,delivery
T00482,V094,D078,2026-02-21,Downtown Drop,Airport Cargo,98.5,1.44,12.5,20.06,service_run
T00564,V084,D013,2026-02-21,Eastfield Park,Riverside Hub,152.3,2.79,15.8,26.64,pickup
T00820,V060,D005,2026-02-21,Northgate DC,Downtown Drop,332.8,8.12,51.8,79.84,service_run
T01041,V048,D036,2026-02-21,Springfield Depot,Harbor Terminal,432.2,9.29,54.0,82.8,service_run
T01176,V092,D044,2026-02-21,Westside Yard,Riverside Hub,612.4,8.99,99.0,156.06,pickup
T01215,V055,D059,2026-02-21,Eastfield Park,Airport Cargo,129.9,2.5,14.7,25.07,pickup
T01713,V063,D010,2026-02-21,Harbor Terminal,Airport Cargo,246.5,3.66,22.6,36.43,delivery
T02029,V105,D023,2026-02-21,Airport Cargo,Eastfield Park,492.7,10.27,65.9,114.36,delivery
T02160,V069,D066,2026-02-21,Westside Yard,Airport Cargo,318.0,5.15,43.2,66.11,delivery
T02454,V006,D006,2026-02-21,Riverside Hub,Westside Yard,296.1,6.94,34.0,51.56,service_run
T02641,V114,D070,2026-02-21,Downtown Drop,Riverside Hub,83.2,1.25,10.8,17.01,pickup
T03261,V081,D042,2026-02-21,Westside Yard,Riverside Hub,217.7,3.71,27.6,42.27,pickup
T03282,V094,D078,2026-02-21,Westside Yard,Harbor Terminal,375.9,7.96,54.4,82.16,transfer
T03421,V003,D058,2026-02-21,Westside Yard,Airport Cargo,168.9,3.77,16.7,28.87,delivery
T03500,V117,D027,2026-02-21,Downtown Drop,Westside Yard,34.4,0.74,4.9,8.21,delivery
T03646,V105,D023,2026-02-21,Westside Yard,Eastfield Park,490.0,7.46,49.1,80.82,pickup
T03949,V007,D004,2026-02-21,Eastfield Park,Westside Yard,475.0,9.24,75.8,120.56,pickup
T04316,V039,D045,2026-02-21,Eastfield Park,Downtown Drop,532.9,11.59,50.8,85.13,service_run
T04421,V027,D049,2026-02-21,Downtown Drop,Eastfield Park,280.1,4.23,33.7,53.02,delivery
T04946,V045,D076,2026-02-21,Westside Yard,Springfield Depot,562.6,11.98,60.3,103.88,service_run
T00331,V037,D035,2026-02-22,Eastfield Park,Downtown Drop,67.3,0.96,6.6,10.74,pickup
T00545,V045,D076,2026-02-22,Eastfield Park,Westside Yard,297.3,4.75,44.6,75.57,service_run
T00689,V032,D062,2026-02-22,Harbor Terminal,Riverside Hub,87.9,1.3,11.4,17.99,transfer
T01447,V087,D039,2026-02-22,Northgate DC,Eastfield Park,451.3,10.23,59.9,102.41,service_run
T01512,V007,D004,2026-02-22,Harbor Terminal,Eastfield Park,415.7,6.02,49.0,80.58,delivery
T01620,V074,D009,2026-02-22,Riverside Hub,Downtown Drop,446.6,7.89,64.5,95.7,pickup
T01977,V026,D021,2026-02-22,Springfield Depot,Harbor Terminal,373.1,7.29,37.8,63.85,pickup
T02084,V108,D063,2026-02-22,Airport Cargo,Springfield Depot,306.1,5.71,32.3,49.81,delivery
T02671,V117,D027,2026-02-22,Airport Cargo,Riverside Hub,505.5,8.22,86.6,136.84,delivery
T02683,V116,D012,2026-02-22,Eastfield Park,Northgate DC,591.1,14.32,85.5,148.52,transfer
T03120,V104,D068,2026-02-22,Downtown Drop,Westside Yard,540.4,9.59,54.9,92.51,transfer
T03318,V007,D004,2026-02-22,Westside Yard,Springfield Depot,569.7,11.01,51.9,82.89,delivery
T03320,V028,D064,2026-02-22,Airport Cargo,Riverside Hub,544.3,13.64,61.3,94.85,transfer
T03342,V068,D025,2026-02-22,Northgate DC,Riverside Hub,189.3,3.09,29.9,49.73,delivery
T03352,V077,D029,2026-02-22,Eastfield Park,Riverside Hub,350.2,9.16,41.7,63.74,pickup
T03757,V008,D046,2026-02-22,Westside Yard,Riverside Hub,441.7,10.08,55.5,94.51,service_run
T03988,V007,D004,2026-02-22,Riverside Hub,Airport Cargo,585.4,11.44,100.3,168.56,pickup
T04108,V040,D067,2026-02-22,Eastfield Park,Harbor Terminal,367.4,5.68,47.8,81.83,delivery
T04115,V038,D011,2026-02-22,Springfield Depot,Eastfield Park,591.5,10.23,80.7,128.17,pickup
T04353,V008,D046,2026-02-22,Airport Cargo,Springfield Depot,485.0,8.56,76.3,119.84,delivery
T04631,V070,D026,2026-02-22,Springfield Depot,Eastfield Park,160.8,2.35,24.2,40.25,pickup
T04728,V044,D020,2026-02-22,Downtown Drop,Eastfield Park,474.3,8.2,45.5,72.14,pickup
T04785,V045,D076,2026-02-22,Harbor Terminal,Riverside Hub,374.6,9.3,42.5,69.0,delivery
T00213,V082,D055,2026-02-23,Riverside Hub,Northgate DC,607.8,11.36,73.3,119.42,delivery
T00870,V047,D050,2026-02-23,Downtown Drop,Westside Yard,70.7,1.14,12.7,21.49,transfer
T01254,V109,D051,2026-02-23,Harbor Terminal,Northgate DC,447.9,10.97,46.7,72.86,pickup
T01310,V060,D005,2026-02-23,Springfield Depot,Westside Yard,244.6,3.6,23.7,36.1,service_run
T01542,V046,D071,2026-02-23,Riverside Hub,Downtown Drop,59.0,1.22,8.7,13.44,delivery
T02184,V053,D019,2026-02-23,Harbor Terminal,Westside Yard,354.7,5.62,42.6,72.14,service_run
T02600,V018,D028,2026-02-23,Harbor Terminal,Northgate DC,211.1,3.27,35.6,54.96,service_run
T02930,V098,D018,2026-02-23,Northgate DC,Eastfield Park,120.1,2.35,14.4,20.96,pickup
T03037,V117,D027,2026-02-23,Harbor Terminal,Westside Yard,16.7,0.39,1.6,2.71,delivery
T03066,V059,D002,2026-02-23,Westside Yard,Harbor Terminal,195.1,4.7,24.4,38.24,service_run
T03149,V081,D042,2026-02-23,Harbor Terminal,Springfield Depot,229.0,4.18,31.4,45.8,service_run
T03389,V105,D023,2026-02-23,Springfield Depot,Harbor Terminal,249.2,4.18,38.3,56.89,delivery
T03498,V046,D071,2026-02-23,Harbor Terminal,Eastfield Park,25.1,0.53,2.4,3.9,delivery
T03532,V080,D054,2026-02-23,Northgate DC,Airport Cargo,157.4,2.62,15.5,22.72,transfer
T03580,V104,D068,2026-02-23,Westside Yard,Harbor Terminal,62.8,1.38,7.1,12.04,service_run
T03604,V028,D064,2026-02-23,Eastfield Park,Riverside Hub,376.1,6.37,50.4,80.48,delivery
T03658,V081,D042,2026-02-23,Springfield Depot,Northgate DC,320.3,8.38,29.8,44.42,delivery
T03712,V105,D023,2026-02-23,Harbor Terminal,Springfield Depot,405.4,10.14,51.5,87.04,delivery
T03964,V048,D036,2026-02-23,Westside Yard,Airport Cargo,343.8,6.65,46.5,77.69,pickup
T04007,V010,D040,2026-02-23,Harbor Terminal,Riverside Hub,306.5,5.37,40.0,65.1,delivery
T04012,V107,D015,2026-02-23,Eastfield Park,Springfield Depot,358.6,6.7,38.5,58.73,service_run
T04054,V084,D013,2026-02-23,Harbor Terminal,Airport Cargo,362.6,7.76,50.0,79.74,delivery
T04684,V087,D039,2026-02-23,Springfield Depot,Harbor Terminal,301.4,4.58,31.7,50.94,transfer
T04911,V082,D055,2026-02-23,Airport Cargo,Northgate DC,517.4,8.66,73.9,107.2,service_run
T00889,V010,D040,2026-02-24,Eastfield Park,Harbor Terminal,84.2,1.75,14.7,23.76,delivery
T01202,V098,D018,2026-02-24,Downtown Drop,Northgate DC,142.2,2.45,15.1,22.77,delivery
T01503,V101,D017,2026-02-24,Airport Cargo,Downtown Drop,473.5,7.36,46.1,70.21,delivery
T01615,V114,D070,2026-02-24,Westside Yard,Airport Cargo,360.5,5.31,45.5,73.33,delivery
T01688,V117,D027,2026-02-24,Riverside Hub,Airport Cargo,341.7,6.22,39.9,66.02,service_run
T01717,V024,D079,2026-02-24,Riverside Hub,Airport Cargo,75.3,1.2,12.6,21.83,delivery
T01984,V021,D037,2026-02-24,Riverside Hub,Northgate DC,449.1,10.17,50.9,86.42,pickup
T02092,V084,D013,2026-02-24,Westside Yard,Downtown Drop,121.7,2.67,13.1,19.02,delivery
T02605,V095,D034,2026-02-24,Airport Cargo,Springfield Depot,65.7,1.04,6.5,9.88,transfer
T02856,V104,D068,2026-02-24,Eastfield Park,Downtown Drop,524.9,11.52,58.2,88.36,delivery
T04821,V095,D034,2026-02-24,Westside Yard,Riverside Hub,567.3,8.36,91.4,145.8,service_run
T05049,V003,D058,2026-02-24,Airport Cargo,Harbor Terminal,486.3,9.29,55.8,91.29,delivery
T00176,V026,D021,2026-02-25,Northgate DC,Downtown Drop,397.9,8.5,54.6,81.13,delivery
T00321,V002,D074,2026-02-25,Riverside Hub,Harbor Terminal,131.1,2.64,12.0,20.14,transfer
T00417,V082,D055,2026-02-25,Riverside Hub,Eastfield Park,581.0,12.95,86.7,132.86,pickup
T01557,V061,D001,2026-02-25,Northgate DC,Eastfield Park,349.6,5.93,55.6,92.34,delivery
T01679,V012,D057,2026-02-25,Westside Yard,Eastfield Park,558.1,12.18,78.7,136.39,transfer
T01808,V024,D079,2026-02-25,Airport Cargo,Downtown Drop,18.8,0.34,2.0,3.08,delivery
T02045,V028,D064,2026-02-25,Airport Cargo,Northgate DC,204.5,5.15,29.2,48.7,service_run
T02552,V041,D047,2026-02-25,Airport Cargo,Eastfield Park,208.8,3.65,26.7,44.82,delivery
T03834,V038,D011,2026-02-25,Northgate DC,Eastfield Park,44.5,0.92,4.1,6.19,delivery
T04150,V045,D076,2026-02-25,Eastfield Park,Harbor Terminal,230.9,4.01,36.7,54.36,service_run
T05138,V045,D076,2026-02-25,Airport Cargo,Downtown Drop,407.6,7.32,38.8,65.67,delivery
T00147,V052,D065,2026-02-26,Westside Yard,Northgate DC,178.0,4.06,16.5,26.02,pickup
T00542,V012,D057,2026-02-26,Springfield Depot,Airport Cargo,321.8,6.57,31.9,55.6,service_run
T00596,V062,D056,2026-02-26,Riverside Hub,Springfield Depot,461.4,10.88,47.7,76.3,delivery
T00658,V008,D046,2026-02-26,Airport Cargo,Riverside Hub,37.2,0.65,5.9,8.94,delivery
T01093,V007,D004,2026-02-26,Eastfield Park,Airport Cargo,112.9,1.73,15.5,23.35,transfer
T01221,V046,D071,2026-02-26,Eastfield Park,Springfield Depot,507.1,10.56,73.8,126.51,pickup
T02282,V010,D040,2026-02-26,Westside Yard,Riverside Hub,244.0,4.21,42.9,72.45,delivery
T02898,V105,D023,2026-02-26,Northgate DC,Eastfield Park,367.6,6.42,57.7,92.62,transfer
T03296,V113,D053,2026-02-26,Harbor Terminal,Northgate DC,605.9,15.38,86.5,146.69,transfer
T03590,V030,D022,2026-02-26,Eastfield Park,Downtown Drop,172.8,3.2,22.1,37.41,delivery
T03851,V012,D057,2026-02-26,Springfield Depot,Downtown Drop,221.3,5.24,22.2,34.56,transfer
T04917,V077,D029,2026-02-26,Riverside Hub,Springfield Depot,42.5,0.61,5.5,8.99,delivery
T04981,V003,D058,2026-02-26,Riverside Hub,Downtown Drop,488.2,8.06,48.4,74.08,delivery
T00420,V010,D040,2026-02-27,Westside Yard,Downtown Drop,168.1,2.81,22.1,35.59,delivery
T00814,V053,D019,2026-02-27,Airport Cargo,Harbor Terminal,54.8,0.91,9.0,14.14,pickup
T01292,V065,D080,2026-02-27,Harbor Terminal,Riverside Hub,357.4,5.55,48.2,77.38,pickup
T01780,V029,D060,2026-02-27,Riverside Hub,Northgate DC,237.6,5.42,25.2,37.47,delivery
T01969,V081,D042,2026-02-27,Westside Yard,Northgate DC,368.8,5.83,42.8,63.55,pickup
T02235,V008,D046,2026-02-27,Downtown Drop,Westside Yard,325.8,4.77,30.9,50.63,service_run
T02430,V014,D031,2026-02-27,Springfield Depot,Westside Yard,350.2,6.49,32.4,52.95,delivery
T02624,V030,D022,2026-02-27,Riverside Hub,Springfield Depot,492.2,12.18,58.0,88.34,transfer
T02714,V006,D006,2026-02-27,Eastfield Park,Northgate DC,303.1,7.81,37.6,64.36,delivery
T02809,V037,D035,2026-02-27,Harbor Terminal,Airport Cargo,144.1,3.79,15.1,21.98,delivery
T03509,V047,D050,2026-02-27,Springfield Depot,Westside Yard,33.5,0.68,3.6,5.61,transfer
T03787,V117,D027,2026-02-27,Eastfield Park,Springfield Depot,170.6,3.42,25.5,37.53,delivery
T03821,V028,D064,2026-02-27,Downtown Drop,Westside Yard,379.7,7.23,44.5,66.74,delivery
T04005,V060,D005,2026-02-27,Northgate DC,Eastfield Park,47.8,1.21,4.8,8.05,pickup
T04525,V060,D005,2026-02-27,Harbor Terminal,Downtown Drop,210.2,4.34,26.4,38.44,pickup
T04745,V027,D049,2026-02-27,Harbor Terminal,Eastfield Park,210.7,5.31,36.9,56.62,delivery
T05032,V045,D076,2026-02-27,Westside Yard,Springfield Depot,577.6,13.21,82.2,132.21,transfer
T00060,V065,D080,2026-02-28,Airport Cargo,Harbor Terminal,215.2,3.67,30.6,48.07,delivery
T00648,V027,D049,2026-02-28,Northgate DC,Westside Yard,255.0,4.12,35.6,59.91,service_run
T00738,V007,D004,2026-02-28,Springfield Depot,Harbor Terminal,177.8,2.56,16.4,26.16,delivery
T01024,V101,D017,2026-02-28,Riverside Hub,Downtown Drop,497.0,8.67,45.8,70.96,delivery
T01427,V014,D031,2026-02-28,Riverside Hub,Northgate DC,341.1,7.36,57.2,92.36,delivery
T01772,V007,D004,2026-02-28,Westside Yard,Downtown Drop,61.9,1.04,6.6,10.56,delivery
T02242,V087,D039,2026-02-28,Downtown Drop,Springfield Depot,127.8,2.69,20.8,33.0,service_run
T02299,V040,D067,2026-02-28,Eastfield Park,Riverside Hub,602.5,13.56,59.0,99.78,delivery
T02471,V074,D009,2026-02-28,Downtown Drop,Harbor Terminal,372.2,8.32,35.6,60.79,delivery
T02679,V038,D011,2026-02-28,Downtown Drop,Harbor Terminal,305.6,5.16,32.5,56.87,transfer
T02801,V087,D039,2026-02-28,Airport Cargo,Northgate DC,195.6,3.43,32.0,50.88,delivery
T02803,V052,D065,2026-02-28,Harbor Terminal,Westside Yard,416.2,7.54,41.6,61.99,delivery
T03182,V077,D029,2026-02-28,Northgate DC,Westside Yard,119.2,1.71,11.2,19.19,delivery
T03730,V065,D080,2026-02-28,Harbor Terminal,Springfield Depot,422.5,9.28,70.4,115.66,delivery
T03735,V068,D025,2026-02-28,Eastfield Park,Airport Cargo,582.9,10.02,93.9,142.37,pickup
T03856,V080,D054,2026-02-28,Airport Cargo,Eastfield Park,218.5,3.48,22.1,37.11,transfer
T04557,V032,D062,2026-02-28,Harbor Terminal,Downtown Drop,162.4,3.14,18.3,30.39,delivery
T04755,V027,D049,2026-02-28,Downtown Drop,Riverside Hub,21.3,0.45,3.2,5.43,transfer
T04906,V116,D012,2026-02-28,Riverside Hub,Eastfield Park,225.9,3.67,21.4,35.94,delivery
T04929,V081,D042,2026-02-28,Riverside Hub,Downtown Drop,220.6,4.63,37.2,61.96,delivery
T00599,V069,D066,2026-03-01,Airport Cargo,Downtown Drop,139.5,2.33,24.1,40.15,transfer
T00611,V048,D036,2026-03-01,Westside Yard,Eastfield Park,304.0,5.02,28.8,42.0,service_run
T01006,V114,D070,2026-03-01,Eastfield Park,Riverside Hub,435.0,6.98,75.4,119.21,service_run
T01105,V035,D069,2026-03-01,Downtown Drop,Airport Cargo,251.7,4.42,39.5,60.22,delivery
T01346,V059,D002,2026-03-01,Northgate DC,Harbor Terminal,384.4,7.93,60.0,93.78,delivery
T01480,V077,D029,2026-03-01,Springfield Depot,Downtown Drop,558.6,8.7,66.8,102.57,delivery
T01834,V048,D036,2026-03-01,Harbor Terminal,Northgate DC,519.4,9.19,48.6,74.63,transfer
T02202,V004,D003,2026-03-01,Harbor Terminal,Downtown Drop,543.6,8.23,54.1,86.72,delivery
T02451,V068,D025,2026-03-01,Northgate DC,Downtown Drop,197.3,3.16,22.2,37.26,delivery
T02488,V032,D062,2026-03-01,Northgate DC,Eastfield Park,440.3,8.47,74.6,121.59,service_run
T02557,V019,D041,2026-03-01,Springfield Depot,Harbor Terminal,481.0,7.61,62.7,92.46,delivery
T03623,V046,D071,2026-03-01,Springfield Depot,Westside Yard,110.0,2.33,13.7,21.07,delivery
T03804,V101,D017,2026-03-01,Northgate DC,Harbor Terminal,577.6,14.88,92.3,157.28,transfer
T04045,V105,D023,2026-03-01,Riverside Hub,Springfield Depot,592.6,9.14,72.6,112.3,transfer
T04446,V063,D010,2026-03-01,Northgate DC,Airport Cargo,49.9,0.85,6.2,10.06,delivery
T04702,V032,D062,2026-03-01,Springfield Depot,Airport Cargo,587.6,13.55,60.1,92.56,transfer
T05071,V063,D010,2026-03-01,Harbor Terminal,Riverside Hub,349.9,7.12,53.3,93.08,delivery
T00939,V113,D053,2026-03-02,Downtown Drop,Northgate DC,246.4,3.95,22.5,37.45,pickup
T01321,V105,D023,2026-03-02,Airport Cargo,Riverside Hub,290.2,4.96,30.9,51.8,delivery
T01382,V063,D010,2026-03-02,Harbor Terminal,Springfield Depot,203.8,3.11,20.3,29.77,delivery
T01436,V052,D065,2026-03-02,Riverside Hub,Northgate DC,243.6,3.98,27.1,41.53,delivery
T01840,V007,D004,2026-03-02,Downtown Drop,Eastfield Park,21.1,0.44,2.9,5.01,delivery
T01967,V087,D039,2026-03-02,Springfield Depot,Westside Yard,141.4,3.7,20.7,32.09,delivery
T02286,V008,D046,2026-03-02,Westside Yard,Eastfield Park,442.5,6.8,67.6,114.44,pickup
T02367,V044,D020,2026-03-02,Eastfield Park,Northgate DC,485.0,7.43,65.3,112.47,pickup
T02383,V041,D047,2026-03-02,Westside Yard,Northgate DC,574.3,13.13,60.7,101.55,delivery
T02708,V081,D042,2026-03-02,Northgate DC,Riverside Hub,155.7,3.45,18.4,29.11,pickup
T02767,V065,D080,2026-03-02,Harbor Terminal,Northgate DC,353.9,8.77,33.0,54.89,delivery
T02811,V109,D051,2026-03-02,Westside Yard,Eastfield Park,604.4,12.53,97.7,151.63,delivery
T03086,V038,D011,2026-03-02,Northgate DC,Airport Cargo,257.2,3.87,34.0,55.04,delivery
T03204,V084,D013,2026-03-02,Airport Cargo,Riverside Hub,536.1,8.92,85.7,125.79,pickup
T03238,V038,D011,2026-03-02,Northgate DC,Downtown Drop,204.6,2.93,27.5,46.59,transfer
T03624,V105,D023,2026-03-02,Downtown Drop,Eastfield Park,96.4,1.75,9.5,16.6,pickup
T03628,V059,D002,2026-03-02,Harbor Terminal,Northgate DC,97.2,1.62,16.3,27.62,delivery
T03693,V014,D031,2026-03-02,Airport Cargo,Riverside Hub,512.2,9.01,66.3,102.56,service_run
T03968,V032,D062,2026-03-02,Westside Yard,Riverside Hub,196.9,4.2,18.2,28.14,delivery
T04395,V114,D070,2026-03-02,Eastfield Park,Downtown Drop,433.0,7.14,68.8,111.92,delivery
T04508,V050,D007,2026-03-02,Harbor Terminal,Downtown Drop,202.6,3.41,23.4,36.31,pickup
T04916,V030,D022,2026-03-02,Northgate DC,Riverside Hub,216.9,4.69,23.8,40.88,service_run
T05072,V077,D029,2026-03-02,Northgate DC,Downtown Drop,162.1,2.64,15.4,22.48,delivery
T05117,V105,D023,2026-03-02,Airport Cargo,Eastfield Park,128.0,2.36,15.0,22.2,delivery
T05167,V030,D022,2026-03-02,Westside Yard,Springfield Depot,587.1,9.74,97.3,165.32,delivery
T00205,V117,D027,2026-03-03,Downtown Drop,Northgate DC,161.6,2.7,23.2,37.65,delivery
T00687,V095,D034,2026-03-03,Northgate DC,Riverside Hub,388.7,8.27,40.9,60.72,delivery
T00692,V094,D078,2026-03-03,Springfield Depot,Eastfield Park,208.5,5.26,36.2,60.58,delivery
T01285,V037,D035,2026-03-03,Westside Yard,Riverside Hub,394.3,6.11,50.7,79.7,pickup
T01832,V098,D018,2026-03-03,Harbor Terminal,Downtown Drop,195.6,2.93,26.7,46.11,service_run
T01970,V060,D005,2026-03-03,Springfield Depot,Westside Yard,252.7,5.98,27.4,43.91,delivery
T02053,V039,D045,2026-03-03,Downtown Drop,Springfield Depot,537.2,11.2,87.3,146.07,transfer
T02115,V040,D067,2026-03-03,Northgate DC,Riverside Hub,139.8,2.83,25.3,36.99,delivery
T02169,V046,D071,2026-03-03,Airport Cargo,Riverside Hub,283.7,7.3,26.9,42.9,pickup
T02210,V027,D049,2026-03-03,Harbor Terminal,Eastfield Park,169.2,2.64,26.2,38.74,delivery
T03171,V045,D076,2026-03-03,Springfield Depot,Northgate DC,230.3,3.46,27.0,43.59,delivery
T03651,V061,D001,2026-03-03,Harbor Terminal,Northgate DC,422.8,6.22,48.1,76.38,transfer
T03733,V044,D020,2026-03-03,Eastfield Park,Springfield Depot,584.7,13.77,70.1,107.32,delivery
T04074,V050,D007,2026-03-03,Harbor Terminal,Eastfield Park,285.7,4.82,29.0,50.03,service_run
T04099,V059,D002,2026-03-03,Airport Cargo,Riverside Hub,390.9,5.72,69.0,115.28,delivery
T04140,V107,D015,2026-03-03,Northgate DC,Airport Cargo,380.6,5.64,50.7,87.0,transfer
T04321,V053,D019,2026-03-03,Harbor Terminal,Westside Yard,341.9,6.57,51.9,86.78,delivery
T04662,V062,D056,2026-03-03,Northgate DC,Eastfield Park,495.5,9.35,49.3,71.72,transfer
T05197,V048,D036,2026-03-03,Airport Cargo,Riverside Hub,583.6,9.4,61.3,89.43,pickup
T00058,V098,D018,2026-03-04,Downtown Drop,Riverside Hub,306.6,4.73,33.5,54.19,transfer
T01187,V055,D059,2026-03-04,Northgate DC,Airport Cargo,605.6,14.73,66.2,96.77,pickup
T01624,V082,D055,2026-03-04,Downtown Drop,Springfield Depot,450.8,9.69,42.3,67.83,delivery
T01631,V039,D045,2026-03-04,Riverside Hub,Airport Cargo,41.5,0.85,6.0,10.19,delivery
T01637,V095,D034,2026-03-04,Eastfield Park,Northgate DC,437.8,6.46,50.3,78.69,delivery
T01864,V109,D051,2026-03-04,Riverside Hub,Downtown Drop,394.5,8.97,49.4,73.56,delivery
T01933,V002,D074,2026-03-04,Riverside Hub,Downtown Drop,253.6,6.31,27.8,46.29,pickup
T02016,V081,D042,2026-03-04,Downtown Drop,Airport Cargo,494.9,10.84,51.6,76.54,delivery
T02199,V012,D057,2026-03-04,Eastfield Park,Springfield Depot,384.1,9.1,42.4,71.07,delivery
T02702,V092,D044,2026-03-04,Airport Cargo,Downtown Drop,328.0,5.29,46.3,79.07,delivery
T02844,V013,D016,2026-03-04,Northgate DC,Downtown Drop,400.8,6.07,52.1,90.43,pickup
T03067,V052,D065,2026-03-04,Airport Cargo,Harbor Terminal,221.2,4.06,24.3,42.2,service_run
T03463,V087,D039,2026-03-04,Northgate DC,Westside Yard,467.4,12.22,66.8,101.52,transfer
T03551,V030,D022,2026-03-04,Riverside Hub,Downtown Drop,359.6,6.88,65.1,107.41,delivery
T03677,V038,D011,2026-03-04,Downtown Drop,Riverside Hub,251.5,4.81,28.2,45.13,delivery
T03822,V107,D015,2026-03-04,Airport Cargo,Downtown Drop,216.8,4.76,19.9,30.72,delivery
T03967,V010,D040,2026-03-04,Westside Yard,Airport Cargo,572.7,12.87,80.1,121.94,delivery
T04021,V013,D016,2026-03-04,Harbor Terminal,Riverside Hub,219.7,3.82,26.9,46.1,transfer
T04145,V013,D016,2026-03-04,Harbor Terminal,Springfield Depot,277.9,5.61,32.7,52.14,service_run
T04294,V107,D015,2026-03-04,Springfield Depot,Eastfield Park,276.4,4.66,31.4,50.26,delivery
T04401,V055,D059,2026-03-04,Springfield Depot,Riverside Hub,491.0,9.53,71.5,113.07,delivery
T05008,V063,D010,2026-03-04,Eastfield Park,Northgate DC,171.5,3.86,18.4,31.84,pickup
T00091,V038,D011,2026-03-05,Airport Cargo,Northgate DC,352.6,6.91,40.7,64.52,pickup
T00112,V116,D012,2026-03-05,Downtown Drop,Northgate DC,242.7,3.78,23.1,35.89,pickup
T00516,V053,D019,2026-03-05,Westside Yard,Downtown Drop,522.9,8.98,68.9,112.0,transfer
T00533,V068,D025,2026-03-05,Westside Yard,Downtown Drop,164.5,4.14,20.3,31.47,delivery
T00593,V037,D035,2026-03-05,Downtown Drop,Westside Yard,595.2,8.81,67.6,113.66,delivery
T01046,V002,D074,2026-03-05,Eastfield Park,Westside Yard,471.5,10.8,53.5,85.72,transfer
T01324,V087,D039,2026-03-05,Eastfield Park,Riverside Hub,331.7,5.2,42.8,64.72,transfer
T02025,V081,D042,2026-03-05,Harbor Terminal,Downtown Drop,186.4,3.66,17.9,28.33,service_run
T02455,V101,D017,2026-03-05,Downtown Drop,Harbor Terminal,578.4,10.25,55.2,85.32,delivery
T02588,V044,D020,2026-03-05,Downtown Drop,Harbor Terminal,197.0,3.28,19.1,32.66,delivery
T02642,V006,D006,2026-03-05,Downtown Drop,Harbor Terminal,249.9,4.6,33.0,52.63,delivery
T02664,V043,D073,2026-03-05,Downtown Drop,Riverside Hub,207.6,3.3,34.5,56.27,delivery
T03001,V047,D050,2026-03-05,Riverside Hub,Westside Yard,415.2,7.51,51.2,80.31,service_run
T03099,V105,D023,2026-03-05,Harbor Terminal,Springfield Depot,298.9,5.73,35.1,59.43,service_run
T03140,V043,D073,2026-03-05,Springfield Depot,Eastfield Park,243.0,5.66,35.4,54.29,transfer
T03299,V074,D009,2026-03-05,Northgate DC,Springfield Depot,334.7,7.61,38.2,56.56,delivery
T03613,V063,D010,2026-03-05,Westside Yard,Downtown Drop,33.8,0.66,4.4,6.98,delivery
T04090,V109,D051,2026-03-05,Springfield Depot,Westside Yard,209.0,4.32,27.2,43.55,transfer
T05176,V087,D039,2026-03-05,Riverside Hub,Westside Yard,262.9,6.06,37.4,55.41,service_run
T00698,V094,D078,2026-03-06,Westside Yard,Northgate DC,554.4,10.59,57.3,95.42,pickup
T01118,V104,D068,2026-03-06,Westside Yard,Riverside Hub,231.9,4.95,25.1,42.3,delivery
T01141,V098,D018,2026-03-06,Downtown Drop,Riverside Hub,317.3,7.01,48.7,85.02,service_run
T01406,V059,D002,2026-03-06,Northgate DC,Westside Yard,504.9,9.37,52.2,83.96,delivery
T01673,V081,D042,2026-03-06,Airport Cargo,Downtown Drop,120.9,2.17,19.4,29.45,pickup
T01815,V004,D003,2026-03-06,Springfield Depot,Eastfield Park,117.1,2.02,10.8,17.77,delivery
T01854,V041,D047,2026-03-06,Riverside Hub,Westside Yard,262.0,3.92,33.1,55.77,delivery
T02196,V039,D045,2026-03-06,Eastfield Park,Springfield Depot,217.1,5.35,25.9,37.64,service_run
T02649,V116,D012,2026-03-06,Harbor Terminal,Eastfield Park,518.7,9.0,63.8,104.46,delivery
T02887,V102,D038,2026-03-06,Airport Cargo,Downtown Drop,181.8,2.98,18.1,26.55,transfer
T03029,V037,D035,2026-03-06,Eastfield Park,Riverside Hub,616.5,8.96,71.9,122.34,delivery
T03134,V108,D063,2026-03-06,Northgate DC,Springfield Depot,427.7,9.22,39.1,57.62,delivery
T03325,V003,D058,2026-03-06,Downtown Drop,Eastfield Park,169.3,4.3,17.1,27.57,delivery
T03649,V030,D022,2026-03-06,Northgate DC,Airport Cargo,298.6,4.36,37.7,58.74,delivery
T04166,V026,D021,2026-03-06,Downtown Drop,Springfield Depot,595.3,8.83,85.6,130.36,transfer
T04648,V019,D041,2026-03-06,Eastfield Park,Springfield Depot,191.3,3.19,30.4,49.39,pickup
T01064,V052,D065,2026-03-07,Northgate DC,Springfield Depot,380.2,6.49,35.8,56.5,pickup
T01337,V095,D034,2026-03-07,Riverside Hub,Eastfield Park,614.2,9.38,92.2,141.03,pickup
T01394,V094,D078,2026-03-07,Riverside Hub,Airport Cargo,407.2,7.16,49.4,82.7,service_run
T01869,V082,D055,2026-03-07,Northgate DC,Riverside Hub,166.1,4.29,19.4,33.12,delivery
T02131,V047,D050,2026-03-07,Riverside Hub,Harbor Terminal,395.1,9.03,42.9,74.14,delivery
T02583,V045,D076,2026-03-07,Downtown Drop,Westside Yard,214.8,4.15,36.7,59.26,transfer
T03025,V030,D022,2026-03-07,Riverside Hub,Springfield Depot,450.5,11.25,64.5,106.59,pickup
T03117,V062,D056,2026-03-07,Northgate DC,Airport Cargo,518.0,8.75,80.7,133.49,service_run
T03125,V101,D017,2026-03-07,Downtown Drop,Riverside Hub,175.6,4.01,31.1,48.58,delivery
T03293,V061,D001,2026-03-07,Airport Cargo,Harbor Terminal,568.1,10.91,57.6,93.01,delivery
T03441,V029,D060,2026-03-07,Springfield Depot,Riverside Hub,189.3,2.81,20.1,29.31,pickup
T03477,V052,D065,2026-03-07,Downtown Drop,Riverside Hub,584.1,13.49,84.0,122.72,pickup
T03478,V024,D079,2026-03-07,Harbor Terminal,Downtown Drop,597.1,12.95,80.1,117.16,delivery
T03740,V043,D073,2026-03-07,Airport Cargo,Harbor Terminal,517.5,13.06,77.0,115.29,transfer
T04000,V018,D028,2026-03-07,Westside Yard,Northgate DC,290.3,4.72,30.0,44.09,transfer
T04039,V050,D007,2026-03-07,Riverside Hub,Northgate DC,346.2,5.58,32.8,47.58,delivery
T04089,V082,D055,2026-03-07,Riverside Hub,Eastfield Park,71.9,1.21,11.0,17.83,delivery
T04220,V008,D046,2026-03-07,Downtown Drop,Riverside Hub,374.9,9.7,45.9,69.16,transfer
T04362,V094,D078,2026-03-07,Airport Cargo,Eastfield Park,531.5,9.66,65.7,101.6,delivery
T05147,V114,D070,2026-03-07,Airport Cargo,Eastfield Park,117.8,2.05,16.4,24.79,pickup
T00087,V082,D055,2026-03-08,Westside Yard,Harbor Terminal,341.8,5.37,48.4,76.65,delivery
T00124,V092,D044,2026-03-08,Springfield Depot,Harbor Terminal,129.4,2.36,13.8,22.16,pickup
T00508,V081,D042,2026-03-08,Northgate DC,Eastfield Park,70.1,1.65,6.4,9.77,delivery
T01175,V082,D055,2026-03-08,Springfield Depot,Airport Cargo,548.6,8.6,72.9,108.85,pickup
T02289,V014,D031,2026-03-08,Downtown Drop,Springfield Depot,377.2,6.63,40.2,65.77,delivery
T03845,V029,D060,2026-03-08,Airport Cargo,Downtown Drop,252.3,4.7,27.9,42.52,transfer
T04127,V019,D041,2026-03-08,Riverside Hub,Westside Yard,15.6,0.23,1.5,2.46,transfer
T04288,V095,D034,2026-03-08,Airport Cargo,Springfield Depot,211.5,3.1,21.8,36.53,delivery
T04968,V055,D059,2026-03-08,Springfield Depot,Airport Cargo,368.4,8.48,36.7,55.33,delivery
T04976,V021,D037,2026-03-08,Airport Cargo,Northgate DC,140.7,3.38,18.7,29.32,service_run
T00367,V004,D003,2026-03-09,Westside Yard,Airport Cargo,113.5,1.72,19.5,29.07,delivery
T00703,V117,D027,2026-03-09,Harbor Terminal,Eastfield Park,198.6,4.75,29.6,44.91,transfer
T00733,V104,D068,2026-03-09,Airport Cargo,Eastfield Park,571.1,8.42,69.1,105.83,delivery
T00801,V010,D040,2026-03-09,Springfield Depot,Northgate DC,549.4,13.6,95.8,148.37,transfer
T00888,V039,D045,2026-03-09,Eastfield Park,Riverside Hub,478.4,10.57,68.2,102.46,transfer
T00890,V012,D057,2026-03-09,Westside Yard,Harbor Terminal,605.0,9.92,108.3,176.55,delivery
T00912,V059,D002,2026-03-09,Airport Cargo,Westside Yard,613.2,13.07,63.6,94.05,transfer
T01383,V029,D060,2026-03-09,Harbor Terminal,Northgate DC,508.5,7.8,46.2,80.59,transfer
T01616,V006,D006,2026-03-09,Westside Yard,Airport Cargo,341.8,5.76,43.8,74.4,delivery
T01786,V104,D068,2026-03-09,Eastfield Park,Springfield Depot,176.6,4.25,19.1,28.81,delivery
T02273,V039,D045,2026-03-09,Airport Cargo,Harbor Terminal,115.0,1.69,14.2,21.27,service_run
T02540,V014,D031,2026-03-09,Springfield Depot,Airport Cargo,162.5,4.2,18.2,30.18,pickup
T02612,V059,D002,2026-03-09,Airport Cargo,Westside Yard,132.4,2.78,22.2,35.09,transfer
T03302,V087,D039,2026-03-09,Riverside Hub,Westside Yard,282.0,4.57,35.1,51.76,delivery
T03379,V080,D054,2026-03-09,Eastfield Park,Harbor Terminal,116.0,1.87,13.0,22.44,delivery
T03800,V117,D027,2026-03-09,Harbor Terminal,Airport Cargo,318.6,4.7,49.8,78.88,delivery
T04043,V053,D019,2026-03-09,Northgate DC,Downtown Drop,616.9,12.34,65.5,110.64,service_run
T04416,V069,D066,2026-03-09,Northgate DC,Airport Cargo,547.3,8.71,57.2,84.82,delivery
T04817,V010,D040,2026-03-09,Springfield Depot,Harbor Terminal,349.8,5.26,32.2,51.67,pickup
T00285,V061,D001,2026-03-10,Northgate DC,Harbor Terminal,52.2,1.32,6.4,11.18,service_run
T00348,V037,D035,2026-03-10,Harbor Terminal,Downtown Drop,152.2,2.34,20.2,30.19,delivery
T00612,V030,D022,2026-03-10,Northgate DC,Eastfield Park,381.3,8.3,35.7,57.96,service_run
T00778,V081,D042,2026-03-10,Northgate DC,Westside Yard,413.9,10.68,59.0,102.98,delivery
T00883,V116,D012,2026-03-10,Airport Cargo,Riverside Hub,113.3,1.69,14.9,22.86,service_run
T00978,V105,D023,2026-03-10,Northgate DC,Airport Cargo,34.0,0.8,5.5,8.94,delivery
T01129,V082,D055,2026-03-10,Harbor Terminal,Airport Cargo,442.6,8.88,40.6,69.83,delivery
T01614,V087,D039,2026-03-10,Riverside Hub,Airport Cargo,199.0,2.91,31.8,54.54,transfer
T02305,V061,D001,2026-03-10,Eastfield Park,Northgate DC,56.6,1.48,6.8,11.5,delivery
T02787,V065,D080,2026-03-10,Westside Yard,Riverside Hub,179.9,3.17,17.4,29.89,delivery
T03544,V107,D015,2026-03-10,Northgate DC,Springfield Depot,391.5,5.8,52.8,76.58,transfer
T03901,V028,D064,2026-03-10,Northgate DC,Eastfield Park,563.3,11.12,53.0,83.28,transfer
T03978,V018,D028,2026-03-10,Airport Cargo,Northgate DC,478.3,9.4,82.7,120.61,delivery
T04072,V028,D064,2026-03-10,Springfield Depot,Westside Yard,561.3,9.41,57.5,85.01,delivery
T04286,V114,D070,2026-03-10,Westside Yard,Springfield Depot,257.2,4.43,38.2,59.26,delivery
T04408,V035,D069,2026-03-10,Riverside Hub,Eastfield Park,24.4,0.45,4.4,6.82,service_run
T04545,V035,D069,2026-03-10,Eastfield Park,Riverside Hub,474.6,7.25,71.5,104.24,delivery
T04733,V101,D017,2026-03-10,Downtown Drop,Springfield Depot,216.9,3.23,34.7,59.47,pickup
T05102,V008,D046,2026-03-10,Harbor Terminal,Riverside Hub,435.5,7.66,66.6,97.22,transfer
T00047,V041,D047,2026-03-11,Westside Yard,Eastfield Park,518.1,10.14,47.7,71.46,transfer
T00111,V055,D059,2026-03-11,Downtown Drop,Westside Yard,365.1,7.29,42.3,68.79,delivery
T00434,V060,D005,2026-03-11,Airport Cargo,Northgate DC,157.5,2.78,19.7,32.39,delivery
T00549,V038,D011,2026-03-11,Northgate DC,Airport Cargo,565.9,9.6,100.8,172.92,delivery
T00863,V107,D015,2026-03-11,Downtown Drop,Northgate DC,410.2,9.24,72.2,123.92,delivery
T01119,V104,D068,2026-03-11,Westside Yard,Eastfield Park,480.0,9.44,75.2,116.9,delivery
T01204,V041,D047,2026-03-11,Airport Cargo,Westside Yard,102.1,2.43,12.0,20.14,delivery
T01248,V030,D022,2026-03-11,Airport Cargo,Springfield Depot,291.4,4.32,27.4,45.85,service_run
T01602,V004,D003,2026-03-11,Riverside Hub,Downtown Drop,369.3,6.07,43.5,72.96,service_run
T01770,V081,D042,2026-03-11,Airport Cargo,Riverside Hub,148.5,2.43,17.3,30.08,delivery
T02951,V030,D022,2026-03-11,Westside Yard,Downtown Drop,417.2,8.82,66.6,102.99,service_run
T02967,V027,D049,2026-03-11,Airport Cargo,Westside Yard,491.7,8.72,55.7,80.87,delivery
T03168,V047,D050,2026-03-11,Harbor Terminal,Riverside Hub,583.7,11.33,67.1,97.93,pickup
T03181,V082,D055,2026-03-11,Northgate DC,Eastfield Park,295.3,4.32,52.3,78.79,service_run
T03526,V110,D072,2026-03-11,Harbor Terminal,Airport Cargo,323.3,6.17,30.2,45.95,transfer
T03653,V094,D078,2026-03-11,Westside Yard,Eastfield Park,218.4,3.77,22.1,37.63,service_run
T03993,V101,D017,2026-03-11,Riverside Hub,Downtown Drop,385.6,6.32,52.5,90.16,delivery
T04016,V107,D015,2026-03-11,Riverside Hub,Harbor Terminal,77.6,2.04,14.0,22.13,transfer
T04340,V102,D038,2026-03-11,Westside Yard,Northgate DC,193.1,4.85,29.6,51.42,delivery
T04419,V008,D046,2026-03-11,Harbor Terminal,Northgate DC,178.9,2.89,25.2,41.26,delivery
T04772,V069,D066,2026-03-11,Downtown Drop,Riverside Hub,514.5,7.97,69.7,112.21,pickup
T05127,V048,D036,2026-03-11,Westside Yard,Downtown Drop,103.1,1.92,14.3,23.97,delivery
T05180,V077,D029,2026-03-11,Springfield Depot,Downtown Drop,192.7,3.04,22.1,33.36,pickup
T00002,V092,D044,2026-03-12,Riverside Hub,Springfield Depot,414.7,8.2,58.1,93.83,pickup
T00119,V114,D070,2026-03-12,Eastfield Park,Harbor Terminal,116.5,2.05,12.6,19.14,pickup
T00460,V102,D038,2026-03-12,Northgate DC,Riverside Hub,221.5,5.04,21.0,35.16,transfer
T00975,V101,D017,2026-03-12,Westside Yard,Northgate DC,70.9,1.13,9.5,15.27,service_run
T01084,V080,D054,2026-03-12,Springfield Depot,Northgate DC,391.3,10.06,69.2,110.11,service_run
T01293,V055,D059,2026-03-12,Airport Cargo,Downtown Drop,376.6,6.54,41.0,69.13,service_run
T01367,V084,D013,2026-03-12,Airport Cargo,Downtown Drop,17.6,0.34,2.6,4.08,pickup
T01509,V024,D079,2026-03-12,Riverside Hub,Harbor Terminal,260.0,4.42,41.1,71.15,delivery
T01781,V010,D040,2026-03-12,Airport Cargo,Downtown Drop,408.7,6.13,46.9,81.24,delivery
T01861,V039,D045,2026-03-12,Airport Cargo,Harbor Terminal,45.3,0.69,6.1,9.65,service_run
T02633,V018,D028,2026-03-12,Harbor Terminal,Northgate DC,498.1,9.68,69.5,110.63,transfer
T02646,V008,D046,2026-03-12,Northgate DC,Harbor Terminal,45.2,1.1,4.7,7.58,delivery
T02824,V107,D015,2026-03-12,Northgate DC,Harbor Terminal,443.1,6.75,44.8,71.99,pickup
T02968,V006,D006,2026-03-12,Riverside Hub,Downtown Drop,289.8,5.36,29.6,50.32,delivery
T03315,V008,D046,2026-03-12,Airport Cargo,Eastfield Park,40.0,0.61,6.9,10.16,pickup
T03398,V084,D013,2026-03-12,Downtown Drop,Airport Cargo,459.9,7.96,55.1,93.44,service_run
T04033,V007,D004,2026-03-12,Downtown Drop,Airport Cargo,340.5,5.02,46.5,68.96,delivery
T04424,V014,D031,2026-03-12,Eastfield Park,Riverside Hub,148.1,2.49,19.8,30.05,service_run
T04955,V080,D054,2026-03-12,Riverside Hub,Westside Yard,554.8,9.34,91.4,156.99,delivery
T00222,V006,D006,2026-03-13,Airport Cargo,Riverside Hub,381.4,6.36,43.0,66.98,service_run
T01239,V059,D002,2026-03-13,Northgate DC,Downtown Drop,351.5,7.91,42.3,69.05,delivery
T01696,V077,D029,2026-03-13,Westside Yard,Eastfield Park,569.3,12.01,93.7,149.53,delivery
T01768,V065,D080,2026-03-13,Springfield Depot,Harbor Terminal,422.5,6.87,69.7,120.91,transfer
T01773,V080,D054,2026-03-13,Downtown Drop,Westside Yard,238.7,4.26,29.6,45.3,delivery
T03472,V029,D060,2026-03-13,Northgate DC,Springfield Depot,247.1,5.46,30.1,45.52,pickup
T03685,V098,D018,2026-03-13,Northgate DC,Eastfield Park,230.6,3.32,25.1,43.82,pickup
T03739,V028,D064,2026-03-13,Northgate DC,Springfield Depot,123.4,2.52,13.1,22.66,delivery
T03959,V037,D035,2026-03-13,Northgate DC,Airport Cargo,474.6,9.81,58.6,98.17,pickup
T04098,V059,D002,2026-03-13,Airport Cargo,Northgate DC,290.2,7.07,29.7,50.91,service_run
T04763,V114,D070,2026-03-13,Downtown Drop,Harbor Terminal,435.6,8.48,69.1,117.72,service_run
T00409,V105,D023,2026-03-14,Downtown Drop,Harbor Terminal,582.0,9.5,69.0,101.29,delivery
T00453,V107,D015,2026-03-14,Downtown Drop,Eastfield Park,355.6,7.14,45.4,68.37,service_run
T00616,V030,D022,2026-03-14,Downtown Drop,Westside Yard,468.0,9.78,44.1,77.0,pickup
T00785,V028,D064,2026-03-14,Riverside Hub,Northgate DC,180.6,2.98,27.4,45.09,pickup
T00885,V077,D029,2026-03-14,Springfield Depot,Eastfield Park,413.8,8.65,42.2,69.56,delivery
T00897,V063,D010,2026-03-14,Airport Cargo,Northgate DC,133.0,2.91,15.4,25.88,delivery
T01053,V094,D078,2026-03-14,Harbor Terminal,Northgate DC,153.4,3.6,22.1,34.26,delivery
T02364,V045,D076,2026-03-14,Riverside Hub,Eastfield Park,386.3,6.31,45.5,79.24,transfer
T02590,V038,D011,2026-03-14,Springfield Depot,Eastfield Park,257.5,4.89,40.2,61.67,transfer
T03270,V003,D058,2026-03-14,Westside Yard,Downtown Drop,296.2,4.36,37.4,61.83,pickup
T03287,V102,D038,2026-03-14,Riverside Hub,Airport Cargo,356.4,6.0,40.5,58.79,delivery
T03863,V069,D066,2026-03-14,Harbor Terminal,Downtown Drop,38.0,0.93,6.9,11.19,delivery
T04232,V060,D005,2026-03-14,Riverside Hub,Eastfield Park,382.3,7.45,58.2,90.44,pickup
T04297,V102,D038,2026-03-14,Westside Yard,Riverside Hub,404.8,7.22,42.4,65.65,service_run
T05111,V053,D019,2026-03-14,Eastfield Park,Springfield Depot,76.2,1.9,12.0,20.43,transfer
T00149,V021,D037,2026-03-15,Downtown Drop,Riverside Hub,501.5,11.75,58.6,101.83,delivery
T00212,V082,D055,2026-03-15,Westside Yard,Downtown Drop,416.1,10.04,39.6,60.89,service_run
T00294,V068,D025,2026-03-15,Downtown Drop,Airport Cargo,176.6,2.81,29.2,48.9,service_run
T00329,V074,D009,2026-03-15,Springfield Depot,Northgate DC,137.3,3.24,22.1,37.69,pickup
T00370,V061,D001,2026-03-15,Riverside Hub,Harbor Terminal,429.7,7.6,46.3,78.57,delivery
T00756,V095,D034,2026-03-15,Northgate DC,Springfield Depot,167.5,3.58,25.9,38.19,service_run
T00802,V081,D042,2026-03-15,Eastfield Park,Springfield Depot,437.7,10.41,41.3,70.56,transfer
T01250,V053,D019,2026-03-15,Riverside Hub,Westside Yard,28.6,0.48,3.3,5.0,pickup
T01304,V019,D041,2026-03-15,Airport Cargo,Downtown Drop,504.8,9.9,81.6,124.24,transfer
T01403,V082,D055,2026-03-15,Northgate DC,Springfield Depot,112.1,1.78,16.7,27.45,pickup
T02006,V029,D060,2026-03-15,Westside Yard,Harbor Terminal,588.6,10.65,58.6,86.94,delivery
T02186,V081,D042,2026-03-15,Westside Yard,Eastfield Park,416.3,7.58,45.1,77.08,delivery
T02231,V052,D065,2026-03-15,Westside Yard,Riverside Hub,449.6,7.85,50.5,75.0,pickup
T02284,V110,D072,2026-03-15,Downtown Drop,Airport Cargo,26.2,0.42,2.9,4.52,delivery
T02315,V050,D007,2026-03-15,Springfield Depot,Downtown Drop,104.0,2.29,10.1,14.92,transfer
T02574,V052,D065,2026-03-15,Eastfield Park,Harbor Terminal,374.6,5.79,41.6,66.45,service_run
T03047,V070,D026,2026-03-15,Harbor Terminal,Airport Cargo,462.8,6.63,43.0,64.6,delivery
T03686,V003,D058,2026-03-15,Eastfield Park,Westside Yard,281.4,4.95,39.6,62.04,delivery
T03827,V043,D073,2026-03-15,Riverside Hub,Springfield Depot,542.1,13.1,51.0,79.14,transfer
T03938,V069,D066,2026-03-15,Eastfield Park,Westside Yard,612.6,8.89,58.8,97.94,delivery
T04073,V024,D079,2026-03-15,Eastfield Park,Springfield Depot,334.5,5.8,54.9,88.42,delivery
T04256,V038,D011,2026-03-15,Downtown Drop,Harbor Terminal,470.9,7.27,70.4,107.19,delivery
T04493,V107,D015,2026-03-15,Riverside Hub,Northgate DC,41.4,0.59,4.5,6.88,delivery
T04547,V081,D042,2026-03-15,Downtown Drop,Riverside Hub,205.9,3.53,22.3,36.81,transfer
T05169,V018,D028,2026-03-15,Northgate DC,Riverside Hub,425.6,10.9,63.9,108.5,delivery
T00368,V010,D040,2026-03-16,Westside Yard,Springfield Depot,233.5,4.94,25.9,41.67,delivery
T00389,V055,D059,2026-03-16,Downtown Drop,Northgate DC,472.6,8.88,47.7,77.8,pickup
T00519,V102,D038,2026-03-16,Westside Yard,Riverside Hub,163.8,3.11,15.0,24.45,delivery
T00585,V003,D058,2026-03-16,Airport Cargo,Westside Yard,107.9,2.76,14.4,23.8,delivery
T01109,V069,D066,2026-03-16,Harbor Terminal,Springfield Depot,589.4,10.15,102.9,162.35,delivery
T02246,V048,D036,2026-03-16,Downtown Drop,Airport Cargo,269.8,6.39,27.4,43.08,delivery
T02819,V014,D031,2026-03-16,Harbor Terminal,Riverside Hub,129.7,2.41,14.7,22.68,transfer
T02911,V117,D027,2026-03-16,Northgate DC,Harbor Terminal,286.3,5.18,39.9,60.76,service_run
T02984,V116,D012,2026-03-16,Eastfield Park,Springfield Depot,322.8,4.84,38.7,58.98,delivery
T02994,V032,D062,2026-03-16,Northgate DC,Riverside Hub,321.5,5.07,34.0,57.58,delivery
T03850,V044,D020,2026-03-16,Westside Yard,Springfield Depot,456.5,7.28,54.1,91.71,delivery
T04357,V028,D064,2026-03-16,Harbor Terminal,Downtown Drop,584.7,10.87,63.2,105.15,service_run
T04479,V008,D046,2026-03-16,Airport Cargo,Northgate DC,557.9,10.87,66.1,111.63,transfer
T00021,V041,D047,2026-03-17,Downtown Drop,Westside Yard,237.9,3.52,29.5,48.8,delivery
T00071,V048,D036,2026-03-17,Harbor Terminal,Airport Cargo,255.7,4.01,34.6,51.6,transfer
T00287,V055,D059,2026-03-17,Riverside Hub,Harbor Terminal,534.0,12.25,95.7,155.75,delivery
T00639,V027,D049,2026-03-17,Eastfield Park,Westside Yard,618.1,9.58,65.9,105.34,service_run
T01363,V113,D053,2026-03-17,Airport Cargo,Eastfield Park,336.2,5.37,32.3,53.92,delivery
T02343,V116,D012,2026-03-17,Springfield Depot,Northgate DC,445.1,8.94,63.2,101.29,delivery
T02418,V043,D073,2026-03-17,Springfield Depot,Downtown Drop,337.8,6.03,55.8,94.25,delivery
T02516,V024,D079,2026-03-17,Harbor Terminal,Airport Cargo,326.6,6.77,48.8,78.16,delivery
T02690,V069,D066,2026-03-17,Eastfield Park,Riverside Hub,97.5,1.44,11.8,20.6,service_run
T02974,V002,D074,2026-03-17,Downtown Drop,Airport Cargo,494.4,12.0,49.8,82.08,transfer
T03079,V077,D029,2026-03-17,Riverside Hub,Downtown Drop,498.6,11.56,50.4,81.41,delivery
T03637,V018,D028,2026-03-17,Airport Cargo,Eastfield Park,529.9,8.49,72.5,126.8,delivery
T03861,V038,D011,2026-03-17,Downtown Drop,Northgate DC,355.4,5.38,36.7,55.52,transfer
T04455,V008,D046,2026-03-17,Westside Yard,Airport Cargo,459.7,8.13,60.8,104.83,delivery
T04701,V021,D037,2026-03-17,Westside Yard,Riverside Hub,272.5,4.23,36.7,57.86,transfer
T00196,V004,D003,2026-03-18,Northgate DC,Springfield Depot,571.1,14.57,68.7,106.95,delivery
T01007,V039,D045,2026-03-18,Downtown Drop,Riverside Hub,318.4,5.33,55.4,84.86,pickup
T01581,V030,D022,2026-03-18,Westside Yard,Harbor Terminal,130.4,2.62,12.3,18.97,delivery
T01750,V114,D070,2026-03-18,Springfield Depot,Westside Yard,215.7,5.25,20.8,33.37,delivery
T02021,V114,D070,2026-03-18,Riverside Hub,Springfield Depot,429.0,7.02,62.4,95.05,pickup
T02042,V028,D064,2026-03-18,Eastfield Park,Airport Cargo,610.1,9.35,56.7,89.73,delivery
T02581,V019,D041,2026-03-18,Westside Yard,Airport Cargo,199.6,3.34,18.6,32.04,delivery
T03618,V003,D058,2026-03-18,Harbor Terminal,Airport Cargo,28.1,0.45,2.9,4.26,delivery
T03657,V006,D006,2026-03-18,Downtown Drop,Northgate DC,607.0,10.25,86.3,127.71,delivery
T03945,V007,D004,2026-03-18,Westside Yard,Harbor Terminal,78.3,1.56,12.9,18.97,delivery
T04026,V007,D004,2026-03-18,Springfield Depot,Harbor Terminal,475.3,6.84,44.3,70.33,delivery
T04487,V108,D063,2026-03-18,Airport Cargo,Downtown Drop,599.1,14.42,87.0,151.62,delivery
T04748,V107,D015,2026-03-18,Riverside Hub,Downtown Drop,562.4,9.76,70.2,114.66,delivery
T00526,V026,D021,2026-03-19,Airport Cargo,Westside Yard,359.3,5.83,43.7,72.18,transfer
T00754,V026,D021,2026-03-19,Eastfield Park,Riverside Hub,290.0,4.96,34.1,52.72,delivery
T01160,V081,D042,2026-03-19,Eastfield Park,Northgate DC,524.8,9.17,80.2,131.36,pickup
T01340,V116,D012,2026-03-19,Airport Cargo,Riverside Hub,502.7,7.85,51.4,81.22,delivery
T01361,V110,D072,2026-03-19,Downtown Drop,Springfield Depot,563.9,9.0,59.6,97.71,service_run
T01892,V092,D044,2026-03-19,Northgate DC,Harbor Terminal,363.1,6.02,43.2,64.08,transfer
T02122,V080,D054,2026-03-19,Downtown Drop,Riverside Hub,111.8,1.96,10.7,18.3,service_run
T02161,V084,D013,2026-03-19,Springfield Depot,Downtown Drop,156.8,2.47,16.0,25.99,delivery
T02244,V077,D029,2026-03-19,Springfield Depot,Downtown Drop,194.2,3.53,20.5,35.21,delivery
T02988,V007,D004,2026-03-19,Riverside Hub,Northgate DC,387.7,8.22,60.2,88.85,delivery
T03520,V018,D028,2026-03-19,Downtown Drop,Harbor Terminal,421.0,9.99,52.3,90.88,delivery
T03612,V077,D029,2026-03-19,Airport Cargo,Harbor Terminal,515.5,11.76,58.5,86.25,transfer
T03696,V010,D040,2026-03-19,Eastfield Park,Northgate DC,458.6,6.89,77.3,118.66,pickup
T03994,V062,D056,2026-03-19,Downtown Drop,Westside Yard,58.9,1.1,10.5,16.94,delivery
T04179,V060,D005,2026-03-19,Eastfield Park,Westside Yard,617.6,14.53,67.6,106.13,transfer
T04216,V007,D004,2026-03-19,Riverside Hub,Northgate DC,119.4,1.85,11.2,18.83,pickup
T04287,V047,D050,2026-03-19,Westside Yard,Riverside Hub,571.2,14.26,73.0,122.35,delivery
T04339,V052,D065,2026-03-19,Eastfield Park,Westside Yard,209.7,3.48,28.7,46.25,delivery
T04385,V038,D011,2026-03-19,Springfield Depot,Eastfield Park,392.2,6.5,65.0,107.37,service_run
T04572,V012,D057,2026-03-19,Airport Cargo,Westside Yard,420.4,10.16,65.5,112.78,pickup
T05003,V101,D017,2026-03-19,Riverside Hub,Springfield Depot,355.9,5.69,33.1,52.32,delivery
T05161,V024,D079,2026-03-19,Downtown Drop,Airport Cargo,325.7,4.76,41.7,65.96,delivery
T05196,V113,D053,2026-03-19,Northgate DC,Airport Cargo,543.8,8.45,74.5,124.6,delivery
T00104,V018,D028,2026-03-20,Airport Cargo,Northgate DC,534.5,8.69,85.2,139.56,service_run
T00707,V045,D076,2026-03-20,Riverside Hub,Westside Yard,121.9,1.97,11.2,17.52,service_run
T01252,V013,D016,2026-03-20,Airport Cargo,Downtown Drop,444.5,9.55,47.0,77.61,delivery
T02082,V080,D054,2026-03-20,Northgate DC,Springfield Depot,270.8,5.48,33.7,53.33,delivery
T02114,V007,D004,2026-03-20,Springfield Depot,Harbor Terminal,171.7,3.8,19.9,34.22,delivery
T02551,V069,D066,2026-03-20,Riverside Hub,Airport Cargo,141.1,2.06,22.4,33.84,delivery
T02608,V044,D020,2026-03-20,Springfield Depot,Northgate DC,487.9,9.02,48.5,82.7,delivery
T02710,V061,D001,2026-03-20,Downtown Drop,Riverside Hub,539.2,9.05,67.1,115.21,pickup
T02775,V053,D019,2026-03-20,Eastfield Park,Northgate DC,362.6,8.49,36.0,54.7,service_run
T02971,V018,D028,2026-03-20,Riverside Hub,Springfield Depot,71.4,1.05,7.4,12.95,transfer
T03222,V063,D010,2026-03-20,Westside Yard,Eastfield Park,615.1,12.03,60.5,95.42,delivery
T03298,V082,D055,2026-03-20,Northgate DC,Eastfield Park,252.9,3.73,28.6,44.03,delivery
T03344,V014,D031,2026-03-20,Eastfield Park,Harbor Terminal,536.6,11.89,54.0,89.55,delivery
T03585,V050,D007,2026-03-20,Northgate DC,Riverside Hub,462.6,6.92,65.8,106.91,delivery
T03799,V116,D012,2026-03-20,Westside Yard,Springfield Depot,486.5,9.3,83.4,140.83,delivery
T04581,V032,D062,2026-03-20,Eastfield Park,Airport Cargo,619.4,10.19,111.3,181.07,service_run
T04606,V043,D073,2026-03-20,Harbor Terminal,Downtown Drop,481.8,6.94,47.8,77.74,service_run
T04804,V050,D007,2026-03-20,Springfield Depot,Downtown Drop,301.9,5.97,52.9,83.53,service_run
T05013,V010,D040,2026-03-20,Downtown Drop,Westside Yard,150.1,3.72,17.2,29.89,delivery
T05056,V038,D011,2026-03-20,Harbor Terminal,Downtown Drop,51.7,0.78,5.8,9.74,delivery
T00428,V065,D080,2026-03-21,Northgate DC,Airport Cargo,135.2,2.05,17.4,30.16,transfer
T00643,V059,D002,2026-03-21,Downtown Drop,Springfield Depot,436.3,10.34,66.4,111.27,transfer
T00914,V043,D073,2026-03-21,Eastfield Park,Harbor Terminal,584.8,13.91,67.7,107.38,delivery
T01090,V087,D039,2026-03-21,Airport Cargo,Northgate DC,551.6,12.56,90.7,149.46,delivery
T01173,V082,D055,2026-03-21,Airport Cargo,Westside Yard,429.8,8.0,56.4,86.01,service_run
T01207,V050,D007,2026-03-21,Riverside Hub,Airport Cargo,471.3,9.62,80.5,134.42,transfer
T01723,V101,D017,2026-03-21,Riverside Hub,Downtown Drop,41.5,0.8,4.1,6.18,delivery
T01739,V002,D074,2026-03-21,Eastfield Park,Northgate DC,557.3,8.97,75.9,132.73,transfer
T02237,V081,D042,2026-03-21,Airport Cargo,Downtown Drop,433.7,9.74,46.1,70.12,service_run
T02436,V082,D055,2026-03-21,Airport Cargo,Springfield Depot,321.5,8.25,29.5,43.71,service_run
T03073,V065,D080,2026-03-21,Downtown Drop,Harbor Terminal,23.3,0.41,2.2,3.41,transfer
T03583,V061,D001,2026-03-21,Downtown Drop,Riverside Hub,413.5,6.56,46.7,74.1,transfer
T03864,V028,D064,2026-03-21,Westside Yard,Airport Cargo,101.8,1.53,11.8,17.89,service_run
T03880,V101,D017,2026-03-21,Riverside Hub,Westside Yard,449.0,6.97,61.9,95.43,transfer
T04355,V094,D078,2026-03-21,Northgate DC,Eastfield Park,236.1,3.94,22.0,32.45,service_run
T04715,V007,D004,2026-03-21,Springfield Depot,Riverside Hub,94.0,1.91,13.5,23.01,pickup
T04769,V077,D029,2026-03-21,Springfield Depot,Riverside Hub,274.8,4.41,47.0,75.79,service_run
T05118,V062,D056,2026-03-21,Springfield Depot,Westside Yard,252.8,4.72,39.3,64.8,service_run
T05190,V047,D050,2026-03-21,Airport Cargo,Eastfield Park,43.8,0.81,6.6,10.35,service_run
T00023,V019,D041,2026-03-22,Airport Cargo,Downtown Drop,31.6,0.7,5.5,8.35,delivery
T00160,V048,D036,2026-03-22,Northgate DC,Springfield Depot,283.1,7.24,45.7,71.16,delivery
T00260,V030,D022,2026-03-22,Harbor Terminal,Eastfield Park,362.3,5.44,56.2,90.6,delivery
T00451,V087,D039,2026-03-22,Northgate DC,Springfield Depot,406.5,8.55,37.8,63.89,service_run
T00830,V070,D026,2026-03-22,Northgate DC,Springfield Depot,490.1,8.06,59.3,88.52,service_run
T01163,V059,D002,2026-03-22,Riverside Hub,Airport Cargo,532.6,8.28,76.8,131.73,delivery
T01302,V055,D059,2026-03-22,Harbor Terminal,Eastfield Park,275.0,5.58,40.6,61.75,delivery
T01351,V014,D031,2026-03-22,Harbor Terminal,Riverside Hub,98.9,1.69,12.3,20.42,delivery
T01544,V021,D037,2026-03-22,Downtown Drop,Airport Cargo,198.5,3.5,19.5,34.1,pickup
T01913,V074,D009,2026-03-22,Airport Cargo,Downtown Drop,260.4,4.53,44.0,70.45,delivery
T02479,V014,D031,2026-03-22,Harbor Terminal,Downtown Drop,215.6,4.7,30.4,44.2,service_run
T02545,V024,D079,2026-03-22,Riverside Hub,Downtown Drop,360.1,7.82,44.5,67.76,service_run
T02685,V038,D011,2026-03-22,Downtown Drop,Harbor Terminal,165.7,2.43,19.3,31.2,delivery
T02935,V018,D028,2026-03-22,Riverside Hub,Downtown Drop,478.0,12.07,61.3,92.87,delivery
T03491,V008,D046,2026-03-22,Eastfield Park,Northgate DC,163.7,3.56,18.5,27.31,pickup
T03754,V117,D027,2026-03-22,Westside Yard,Northgate DC,582.7,9.41,59.8,99.89,delivery
T03826,V007,D004,2026-03-22,Riverside Hub,Westside Yard,181.9,2.71,24.3,39.99,delivery
T04293,V055,D059,2026-03-22,Airport Cargo,Riverside Hub,310.5,6.67,30.7,46.57,service_run
T04645,V114,D070,2026-03-22,Downtown Drop,Northgate DC,614.9,11.92,64.5,110.55,service_run
T04707,V028,D064,2026-03-22,Westside Yard,Airport Cargo,346.8,7.89,48.2,81.69,transfer
T04835,V048,D036,2026-03-22,Harbor Terminal,Springfield Depot,309.8,5.12,43.5,69.13,delivery
T00131,V116,D012,2026-03-23,Northgate DC,Westside Yard,445.5,8.28,50.7,73.68,service_run
T00132,V116,D012,2026-03-23,Airport Cargo,Harbor Terminal,132.8,3.06,13.5,19.72,delivery
T00286,V006,D006,2026-03-23,Riverside Hub,Downtown Drop,308.3,4.89,49.7,75.82,transfer
T00720,V061,D001,2026-03-23,Eastfield Park,Westside Yard,225.8,4.53,37.2,56.9,service_run
T01206,V113,D053,2026-03-23,Westside Yard,Eastfield Park,147.0,3.22,21.4,31.07,service_run
T01777,V069,D066,2026-03-23,Springfield Depot,Harbor Terminal,238.8,4.91,28.3,48.16,transfer
T01810,V114,D070,2026-03-23,Eastfield Park,Westside Yard,416.7,8.39,61.6,90.49,service_run
T01839,V040,D067,2026-03-23,Westside Yard,Northgate DC,396.3,7.46,40.4,65.68,delivery
T02066,V039,D045,2026-03-23,Westside Yard,Downtown Drop,346.0,7.02,37.6,64.3,transfer
T02256,V059,D002,2026-03-23,Riverside Hub,Springfield Depot,575.1,10.3,85.3,139.82,delivery
T02510,V050,D007,2026-03-23,Northgate DC,Springfield Depot,553.8,9.89,53.7,83.83,pickup
T03094,V063,D010,2026-03-23,Eastfield Park,Downtown Drop,390.4,9.01,53.6,86.52,delivery
T03332,V084,D013,2026-03-23,Downtown Drop,Springfield Depot,314.7,5.94,37.5,57.68,service_run
T04109,V004,D003,2026-03-23,Airport Cargo,Northgate DC,294.6,4.97,28.2,47.59,delivery
T04251,V110,D072,2026-03-23,Eastfield Park,Harbor Terminal,325.8,5.95,44.7,71.98,transfer
T04601,V021,D037,2026-03-23,Westside Yard,Downtown Drop,582.0,11.6,73.3,121.63,transfer
T04876,V110,D072,2026-03-23,Westside Yard,Airport Cargo,537.8,11.14,49.8,74.4,transfer
T05144,V114,D070,2026-03-23,Airport Cargo,Eastfield Park,445.3,11.07,46.5,71.35,service_run
T05175,V053,D019,2026-03-23,Downtown Drop,Westside Yard,496.4,10.85,50.1,75.46,delivery
T00816,V059,D002,2026-03-24,Eastfield Park,Westside Yard,459.0,9.61,76.3,131.39,delivery
T00827,V070,D026,2026-03-24,Northgate DC,Airport Cargo,81.7,1.37,14.7,23.62,delivery
T00977,V070,D026,2026-03-24,Harbor Terminal,Springfield Depot,140.5,2.58,15.0,22.7,delivery
T01288,V116,D012,2026-03-24,Springfield Depot,Airport Cargo,315.8,7.87,53.4,78.79,delivery
T01401,V026,D021,2026-03-24,Downtown Drop,Eastfield Park,100.1,2.6,14.2,23.94,transfer
T01434,V108,D063,2026-03-24,Riverside Hub,Eastfield Park,312.1,7.15,29.7,49.87,transfer
T01547,V080,D054,2026-03-24,Airport Cargo,Downtown Drop,141.5,2.21,13.1,21.78,delivery
T02452,V052,D065,2026-03-24,Eastfield Park,Northgate DC,299.1,4.87,38.6,63.25,transfer
T03511,V081,D042,2026-03-24,Harbor Terminal,Westside Yard,404.4,8.5,71.5,111.95,service_run
T03744,V019,D041,2026-03-24,Riverside Hub,Airport Cargo,500.2,7.35,83.9,126.36,delivery
T03831,V082,D055,2026-03-24,Eastfield Park,Riverside Hub,122.7,2.66,14.0,23.36,delivery
T04605,V053,D019,2026-03-24,Westside Yard,Airport Cargo,216.0,5.03,33.9,50.87,delivery
T04732,V007,D004,2026-03-24,Airport Cargo,Eastfield Park,80.3,1.16,8.9,15.41,transfer
T04758,V069,D066,2026-03-24,Eastfield Park,Airport Cargo,77.4,1.78,12.7,21.86,service_run
T05150,V105,D023,2026-03-24,Harbor Terminal,Northgate DC,370.8,6.14,46.9,74.52,delivery
T00307,V104,D068,2026-03-25,Springfield Depot,Airport Cargo,406.9,6.88,62.9,96.84,pickup
T00385,V092,D044,2026-03-25,Riverside Hub,Downtown Drop,610.9,9.59,77.8,134.73,delivery
T00676,V027,D049,2026-03-25,Airport Cargo,Springfield Depot,196.0,3.18,27.5,44.57,delivery
T01157,V026,D021,2026-03-25,Westside Yard,Riverside Hub,17.9,0.26,2.6,4.41,delivery
T01364,V104,D068,2026-03-25,Springfield Depot,Northgate DC,341.0,7.01,35.3,55.5,service_run
T01473,V013,D016,2026-03-25,Springfield Depot,Westside Yard,187.9,2.69,28.9,50.5,transfer
T01608,V114,D070,2026-03-25,Eastfield Park,Downtown Drop,367.6,9.56,35.0,58.22,delivery
T01831,V063,D010,2026-03-25,Westside Yard,Harbor Terminal,569.3,11.25,63.9,110.34,pickup
T02428,V019,D041,2026-03-25,Eastfield Park,Downtown Drop,70.7,1.21,11.4,17.61,pickup
T03042,V059,D002,2026-03-25,Springfield Depot,Eastfield Park,492.2,10.14,67.2,110.66,pickup
T03330,V004,D003,2026-03-25,Eastfield Park,Airport Cargo,390.3,8.92,48.8,83.17,service_run
T03452,V047,D050,2026-03-25,Westside Yard,Downtown Drop,228.7,4.61,25.6,40.46,delivery
T03534,V041,D047,2026-03-25,Airport Cargo,Harbor Terminal,466.3,6.74,75.5,127.61,delivery
T04024,V047,D050,2026-03-25,Riverside Hub,Northgate DC,441.4,7.63,77.9,127.03,service_run
T04112,V107,D015,2026-03-25,Eastfield Park,Harbor Terminal,264.0,4.45,24.2,35.59,transfer
T04244,V117,D027,2026-03-25,Eastfield Park,Downtown Drop,35.1,0.61,4.8,7.8,service_run
T04390,V044,D020,2026-03-25,Airport Cargo,Westside Yard,515.4,9.65,60.2,103.19,service_run
T04407,V021,D037,2026-03-25,Riverside Hub,Downtown Drop,357.2,5.62,45.9,74.15,delivery
T04814,V098,D018,2026-03-25,Downtown Drop,Riverside Hub,492.9,8.97,82.3,127.77,delivery
T05128,V024,D079,2026-03-25,Downtown Drop,Riverside Hub,234.6,3.84,24.2,36.74,delivery
T00346,V004,D003,2026-03-26,Airport Cargo,Downtown Drop,129.4,1.89,23.0,37.8,pickup
T00579,V055,D059,2026-03-26,Airport Cargo,Eastfield Park,418.3,8.18,71.3,119.68,delivery
T00704,V047,D050,2026-03-26,Harbor Terminal,Riverside Hub,38.6,0.83,6.1,10.29,service_run
T01062,V117,D027,2026-03-26,Riverside Hub,Downtown Drop,432.2,6.84,68.9,114.61,delivery
T01110,V109,D051,2026-03-26,Westside Yard,Riverside Hub,150.9,2.29,24.9,41.07,service_run
T01295,V027,D049,2026-03-26,Westside Yard,Riverside Hub,401.4,6.05,60.5,102.42,delivery
T01451,V012,D057,2026-03-26,Airport Cargo,Downtown Drop,159.5,2.48,15.1,22.78,transfer
T01859,V028,D064,2026-03-26,Eastfield Park,Downtown Drop,46.5,0.7,6.2,9.76,delivery
T02375,V108,D063,2026-03-26,Westside Yard,Springfield Depot,366.1,8.79,55.6,92.24,transfer
T02507,V116,D012,2026-03-26,Downtown Drop,Eastfield Park,319.5,6.93,45.8,79.66,transfer
T02888,V069,D066,2026-03-26,Airport Cargo,Riverside Hub,459.6,11.96,43.3,75.35,transfer
T03096,V010,D040,2026-03-26,Westside Yard,Harbor Terminal,171.5,3.03,18.3,27.29,delivery
T03246,V108,D063,2026-03-26,Eastfield Park,Airport Cargo,353.5,9.27,35.0,55.67,transfer
T04001,V037,D035,2026-03-26,Northgate DC,Springfield Depot,471.0,7.33,54.2,81.52,service_run
T04284,V063,D010,2026-03-26,Northgate DC,Eastfield Park,413.6,6.16,38.7,62.25,delivery
T04519,V060,D005,2026-03-26,Northgate DC,Harbor Terminal,610.5,10.86,68.8,101.12,service_run
T04831,V113,D053,2026-03-26,Springfield Depot,Airport Cargo,70.4,1.6,11.4,19.04,transfer
T04901,V012,D057,2026-03-26,Downtown Drop,Westside Yard,129.4,2.69,13.1,21.85,service_run
T05031,V008,D046,2026-03-26,Downtown Drop,Springfield Depot,441.8,10.93,47.4,69.61,service_run
T05061,V013,D016,2026-03-26,Airport Cargo,Springfield Depot,27.1,0.48,3.0,5.11,pickup
T05067,V040,D067,2026-03-26,Eastfield Park,Riverside Hub,473.9,10.29,70.5,107.92,delivery
T00032,V039,D045,2026-03-27,Harbor Terminal,Westside Yard,74.0,1.16,11.9,19.98,delivery
T00080,V040,D067,2026-03-27,Riverside Hub,Eastfield Park,286.5,4.16,26.3,43.93,delivery
T00345,V004,D003,2026-03-27,Northgate DC,Airport Cargo,267.0,5.44,28.9,45.75,service_run
T00393,V041,D047,2026-03-27,Harbor Terminal,Eastfield Park,415.6,8.48,50.7,86.59,transfer
T00499,V061,D001,2026-03-27,Northgate DC,Downtown Drop,309.0,5.43,31.4,45.99,delivery
T00629,V082,D055,2026-03-27,Springfield Depot,Riverside Hub,382.3,7.09,40.6,59.93,service_run
T00790,V092,D044,2026-03-27,Westside Yard,Airport Cargo,380.3,9.76,36.8,55.35,delivery
T01033,V101,D017,2026-03-27,Northgate DC,Riverside Hub,108.4,1.89,10.9,18.61,delivery
T01056,V050,D007,2026-03-27,Downtown Drop,Eastfield Park,518.7,10.33,92.1,148.96,service_run
T01315,V032,D062,2026-03-27,Northgate DC,Riverside Hub,100.7,1.97,12.8,19.2,delivery
T01687,V041,D047,2026-03-27,Downtown Drop,Riverside Hub,350.1,6.94,46.2,73.35,delivery
T01706,V065,D080,2026-03-27,Eastfield Park,Airport Cargo,152.3,2.67,16.8,27.25,pickup
T02163,V021,D037,2026-03-27,Harbor Terminal,Northgate DC,149.4,3.34,18.0,26.38,service_run
T02705,V002,D074,2026-03-27,Westside Yard,Riverside Hub,403.8,6.03,48.8,83.99,pickup
T03137,V068,D025,2026-03-27,Eastfield Park,Downtown Drop,183.7,3.87,22.1,32.5,delivery
T03141,V059,D002,2026-03-27,Westside Yard,Airport Cargo,304.5,7.28,44.6,76.54,delivery
T03155,V098,D018,2026-03-27,Eastfield Park,Harbor Terminal,91.7,1.82,11.6,18.31,transfer
T03231,V068,D025,2026-03-27,Eastfield Park,Downtown Drop,98.6,1.64,16.5,28.72,pickup
T03308,V039,D045,2026-03-27,Riverside Hub,Harbor Terminal,505.4,12.34,49.5,77.34,delivery
T03602,V004,D003,2026-03-27,Springfield Depot,Westside Yard,525.3,11.09,95.3,143.88,delivery
T03828,V052,D065,2026-03-27,Harbor Terminal,Riverside Hub,614.9,9.84,83.9,123.7,transfer
T03948,V003,D058,2026-03-27,Riverside Hub,Downtown Drop,115.5,2.64,13.3,21.54,transfer
T04052,V006,D006,2026-03-27,Riverside Hub,Airport Cargo,142.4,2.12,16.7,26.26,pickup
T04398,V010,D040,2026-03-27,Northgate DC,Harbor Terminal,25.9,0.52,3.4,5.56,pickup
T04571,V039,D045,2026-03-27,Riverside Hub,Westside Yard,470.2,10.29,60.8,89.61,delivery
T04670,V109,D051,2026-03-27,Westside Yard,Eastfield Park,602.8,12.86,62.3,106.22,transfer
T04727,V037,D035,2026-03-27,Eastfield Park,Westside Yard,191.6,3.37,25.3,40.56,delivery
T05183,V003,D058,2026-03-27,Westside Yard,Downtown Drop,340.1,8.34,32.6,52.99,delivery
T00485,V116,D012,2026-03-28,Harbor Terminal,Westside Yard,268.7,4.35,25.9,44.62,delivery
T00558,V018,D028,2026-03-28,Springfield Depot,Airport Cargo,283.9,5.22,38.2,59.24,pickup
T00716,V024,D079,2026-03-28,Downtown Drop,Riverside Hub,77.1,2.03,7.4,11.23,delivery
T01329,V021,D037,2026-03-28,Downtown Drop,Westside Yard,241.3,3.66,32.5,47.89,delivery
T01767,V019,D041,2026-03-28,Downtown Drop,Westside Yard,601.0,14.18,87.0,147.78,delivery
T01858,V028,D064,2026-03-28,Springfield Depot,Eastfield Park,292.4,5.57,27.3,40.92,delivery
T01884,V080,D054,2026-03-28,Riverside Hub,Westside Yard,324.4,6.5,30.9,46.23,pickup
T02405,V030,D022,2026-03-28,Airport Cargo,Harbor Terminal,357.1,6.21,40.8,70.05,transfer
T02480,V027,D049,2026-03-28,Riverside Hub,Springfield Depot,586.7,9.87,78.9,137.46,pickup
T02982,V068,D025,2026-03-28,Westside Yard,Riverside Hub,261.2,5.15,43.4,67.99,delivery
T03357,V108,D063,2026-03-28,Harbor Terminal,Downtown Drop,445.7,6.5,41.8,63.37,service_run
T03619,V038,D011,2026-03-28,Westside Yard,Eastfield Park,258.5,4.81,27.8,46.09,delivery
T03650,V108,D063,2026-03-28,Springfield Depot,Riverside Hub,136.8,3.24,14.8,21.72,delivery
T03927,V052,D065,2026-03-28,Harbor Terminal,Westside Yard,129.8,1.98,12.7,20.16,pickup
T04063,V082,D055,2026-03-28,Northgate DC,Airport Cargo,230.9,5.56,22.9,34.02,pickup
T04254,V048,D036,2026-03-28,Harbor Terminal,Riverside Hub,311.0,5.32,30.0,48.05,pickup
T04516,V010,D040,2026-03-28,Eastfield Park,Riverside Hub,618.3,13.33,59.2,97.14,pickup
T04856,V065,D080,2026-03-28,Airport Cargo,Eastfield Park,34.9,0.68,3.7,5.72,pickup
T00035,V081,D042,2026-03-29,Northgate DC,Riverside Hub,264.9,3.8,25.7,39.91,transfer
T00405,V010,D040,2026-03-29,Airport Cargo,Harbor Terminal,617.7,10.0,80.1,118.35,transfer
T00510,V012,D057,2026-03-29,Downtown Drop,Northgate DC,250.9,5.42,34.6,59.94,delivery
T00758,V069,D066,2026-03-29,Downtown Drop,Airport Cargo,114.5,2.15,15.4,25.51,delivery
T01242,V041,D047,2026-03-29,Harbor Terminal,Northgate DC,518.9,9.82,56.4,92.74,delivery
T01325,V080,D054,2026-03-29,Downtown Drop,Airport Cargo,84.9,1.78,8.1,11.8,pickup
T01387,V018,D028,2026-03-29,Riverside Hub,Airport Cargo,563.3,9.07,61.8,90.37,pickup
T01844,V077,D029,2026-03-29,Downtown Drop,Airport Cargo,129.4,2.87,13.9,20.46,transfer
T02212,V060,D005,2026-03-29,Eastfield Park,Airport Cargo,45.1,1.06,4.1,6.7,service_run
T02371,V019,D041,2026-03-29,Westside Yard,Springfield Depot,382.8,5.54,67.8,113.42,delivery
T02393,V087,D039,2026-03-29,Eastfield Park,Airport Cargo,482.4,7.61,67.6,101.53,transfer
T02839,V082,D055,2026-03-29,Harbor Terminal,Eastfield Park,410.9,7.94,41.6,64.05,transfer
T02847,V113,D053,2026-03-29,Riverside Hub,Springfield Depot,131.2,2.57,13.0,20.6,delivery
T03064,V059,D002,2026-03-29,Harbor Terminal,Downtown Drop,488.0,7.67,67.6,103.64,delivery
T03123,V116,D012,2026-03-29,Riverside Hub,Northgate DC,387.3,8.29,50.6,82.66,transfer
T03417,V116,D012,2026-03-29,Airport Cargo,Riverside Hub,595.8,11.04,98.3,170.11,pickup
T03462,V044,D020,2026-03-29,Riverside Hub,Downtown Drop,186.4,3.0,17.5,29.43,pickup
T03910,V002,D074,2026-03-29,Springfield Depot,Riverside Hub,547.3,8.37,54.1,81.03,delivery
T03982,V043,D073,2026-03-29,Northgate DC,Riverside Hub,280.1,7.25,48.5,72.8,delivery
T04136,V084,D013,2026-03-29,Springfield Depot,Harbor Terminal,169.7,3.52,19.5,31.96,delivery
T04742,V055,D059,2026-03-29,Northgate DC,Airport Cargo,138.0,2.13,13.0,20.59,transfer
T04870,V012,D057,2026-03-29,Westside Yard,Eastfield Park,54.0,0.91,6.7,11.03,delivery
T04960,V045,D076,2026-03-29,Airport Cargo,Eastfield Park,540.4,13.42,58.0,86.7,service_run
T00072,V114,D070,2026-03-30,Westside Yard,Eastfield Park,525.1,8.53,61.7,99.71,delivery
T00199,V021,D037,2026-03-30,Downtown Drop,Springfield Depot,37.6,0.6,3.8,6.56,delivery
T00273,V063,D010,2026-03-30,Harbor Terminal,Airport Cargo,360.0,5.9,34.2,58.98,delivery
T00544,V068,D025,2026-03-30,Eastfield Park,Downtown Drop,268.3,4.0,42.0,67.15,delivery
T00731,V117,D027,2026-03-30,Eastfield Park,Downtown Drop,299.5,5.11,31.6,45.95,delivery
T01047,V059,D002,2026-03-30,Westside Yard,Northgate DC,174.8,2.93,20.7,33.14,service_run
T01210,V110,D072,2026-03-30,Airport Cargo,Riverside Hub,476.9,8.4,66.0,96.55,delivery
T01907,V048,D036,2026-03-30,Springfield Depot,Westside Yard,226.7,3.53,27.5,41.12,pickup
T01940,V074,D009,2026-03-30,Eastfield Park,Riverside Hub,439.9,9.5,40.4,68.85,transfer
T02129,V024,D079,2026-03-30,Eastfield Park,Airport Cargo,158.8,2.36,15.7,24.94,delivery
T02214,V044,D020,2026-03-30,Eastfield Park,Northgate DC,86.5,2.02,13.1,21.49,transfer
T02313,V109,D051,2026-03-30,Springfield Depot,Harbor Terminal,612.7,12.69,56.4,92.61,delivery
T02586,V084,D013,2026-03-30,Springfield Depot,Downtown Drop,328.1,5.54,48.1,76.39,delivery
T02838,V010,D040,2026-03-30,Airport Cargo,Springfield Depot,77.3,1.71,10.1,17.15,delivery
T02926,V032,D062,2026-03-30,Riverside Hub,Springfield Depot,587.5,10.31,76.7,114.81,delivery
T03043,V092,D044,2026-03-30,Northgate DC,Harbor Terminal,101.3,2.66,9.5,14.14,delivery
T03548,V040,D067,2026-03-30,Riverside Hub,Downtown Drop,292.1,4.22,38.1,59.95,service_run
T04139,V012,D057,2026-03-30,Riverside Hub,Eastfield Park,522.8,8.47,63.3,98.7,delivery
T04158,V046,D071,2026-03-30,Downtown Drop,Riverside Hub,509.4,11.48,64.2,102.33,delivery
T04534,V116,D012,2026-03-30,Airport Cargo,Harbor Terminal,234.0,3.48,33.6,53.28,service_run
T04941,V039,D045,2026-03-30,Riverside Hub,Northgate DC,132.5,2.56,16.0,26.05,delivery
T05073,V069,D066,2026-03-30,Riverside Hub,Northgate DC,437.4,7.74,54.8,90.45,delivery
T05093,V043,D073,2026-03-30,Airport Cargo,Westside Yard,235.2,5.05,23.2,37.87,delivery
T05096,V004,D003,2026-03-30,Harbor Terminal,Airport Cargo,616.6,13.16,75.0,128.63,delivery
T00465,V019,D041,2026-03-31,Downtown Drop,Springfield Depot,480.7,11.52,76.1,130.95,service_run
T00592,V092,D044,2026-03-31,Riverside Hub,Westside Yard,479.4,8.69,58.1,101.51,transfer
T00697,V069,D066,2026-03-31,Airport Cargo,Harbor Terminal,453.8,7.43,41.5,60.72,delivery
T00764,V004,D003,2026-03-31,Riverside Hub,Westside Yard,557.5,10.33,67.5,118.11,pickup
T00822,V074,D009,2026-03-31,Eastfield Park,Springfield Depot,444.6,9.53,42.7,68.57,service_run
T00874,V101,D017,2026-03-31,Harbor Terminal,Downtown Drop,584.6,9.92,59.7,96.0,delivery
T01327,V029,D060,2026-03-31,Airport Cargo,Eastfield Park,254.8,5.53,40.6,63.73,service_run
T01576,V104,D068,2026-03-31,Harbor Terminal,Riverside Hub,484.9,11.77,79.9,122.67,transfer
T01872,V060,D005,2026-03-31,Springfield Depot,Northgate DC,282.9,5.23,27.0,43.35,transfer
T01927,V037,D035,2026-03-31,Northgate DC,Springfield Depot,583.7,12.07,77.0,119.6,transfer
T02331,V012,D057,2026-03-31,Downtown Drop,Riverside Hub,238.6,4.68,21.8,35.21,transfer
T02347,V046,D071,2026-03-31,Westside Yard,Airport Cargo,501.6,9.22,56.0,85.63,pickup
T03245,V038,D011,2026-03-31,Westside Yard,Eastfield Park,543.3,12.37,66.3,106.02,service_run
T03362,V043,D073,2026-03-31,Eastfield Park,Northgate DC,151.9,2.46,21.2,34.19,delivery
T03467,V101,D017,2026-03-31,Harbor Terminal,Airport Cargo,179.9,3.28,20.9,34.47,delivery
T03504,V080,D054,2026-03-31,Springfield Depot,Eastfield Park,132.1,2.34,14.1,22.73,delivery
T03871,V019,D041,2026-03-31,Downtown Drop,Springfield Depot,166.1,2.8,18.3,30.25,service_run
T04873,V116,D012,2026-03-31,Harbor Terminal,Springfield Depot,339.3,5.23,41.6,67.51,delivery
T05130,V095,D034,2026-03-31,Harbor Terminal,Riverside Hub,518.9,9.81,79.6,126.84,service_run
T00221,V092,D044,2026-04-01,Harbor Terminal,Riverside Hub,283.0,4.5,26.6,39.42,delivery
T00306,V068,D025,2026-04-01,Riverside Hub,Northgate DC,257.4,4.67,28.7,49.89,delivery
T00603,V048,D036,2026-04-01,Airport Cargo,Northgate DC,187.6,2.86,23.6,37.63,delivery
T00644,V010,D040,2026-04-01,Northgate DC,Airport Cargo,291.8,4.84,45.6,70.1,delivery
T00828,V035,D069,2026-04-01,Harbor Terminal,Springfield Depot,309.5,5.89,52.9,80.15,transfer
T01154,V010,D040,2026-04-01,Springfield Depot,Downtown Drop,247.9,3.85,33.3,57.01,service_run
T01246,V002,D074,2026-04-01,Northgate DC,Springfield Depot,284.3,7.16,29.9,45.29,delivery
T01336,V008,D046,2026-04-01,Downtown Drop,Harbor Terminal,22.3,0.5,3.6,6.08,delivery
T02427,V029,D060,2026-04-01,Springfield Depot,Riverside Hub,563.3,8.16,61.4,98.62,service_run
T02901,V069,D066,2026-04-01,Eastfield Park,Riverside Hub,391.7,6.83,48.7,83.28,delivery
T02964,V061,D001,2026-04-01,Harbor Terminal,Westside Yard,109.0,1.95,17.3,26.39,transfer
T03767,V062,D056,2026-04-01,Downtown Drop,Harbor Terminal,256.5,5.36,23.5,38.04,pickup
T03771,V048,D036,2026-04-01,Northgate DC,Airport Cargo,449.3,6.54,43.4,72.4,delivery
T03788,V110,D072,2026-04-01,Eastfield Park,Westside Yard,278.4,6.98,45.4,75.58,transfer
T04198,V105,D023,2026-04-01,Downtown Drop,Springfield Depot,365.8,6.68,59.5,88.4,service_run
T04411,V007,D004,2026-04-01,Westside Yard,Eastfield Park,220.1,4.81,37.0,54.43,delivery
T04482,V107,D015,2026-04-01,Eastfield Park,Westside Yard,149.7,2.68,26.6,45.29,delivery
T04756,V094,D078,2026-04-01,Downtown Drop,Northgate DC,31.5,0.49,4.6,7.05,pickup
T00209,V026,D021,2026-04-02,Airport Cargo,Westside Yard,287.3,5.2,51.1,77.22,transfer
T00550,V043,D073,2026-04-02,Westside Yard,Eastfield Park,291.0,6.69,38.6,62.07,transfer
T00670,V046,D071,2026-04-02,Harbor Terminal,Airport Cargo,399.6,6.38,66.8,113.8,service_run
T01408,V024,D079,2026-04-02,Harbor Terminal,Eastfield Park,451.1,10.16,57.6,90.47,transfer
T02137,V077,D029,2026-04-02,Westside Yard,Eastfield Park,574.0,11.49,56.0,94.4,pickup
T02213,V013,D016,2026-04-02,Springfield Depot,Downtown Drop,463.4,9.84,50.7,87.75,delivery
T02670,V039,D045,2026-04-02,Northgate DC,Westside Yard,95.2,1.46,14.8,22.66,service_run
T02723,V062,D056,2026-04-02,Riverside Hub,Harbor Terminal,299.6,5.12,38.2,62.82,transfer
T02799,V043,D073,2026-04-02,Eastfield Park,Westside Yard,149.7,2.78,15.4,23.88,pickup
T03230,V027,D049,2026-04-02,Westside Yard,Northgate DC,505.8,10.73,57.7,96.63,pickup
T03359,V081,D042,2026-04-02,Harbor Terminal,Riverside Hub,228.3,5.09,28.4,46.25,transfer
T03502,V065,D080,2026-04-02,Westside Yard,Springfield Depot,344.3,8.7,60.6,91.89,delivery
T03644,V007,D004,2026-04-02,Springfield Depot,Airport Cargo,273.4,7.14,27.5,44.56,transfer
T03815,V046,D071,2026-04-02,Eastfield Park,Airport Cargo,288.5,4.89,28.0,43.31,delivery
T04359,V117,D027,2026-04-02,Harbor Terminal,Airport Cargo,27.1,0.55,4.9,8.22,transfer
T04364,V102,D038,2026-04-02,Downtown Drop,Airport Cargo,282.1,4.68,28.4,44.59,delivery
T04498,V018,D028,2026-04-02,Downtown Drop,Riverside Hub,518.6,9.71,59.7,97.79,delivery
T04899,V043,D073,2026-04-02,Airport Cargo,Westside Yard,484.2,8.94,63.3,93.33,service_run
T04979,V007,D004,2026-04-02,Northgate DC,Eastfield Park,209.1,3.09,22.0,35.52,pickup
T05105,V092,D044,2026-04-02,Springfield Depot,Airport Cargo,329.2,7.15,49.7,78.91,transfer
T00247,V013,D016,2026-04-03,Springfield Depot,Eastfield Park,196.7,3.28,23.1,35.86,service_run
T00313,V010,D040,2026-04-03,Northgate DC,Downtown Drop,511.5,8.99,84.8,143.76,delivery
T00375,V046,D071,2026-04-03,Riverside Hub,Airport Cargo,90.8,1.51,14.6,24.6,delivery
T00509,V032,D062,2026-04-03,Springfield Depot,Harbor Terminal,591.1,8.6,64.0,96.28,service_run
T00615,V081,D042,2026-04-03,Riverside Hub,Springfield Depot,459.0,7.87,47.6,80.11,delivery
T01072,V043,D073,2026-04-03,Springfield Depot,Downtown Drop,124.9,2.97,22.1,34.36,delivery
T01833,V045,D076,2026-04-03,Harbor Terminal,Eastfield Park,444.0,10.6,45.2,73.26,transfer
T01963,V107,D015,2026-04-03,Westside Yard,Springfield Depot,96.3,2.1,9.4,14.83,transfer
T02180,V095,D034,2026-04-03,Harbor Terminal,Riverside Hub,384.5,9.87,59.7,99.42,transfer
T02674,V002,D074,2026-04-03,Riverside Hub,Springfield Depot,280.7,4.73,37.8,60.65,service_run
T03258,V040,D067,2026-04-03,Northgate DC,Springfield Depot,217.0,4.94,34.8,60.64,pickup
T03377,V004,D003,2026-04-03,Airport Cargo,Downtown Drop,353.3,7.06,37.2,60.93,transfer
T03385,V068,D025,2026-04-03,Harbor Terminal,Riverside Hub,333.0,5.37,60.5,95.22,delivery
T03465,V092,D044,2026-04-03,Eastfield Park,Westside Yard,181.3,3.24,32.0,53.76,delivery
T03527,V068,D025,2026-04-03,Downtown Drop,Harbor Terminal,145.8,2.58,21.5,34.2,delivery
T03547,V117,D027,2026-04-03,Riverside Hub,Springfield Depot,496.9,12.16,47.9,79.75,delivery
T03564,V061,D001,2026-04-03,Downtown Drop,Airport Cargo,278.7,5.61,25.6,39.4,delivery
T03700,V110,D072,2026-04-03,Westside Yard,Riverside Hub,55.6,0.96,8.6,13.12,service_run
T03810,V006,D006,2026-04-03,Riverside Hub,Eastfield Park,399.0,7.21,47.0,77.42,delivery
T05113,V021,D037,2026-04-03,Harbor Terminal,Downtown Drop,326.6,5.4,48.1,78.39,service_run
T05140,V107,D015,2026-04-03,Downtown Drop,Harbor Terminal,425.3,7.94,40.5,64.65,delivery
T00985,V019,D041,2026-04-04,Westside Yard,Airport Cargo,494.7,9.76,78.8,125.15,service_run
T02477,V074,D009,2026-04-04,Northgate DC,Riverside Hub,16.5,0.43,2.1,3.55,delivery
T02626,V021,D037,2026-04-04,Airport Cargo,Harbor Terminal,111.6,1.89,20.2,30.31,delivery
T02805,V109,D051,2026-04-04,Westside Yard,Airport Cargo,72.6,1.62,8.6,14.19,delivery
T03752,V037,D035,2026-04-04,Airport Cargo,Northgate DC,598.2,12.79,65.7,103.57,delivery
T03768,V002,D074,2026-04-04,Northgate DC,Westside Yard,142.3,2.3,18.4,31.68,delivery
T03944,V046,D071,2026-04-04,Downtown Drop,Eastfield Park,455.7,8.09,64.6,109.57,service_run
T04214,V110,D072,2026-04-04,Springfield Depot,Westside Yard,310.4,5.54,41.4,66.31,pickup
T04307,V021,D037,2026-04-04,Harbor Terminal,Riverside Hub,452.1,11.56,81.2,132.21,pickup
T04345,V074,D009,2026-04-04,Springfield Depot,Eastfield Park,329.1,8.38,59.5,91.52,delivery
T04621,V101,D017,2026-04-04,Northgate DC,Westside Yard,249.5,5.57,37.3,55.57,pickup
T04671,V026,D021,2026-04-04,Downtown Drop,Airport Cargo,164.6,3.69,20.6,33.85,delivery
T04849,V048,D036,2026-04-04,Westside Yard,Northgate DC,80.3,1.57,10.3,17.43,delivery
T00283,V014,D031,2026-04-05,Springfield Depot,Airport Cargo,385.9,7.35,36.9,63.54,transfer
T00400,V047,D050,2026-04-05,Riverside Hub,Downtown Drop,373.5,7.82,35.5,55.07,delivery
T00540,V028,D064,2026-04-05,Westside Yard,Northgate DC,368.6,6.5,44.3,71.43,delivery
T01460,V014,D031,2026-04-05,Harbor Terminal,Springfield Depot,380.2,6.88,38.2,57.98,pickup
T02594,V021,D037,2026-04-05,Riverside Hub,Eastfield Park,141.9,2.12,21.0,34.21,service_run
T02739,V045,D076,2026-04-05,Riverside Hub,Harbor Terminal,337.2,5.07,31.4,52.74,service_run
T02741,V038,D011,2026-04-05,Westside Yard,Harbor Terminal,568.4,10.76,93.7,159.51,delivery
T02972,V024,D079,2026-04-05,Riverside Hub,Westside Yard,20.9,0.35,1.9,2.84,service_run
T03217,V026,D021,2026-04-05,Riverside Hub,Springfield Depot,445.4,8.69,47.6,74.46,delivery
T03469,V087,D039,2026-04-05,Harbor Terminal,Springfield Depot,410.4,6.02,62.4,102.21,transfer
T03488,V008,D046,2026-04-05,Eastfield Park,Airport Cargo,585.0,9.53,105.7,176.79,delivery
T03668,V018,D028,2026-04-05,Northgate DC,Westside Yard,327.9,5.46,56.7,93.61,delivery
T03986,V087,D039,2026-04-05,Harbor Terminal,Downtown Drop,383.2,5.77,46.0,73.59,transfer
T04091,V048,D036,2026-04-05,Airport Cargo,Northgate DC,550.1,11.78,96.5,163.54,delivery
T04566,V116,D012,2026-04-05,Northgate DC,Eastfield Park,445.9,7.09,55.8,88.53,transfer
T04628,V019,D041,2026-04-05,Harbor Terminal,Airport Cargo,18.0,0.31,1.8,2.65,service_run
T04682,V070,D026,2026-04-05,Westside Yard,Northgate DC,88.2,1.39,8.8,13.86,delivery
T04765,V098,D018,2026-04-05,Harbor Terminal,Northgate DC,562.2,8.86,100.2,158.75,pickup
T05179,V007,D004,2026-04-05,Springfield Depot,Riverside Hub,301.5,4.38,39.7,67.78,service_run
T00872,V008,D046,2026-04-06,Airport Cargo,Northgate DC,226.5,5.37,24.9,39.08,service_run
T00967,V012,D057,2026-04-06,Airport Cargo,Westside Yard,74.0,1.28,8.7,12.66,service_run
T01228,V101,D017,2026-04-06,Harbor Terminal,Riverside Hub,80.2,1.32,11.4,18.08,delivery
T01344,V013,D016,2026-04-06,Downtown Drop,Eastfield Park,575.3,11.1,99.0,155.85,delivery
T01435,V008,D046,2026-04-06,Downtown Drop,Airport Cargo,244.6,6.3,42.7,69.59,delivery
T01747,V018,D028,2026-04-06,Eastfield Park,Riverside Hub,359.2,5.93,44.6,65.93,transfer
T02094,V003,D058,2026-04-06,Westside Yard,Airport Cargo,131.1,2.5,14.4,24.06,transfer
T02815,V038,D011,2026-04-06,Northgate DC,Springfield Depot,204.9,3.31,33.9,52.87,delivery
T02986,V108,D063,2026-04-06,Airport Cargo,Downtown Drop,362.3,8.15,50.3,87.88,delivery
T03355,V107,D015,2026-04-06,Airport Cargo,Westside Yard,140.6,2.09,15.2,24.57,transfer
T03636,V024,D079,2026-04-06,Harbor Terminal,Northgate DC,419.2,6.82,47.0,73.97,service_run
T04536,V063,D010,2026-04-06,Eastfield Park,Downtown Drop,115.4,1.81,10.9,18.52,pickup
T05119,V012,D057,2026-04-06,Springfield Depot,Northgate DC,608.7,9.92,73.2,114.2,transfer
T00092,V098,D018,2026-04-07,Springfield Depot,Westside Yard,25.2,0.41,2.7,3.97,service_run
T00125,V043,D073,2026-04-07,Downtown Drop,Westside Yard,262.4,4.63,43.1,65.87,transfer
T00139,V046,D071,2026-04-07,Springfield Depot,Westside Yard,264.5,4.09,35.5,54.12,delivery
T00817,V037,D035,2026-04-07,Westside Yard,Airport Cargo,427.3,10.04,66.6,96.82,pickup
T00974,V029,D060,2026-04-07,Harbor Terminal,Riverside Hub,265.5,6.08,26.3,40.46,service_run
T01073,V065,D080,2026-04-07,Airport Cargo,Northgate DC,576.7,13.34,63.2,110.43,delivery
T01185,V077,D029,2026-04-07,Eastfield Park,Northgate DC,368.0,6.08,36.6,56.25,delivery
T01359,V095,D034,2026-04-07,Northgate DC,Springfield Depot,594.6,9.03,61.7,92.5,delivery
T01452,V050,D007,2026-04-07,Airport Cargo,Downtown Drop,549.5,12.92,89.0,131.78,delivery
T01703,V019,D041,2026-04-07,Springfield Depot,Westside Yard,127.5,2.57,21.4,37.11,pickup
T01827,V074,D009,2026-04-07,Springfield Depot,Harbor Terminal,437.9,7.1,54.2,94.44,transfer
T01944,V039,D045,2026-04-07,Riverside Hub,Airport Cargo,429.0,7.13,59.4,93.41,service_run
T02127,V053,D019,2026-04-07,Airport Cargo,Riverside Hub,544.1,8.98,77.9,114.42,service_run
T02227,V045,D076,2026-04-07,Springfield Depot,Westside Yard,611.8,9.44,57.8,90.98,delivery
T02622,V037,D035,2026-04-07,Downtown Drop,Springfield Depot,319.3,7.0,40.0,67.35,delivery
T02976,V053,D019,2026-04-07,Northgate DC,Airport Cargo,301.6,6.22,28.2,49.15,transfer
T03151,V008,D046,2026-04-07,Downtown Drop,Harbor Terminal,519.7,7.7,58.6,95.62,delivery
T03350,V032,D062,2026-04-07,Northgate DC,Westside Yard,203.0,4.2,21.1,32.66,delivery
T03682,V077,D029,2026-04-07,Riverside Hub,Springfield Depot,285.1,5.63,32.0,54.19,pickup
T03942,V027,D049,2026-04-07,Springfield Depot,Eastfield Park,383.1,9.87,47.5,81.93,service_run
T03961,V062,D056,2026-04-07,Northgate DC,Eastfield Park,153.5,2.94,20.6,31.73,delivery
T04462,V062,D056,2026-04-07,Harbor Terminal,Northgate DC,434.3,6.34,49.5,79.97,delivery
T04469,V105,D023,2026-04-07,Downtown Drop,Airport Cargo,303.4,6.82,36.6,58.6,delivery
T04651,V041,D047,2026-04-07,Northgate DC,Downtown Drop,272.0,5.19,25.8,38.49,delivery
T04762,V019,D041,2026-04-07,Harbor Terminal,Springfield Depot,95.5,1.41,13.4,21.99,delivery
T04811,V087,D039,2026-04-07,Springfield Depot,Northgate DC,113.2,2.35,11.6,17.56,delivery
T00552,V080,D054,2026-04-08,Airport Cargo,Springfield Depot,377.7,6.05,34.7,56.43,transfer
T00761,V110,D072,2026-04-08,Downtown Drop,Northgate DC,83.7,1.53,7.7,11.17,pickup
T00989,V028,D064,2026-04-08,Westside Yard,Northgate DC,476.6,7.42,76.4,127.52,pickup
T01077,V074,D009,2026-04-08,Riverside Hub,Downtown Drop,266.2,4.91,40.0,63.74,transfer
T01633,V095,D034,2026-04-08,Harbor Terminal,Northgate DC,408.4,10.5,39.6,64.16,pickup
T01782,V061,D001,2026-04-08,Springfield Depot,Airport Cargo,551.1,9.82,82.6,125.22,pickup
T01785,V055,D059,2026-04-08,Harbor Terminal,Westside Yard,109.6,1.64,14.6,23.07,transfer
T02200,V081,D042,2026-04-08,Harbor Terminal,Springfield Depot,95.4,1.94,9.8,14.86,pickup
T02678,V041,D047,2026-04-08,Northgate DC,Westside Yard,246.9,4.37,27.8,48.57,delivery
T02722,V024,D079,2026-04-08,Eastfield Park,Downtown Drop,318.9,4.71,33.2,52.14,delivery
T03185,V108,D063,2026-04-08,Springfield Depot,Northgate DC,367.7,5.44,63.0,100.39,delivery
T03205,V024,D079,2026-04-08,Springfield Depot,Harbor Terminal,331.4,6.15,59.7,102.92,delivery
T03522,V041,D047,2026-04-08,Riverside Hub,Harbor Terminal,596.9,9.3,79.7,119.13,delivery
T03661,V043,D073,2026-04-08,Airport Cargo,Downtown Drop,438.0,7.49,65.4,112.1,delivery
T03684,V102,D038,2026-04-08,Riverside Hub,Eastfield Park,146.1,3.11,18.0,27.25,delivery
T03718,V044,D020,2026-04-08,Airport Cargo,Westside Yard,59.1,1.09,7.4,12.31,delivery
T04672,V026,D021,2026-04-08,Eastfield Park,Airport Cargo,465.8,8.11,61.7,100.56,pickup
T04972,V104,D068,2026-04-08,Downtown Drop,Airport Cargo,38.5,0.56,4.9,7.63,delivery
T00011,V052,D065,2026-04-09,Riverside Hub,Springfield Depot,566.0,11.23,53.8,84.42,delivery
T00794,V063,D010,2026-04-09,Eastfield Park,Airport Cargo,134.9,3.42,23.4,35.86,delivery
T01017,V055,D059,2026-04-09,Westside Yard,Harbor Terminal,481.2,8.73,53.7,84.18,pickup
T01558,V043,D073,2026-04-09,Downtown Drop,Springfield Depot,351.3,6.55,48.8,80.2,service_run
T01646,V062,D056,2026-04-09,Springfield Depot,Airport Cargo,598.7,14.19,91.3,155.86,delivery
T02078,V027,D049,2026-04-09,Westside Yard,Eastfield Park,300.8,4.81,35.2,60.17,delivery
T02125,V107,D015,2026-04-09,Downtown Drop,Northgate DC,106.4,2.12,10.4,17.88,delivery
T02233,V062,D056,2026-04-09,Harbor Terminal,Springfield Depot,555.1,7.95,90.3,137.67,service_run
T02424,V043,D073,2026-04-09,Eastfield Park,Harbor Terminal,134.5,1.94,17.2,25.44,transfer
T02998,V046,D071,2026-04-09,Riverside Hub,Airport Cargo,294.8,6.96,47.6,69.37,service_run
T03180,V060,D005,2026-04-09,Springfield Depot,Downtown Drop,105.1,1.65,10.6,15.8,service_run
T03577,V046,D071,2026-04-09,Riverside Hub,Downtown Drop,438.1,7.87,65.3,110.26,transfer
T03749,V102,D038,2026-04-09,Airport Cargo,Riverside Hub,419.5,7.59,68.9,107.6,delivery
T03785,V109,D051,2026-04-09,Springfield Depot,Eastfield Park,256.3,4.25,29.6,49.05,service_run
T04819,V084,D013,2026-04-09,Eastfield Park,Riverside Hub,427.3,10.43,43.7,65.12,delivery
T05184,V087,D039,2026-04-09,Northgate DC,Downtown Drop,470.4,10.7,49.4,77.62,transfer
T00398,V059,D002,2026-04-10,Northgate DC,Downtown Drop,52.2,1.05,6.0,10.16,transfer
T00855,V038,D011,2026-04-10,Northgate DC,Westside Yard,80.1,1.42,10.0,15.1,delivery
T01205,V039,D045,2026-04-10,Downtown Drop,Westside Yard,472.6,7.3,70.0,107.73,pickup
T01222,V030,D022,2026-04-10,Harbor Terminal,Springfield Depot,64.2,1.23,7.8,13.13,delivery
T01286,V008,D046,2026-04-10,Westside Yard,Airport Cargo,487.3,9.3,86.2,146.62,delivery
T01308,V069,D066,2026-04-10,Downtown Drop,Eastfield Park,27.5,0.53,3.3,4.99,delivery
T01489,V014,D031,2026-04-10,Northgate DC,Downtown Drop,47.9,0.82,6.2,9.35,transfer
T02071,V019,D041,2026-04-10,Downtown Drop,Northgate DC,48.2,0.75,7.9,12.38,delivery
T02255,V060,D005,2026-04-10,Northgate DC,Springfield Depot,171.0,3.55,24.4,40.85,transfer
T02272,V029,D060,2026-04-10,Downtown Drop,Eastfield Park,160.2,2.4,25.0,39.7,transfer
T02468,V018,D028,2026-04-10,Northgate DC,Harbor Terminal,402.2,7.98,38.1,55.77,delivery
T02522,V008,D046,2026-04-10,Airport Cargo,Northgate DC,538.2,12.21,73.4,114.28,transfer
T03283,V070,D026,2026-04-10,Westside Yard,Airport Cargo,491.7,7.81,69.5,114.39,delivery
T03354,V061,D001,2026-04-10,Eastfield Park,Springfield Depot,442.6,7.24,44.0,65.51,service_run
T03366,V046,D071,2026-04-10,Eastfield Park,Springfield Depot,174.7,3.7,30.5,46.12,delivery
T03514,V107,D015,2026-04-10,Northgate DC,Airport Cargo,272.4,6.56,30.0,49.45,delivery
T03709,V068,D025,2026-04-10,Westside Yard,Springfield Depot,575.6,12.19,97.8,160.09,transfer
T03737,V069,D066,2026-04-10,Harbor Terminal,Airport Cargo,202.5,2.98,19.1,28.72,pickup
T04083,V052,D065,2026-04-10,Downtown Drop,Springfield Depot,377.3,5.75,37.1,55.45,delivery
T04675,V087,D039,2026-04-10,Harbor Terminal,Springfield Depot,428.4,7.15,39.4,60.77,delivery
T04780,V004,D003,2026-04-10,Northgate DC,Downtown Drop,168.8,2.51,30.2,50.62,delivery
T04832,V019,D041,2026-04-10,Downtown Drop,Springfield Depot,450.4,7.61,47.4,79.99,delivery
T00074,V113,D053,2026-04-11,Eastfield Park,Harbor Terminal,444.8,7.91,45.9,75.74,pickup
T00529,V010,D040,2026-04-11,Harbor Terminal,Springfield Depot,276.7,4.63,25.2,40.07,delivery
T00760,V030,D022,2026-04-11,Westside Yard,Springfield Depot,416.8,9.73,41.6,66.04,delivery
T01088,V028,D064,2026-04-11,Riverside Hub,Airport Cargo,412.1,7.66,54.9,93.29,transfer
T01229,V028,D064,2026-04-11,Westside Yard,Harbor Terminal,593.4,11.14,96.0,143.28,service_run
T01231,V059,D002,2026-04-11,Springfield Depot,Westside Yard,357.2,5.86,41.4,61.67,delivery
T01543,V002,D074,2026-04-11,Airport Cargo,Westside Yard,220.7,3.79,38.8,62.73,delivery
T01740,V102,D038,2026-04-11,Riverside Hub,Eastfield Park,533.6,9.36,52.1,84.82,pickup
T01974,V105,D023,2026-04-11,Harbor Terminal,Airport Cargo,398.9,6.18,60.2,88.06,delivery
T02345,V046,D071,2026-04-11,Eastfield Park,Springfield Depot,529.8,10.95,80.4,134.67,transfer
T02826,V037,D035,2026-04-11,Riverside Hub,Springfield Depot,539.4,9.51,54.3,91.6,transfer
T03083,V080,D054,2026-04-11,Westside Yard,Springfield Depot,505.8,12.03,68.6,107.86,service_run
T03169,V006,D006,2026-04-11,Springfield Depot,Riverside Hub,139.8,2.13,23.4,35.65,transfer
T03273,V006,D006,2026-04-11,Eastfield Park,Riverside Hub,139.8,2.38,22.2,38.79,transfer
T03679,V053,D019,2026-04-11,Harbor Terminal,Airport Cargo,567.5,13.3,61.3,97.84,pickup
T04126,V108,D063,2026-04-11,Springfield Depot,Northgate DC,44.1,0.73,4.8,7.81,transfer
T00315,V087,D039,2026-04-12,Northgate DC,Eastfield Park,88.1,1.36,9.5,16.04,delivery
T00568,V061,D001,2026-04-12,Springfield Depot,Riverside Hub,370.1,8.62,42.9,74.47,delivery
T00652,V021,D037,2026-04-12,Northgate DC,Airport Cargo,53.4,0.83,5.1,7.43,transfer
T00684,V028,D064,2026-04-12,Downtown Drop,Harbor Terminal,469.4,7.67,47.9,80.12,pickup
T01531,V019,D041,2026-04-12,Westside Yard,Riverside Hub,192.7,4.65,31.6,52.73,delivery
T02914,V087,D039,2026-04-12,Northgate DC,Harbor Terminal,21.4,0.38,2.3,3.73,service_run
T03053,V008,D046,2026-04-12,Downtown Drop,Airport Cargo,460.6,9.54,61.9,98.96,transfer
T03281,V024,D079,2026-04-12,Airport Cargo,Westside Yard,228.2,4.38,23.6,35.68,service_run
T03542,V063,D010,2026-04-12,Harbor Terminal,Riverside Hub,25.0,0.4,2.9,4.71,delivery
T03912,V043,D073,2026-04-12,Westside Yard,Downtown Drop,92.0,1.8,9.7,14.4,transfer
T04132,V077,D029,2026-04-12,Downtown Drop,Airport Cargo,336.9,7.55,35.5,59.24,pickup
T04632,V028,D064,2026-04-12,Harbor Terminal,Airport Cargo,604.4,8.88,106.1,169.29,delivery
T04977,V094,D078,2026-04-12,Eastfield Park,Riverside Hub,21.3,0.31,3.1,4.82,delivery
T05177,V077,D029,2026-04-12,Airport Cargo,Riverside Hub,396.8,6.72,63.9,103.6,delivery
T00347,V069,D066,2026-04-13,Eastfield Park,Airport Cargo,309.1,6.48,33.7,50.2,delivery
T00958,V107,D015,2026-04-13,Airport Cargo,Harbor Terminal,198.0,3.91,20.5,34.48,service_run
T01240,V041,D047,2026-04-13,Harbor Terminal,Airport Cargo,558.2,14.34,72.9,118.9,service_run
T01244,V082,D055,2026-04-13,Northgate DC,Airport Cargo,292.0,5.47,38.2,62.23,service_run
T01407,V004,D003,2026-04-13,Downtown Drop,Harbor Terminal,479.9,9.81,49.3,78.6,delivery
T01510,V029,D060,2026-04-13,Springfield Depot,Harbor Terminal,358.6,6.3,33.1,55.67,delivery
T01638,V019,D041,2026-04-13,Westside Yard,Downtown Drop,220.9,3.74,31.8,47.17,transfer
T01945,V044,D020,2026-04-13,Springfield Depot,Eastfield Park,456.0,8.39,55.9,95.54,delivery
T01964,V012,D057,2026-04-13,Riverside Hub,Springfield Depot,514.9,10.94,52.1,76.5,delivery
T02264,V048,D036,2026-04-13,Springfield Depot,Westside Yard,201.1,4.02,23.3,35.63,service_run
T02465,V024,D079,2026-04-13,Harbor Terminal,Downtown Drop,338.4,4.93,46.8,80.89,pickup
T02497,V094,D078,2026-04-13,Riverside Hub,Eastfield Park,246.8,3.84,23.3,34.16,pickup
T02697,V116,D012,2026-04-13,Harbor Terminal,Northgate DC,26.3,0.42,2.4,3.49,delivery
T03411,V026,D021,2026-04-13,Harbor Terminal,Eastfield Park,84.6,1.28,11.8,18.79,service_run
T03474,V116,D012,2026-04-13,Harbor Terminal,Downtown Drop,314.9,6.49,46.0,74.76,service_run
T03721,V030,D022,2026-04-13,Springfield Depot,Westside Yard,586.5,13.99,76.9,125.69,transfer
T03769,V117,D027,2026-04-13,Downtown Drop,Riverside Hub,217.9,3.87,33.6,56.71,pickup
T03803,V065,D080,2026-04-13,Eastfield Park,Riverside Hub,449.3,8.62,81.1,128.65,transfer
T03883,V098,D018,2026-04-13,Westside Yard,Riverside Hub,514.2,8.67,48.7,72.92,service_run
T03926,V024,D079,2026-04-13,Springfield Depot,Downtown Drop,412.2,6.01,43.9,71.07,transfer
T04034,V082,D055,2026-04-13,Riverside Hub,Harbor Terminal,504.6,7.31,54.2,92.26,transfer
T04114,V060,D005,2026-04-13,Riverside Hub,Springfield Depot,606.8,9.98,69.6,107.92,pickup
T04844,V061,D001,2026-04-13,Westside Yard,Springfield Depot,172.6,2.97,21.6,33.62,pickup
T05157,V035,D069,2026-04-13,Eastfield Park,Northgate DC,530.0,9.09,87.2,135.73,delivery
T00101,V102,D038,2026-04-14,Northgate DC,Harbor Terminal,387.9,6.91,54.0,91.38,pickup
T00448,V002,D074,2026-04-14,Eastfield Park,Northgate DC,601.7,8.81,66.1,115.67,transfer
T00663,V013,D016,2026-04-14,Westside Yard,Downtown Drop,402.3,8.61,53.7,91.86,delivery
T00678,V104,D068,2026-04-14,Westside Yard,Eastfield Park,195.5,4.45,32.1,49.96,delivery
T00963,V062,D056,2026-04-14,Harbor Terminal,Eastfield Park,71.9,1.07,9.6,15.67,delivery
T01112,V114,D070,2026-04-14,Westside Yard,Springfield Depot,268.9,7.0,26.6,44.26,pickup
T01664,V050,D007,2026-04-14,Downtown Drop,Harbor Terminal,447.4,6.41,68.1,118.74,delivery
T02015,V074,D009,2026-04-14,Airport Cargo,Springfield Depot,15.9,0.4,2.4,3.49,transfer
T02023,V052,D065,2026-04-14,Harbor Terminal,Riverside Hub,318.3,4.6,32.9,49.57,delivery
T02076,V046,D071,2026-04-14,Riverside Hub,Springfield Depot,155.8,3.22,18.3,31.04,delivery
T02277,V018,D028,2026-04-14,Northgate DC,Airport Cargo,524.9,13.17,56.5,97.62,delivery
T02404,V092,D044,2026-04-14,Springfield Depot,Airport Cargo,317.6,5.03,40.4,63.35,transfer
T03439,V095,D034,2026-04-14,Eastfield Park,Airport Cargo,526.2,12.74,75.8,128.08,delivery
T03719,V047,D050,2026-04-14,Downtown Drop,Harbor Terminal,226.2,4.36,29.4,50.36,service_run
T03920,V102,D038,2026-04-14,Westside Yard,Springfield Depot,265.8,4.15,26.4,44.84,service_run
T04309,V010,D040,2026-04-14,Westside Yard,Riverside Hub,617.8,9.02,98.9,170.22,delivery
T04576,V013,D016,2026-04-14,Harbor Terminal,Riverside Hub,74.4,1.38,7.7,12.47,delivery
T05026,V044,D020,2026-04-14,Springfield Depot,Westside Yard,166.6,2.82,18.5,30.83,service_run
T00064,V104,D068,2026-04-15,Eastfield Park,Westside Yard,353.9,6.0,39.7,66.09,delivery
T00085,V068,D025,2026-04-15,Eastfield Park,Harbor Terminal,233.3,3.63,34.8,60.7,delivery
T00239,V061,D001,2026-04-15,Downtown Drop,Riverside Hub,571.8,13.25,99.1,152.15,service_run
T00715,V062,D056,2026-04-15,Harbor Terminal,Westside Yard,304.7,5.5,44.5,64.81,delivery
T00839,V108,D063,2026-04-15,Springfield Depot,Westside Yard,537.9,12.07,87.2,130.21,service_run
T00955,V082,D055,2026-04-15,Harbor Terminal,Downtown Drop,363.3,5.9,35.6,58.2,pickup
T01136,V061,D001,2026-04-15,Downtown Drop,Riverside Hub,155.7,2.49,15.7,27.38,transfer
T01450,V055,D059,2026-04-15,Springfield Depot,Westside Yard,453.9,7.56,72.8,106.38,service_run
T01520,V081,D042,2026-04-15,Springfield Depot,Westside Yard,429.8,10.23,49.8,76.39,transfer
T01853,V029,D060,2026-04-15,Airport Cargo,Riverside Hub,257.8,3.9,23.5,35.69,delivery
T01929,V003,D058,2026-04-15,Harbor Terminal,Airport Cargo,157.7,2.49,14.8,22.61,delivery
T02128,V046,D071,2026-04-15,Harbor Terminal,Riverside Hub,229.5,3.76,31.7,47.29,transfer
T02249,V010,D040,2026-04-15,Airport Cargo,Springfield Depot,576.5,11.38,99.7,151.7,delivery
T03160,V050,D007,2026-04-15,Eastfield Park,Riverside Hub,143.8,3.6,17.1,25.44,pickup
T03167,V059,D002,2026-04-15,Eastfield Park,Springfield Depot,228.1,5.95,28.3,48.24,delivery
T04349,V107,D015,2026-04-15,Riverside Hub,Eastfield Park,461.8,7.78,77.1,114.26,pickup
T04604,V082,D055,2026-04-15,Airport Cargo,Downtown Drop,289.0,4.93,30.1,50.8,pickup
T04808,V095,D034,2026-04-15,Westside Yard,Airport Cargo,341.3,5.99,45.3,77.73,service_run
T04877,V028,D064,2026-04-15,Westside Yard,Downtown Drop,223.0,3.82,22.3,35.68,service_run
T05016,V074,D009,2026-04-15,Westside Yard,Airport Cargo,368.8,6.67,35.2,59.58,delivery
T05141,V117,D027,2026-04-15,Riverside Hub,Northgate DC,558.0,10.37,56.6,97.4,delivery
T00467,V010,D040,2026-04-16,Downtown Drop,Airport Cargo,19.8,0.3,2.2,3.68,transfer
T01194,V018,D028,2026-04-16,Springfield Depot,Westside Yard,348.5,6.18,56.0,86.29,delivery
T01388,V019,D041,2026-04-16,Riverside Hub,Springfield Depot,177.8,2.6,30.7,49.93,delivery
T01410,V047,D050,2026-04-16,Springfield Depot,Westside Yard,313.4,7.75,39.8,64.46,delivery
T01458,V081,D042,2026-04-16,Harbor Terminal,Westside Yard,300.7,6.39,32.1,55.97,delivery
T01530,V116,D012,2026-04-16,Springfield Depot,Eastfield Park,367.1,5.66,52.6,79.59,delivery
T01622,V045,D076,2026-04-16,Eastfield Park,Harbor Terminal,452.3,7.12,60.7,102.67,service_run
T01716,V007,D004,2026-04-16,Springfield Depot,Airport Cargo,560.9,9.65,77.0,118.8,delivery
T01842,V105,D023,2026-04-16,Downtown Drop,Riverside Hub,534.4,11.0,52.1,80.82,service_run
T01932,V059,D002,2026-04-16,Northgate DC,Westside Yard,455.8,7.06,68.0,116.95,delivery
T02316,V029,D060,2026-04-16,Springfield Depot,Airport Cargo,330.0,7.48,37.3,57.58,delivery
T02334,V006,D006,2026-04-16,Riverside Hub,Eastfield Park,461.6,6.82,54.2,89.11,transfer
T02827,V030,D022,2026-04-16,Downtown Drop,Eastfield Park,505.1,8.11,49.2,78.0,delivery
T03116,V104,D068,2026-04-16,Downtown Drop,Northgate DC,402.2,7.05,39.1,65.47,pickup
T03219,V004,D003,2026-04-16,Harbor Terminal,Airport Cargo,221.7,3.21,23.6,40.66,delivery
T04062,V007,D004,2026-04-16,Airport Cargo,Eastfield Park,289.1,4.6,44.3,70.13,transfer
T04381,V095,D034,2026-04-16,Eastfield Park,Downtown Drop,28.1,0.65,2.8,4.57,delivery
T04603,V006,D006,2026-04-16,Riverside Hub,Downtown Drop,165.1,3.78,25.3,37.82,delivery
T04774,V104,D068,2026-04-16,Harbor Terminal,Downtown Drop,527.3,13.39,77.0,127.19,transfer
T04845,V052,D065,2026-04-16,Eastfield Park,Airport Cargo,444.1,8.64,41.3,66.51,transfer
T04883,V044,D020,2026-04-16,Springfield Depot,Harbor Terminal,280.9,6.85,30.6,51.57,delivery
T04934,V047,D050,2026-04-16,Eastfield Park,Harbor Terminal,52.1,1.27,6.0,10.38,delivery
T05069,V026,D021,2026-04-16,Springfield Depot,Airport Cargo,66.0,1.03,11.0,17.38,pickup
T05098,V007,D004,2026-04-16,Eastfield Park,Downtown Drop,554.8,8.75,61.6,106.94,delivery
T05171,V050,D007,2026-04-16,Downtown Drop,Airport Cargo,567.1,8.36,65.8,98.66,service_run
T00152,V102,D038,2026-04-17,Harbor Terminal,Northgate DC,172.2,4.46,23.0,34.19,service_run
T00316,V038,D011,2026-04-17,Downtown Drop,Riverside Hub,53.2,0.88,7.6,12.28,pickup
T00324,V050,D007,2026-04-17,Eastfield Park,Springfield Depot,388.2,9.39,37.3,54.67,transfer
T00531,V040,D067,2026-04-17,Springfield Depot,Westside Yard,64.5,1.43,7.5,12.43,delivery
T00772,V063,D010,2026-04-17,Downtown Drop,Riverside Hub,118.1,2.12,13.7,21.47,transfer
T00818,V095,D034,2026-04-17,Riverside Hub,Eastfield Park,27.6,0.46,2.5,4.26,transfer
T01390,V018,D028,2026-04-17,Riverside Hub,Westside Yard,116.9,1.83,12.9,20.53,service_run
T01695,V108,D063,2026-04-17,Springfield Depot,Downtown Drop,324.9,5.36,55.0,96.18,delivery
T02392,V050,D007,2026-04-17,Harbor Terminal,Northgate DC,518.6,12.34,66.8,102.96,transfer
T02525,V108,D063,2026-04-17,Westside Yard,Harbor Terminal,353.5,5.52,60.3,104.24,pickup
T02897,V105,D023,2026-04-17,Riverside Hub,Downtown Drop,517.4,7.52,64.5,111.23,delivery
T02939,V081,D042,2026-04-17,Northgate DC,Airport Cargo,615.9,11.55,63.7,102.38,delivery
T03104,V007,D004,2026-04-17,Springfield Depot,Downtown Drop,249.3,5.61,26.4,43.74,service_run
T03418,V003,D058,2026-04-17,Springfield Depot,Airport Cargo,569.6,10.08,68.8,115.42,service_run
T04336,V006,D006,2026-04-17,Eastfield Park,Harbor Terminal,448.5,7.69,66.9,99.6,pickup
T04838,V038,D011,2026-04-17,Springfield Depot,Harbor Terminal,78.1,1.63,8.5,13.0,delivery
T04939,V027,D049,2026-04-17,Northgate DC,Airport Cargo,271.0,6.74,26.8,44.86,delivery
T00016,V004,D003,2026-04-18,Harbor Terminal,Downtown Drop,509.5,9.48,71.1,117.94,delivery
T00203,V028,D064,2026-04-18,Springfield Depot,Harbor Terminal,64.9,1.28,7.5,11.07,transfer
T00406,V021,D037,2026-04-18,Eastfield Park,Airport Cargo,180.4,4.03,20.9,35.29,service_run
T00642,V084,D013,2026-04-18,Westside Yard,Downtown Drop,270.6,5.36,33.4,49.15,service_run
T00905,V069,D066,2026-04-18,Springfield Depot,Eastfield Park,372.8,6.05,41.9,65.22,pickup
T00980,V068,D025,2026-04-18,Westside Yard,Northgate DC,407.0,9.42,67.3,108.62,delivery
T01095,V114,D070,2026-04-18,Harbor Terminal,Northgate DC,219.0,3.43,21.0,33.52,transfer
T01430,V055,D059,2026-04-18,Springfield Depot,Downtown Drop,33.1,0.56,3.4,4.95,service_run
T02675,V013,D016,2026-04-18,Harbor Terminal,Springfield Depot,267.0,5.58,38.1,59.26,transfer
T02874,V050,D007,2026-04-18,Westside Yard,Riverside Hub,188.8,4.56,23.2,40.33,service_run
T02958,V030,D022,2026-04-18,Downtown Drop,Springfield Depot,108.9,2.86,11.1,16.52,delivery
T03135,V110,D072,2026-04-18,Westside Yard,Downtown Drop,338.9,7.95,34.1,57.96,delivery
T04649,V060,D005,2026-04-18,Westside Yard,Harbor Terminal,146.8,2.95,14.3,20.8,transfer
T04665,V092,D044,2026-04-18,Riverside Hub,Downtown Drop,518.9,8.0,84.4,142.42,transfer
T04904,V061,D001,2026-04-18,Eastfield Park,Airport Cargo,390.8,6.94,46.2,72.18,delivery
T05154,V080,D054,2026-04-18,Springfield Depot,Eastfield Park,601.1,11.23,106.4,157.6,delivery
T00178,V019,D041,2026-04-19,Springfield Depot,Eastfield Park,578.2,11.71,52.6,78.7,transfer
T00714,V024,D079,2026-04-19,Northgate DC,Airport Cargo,530.9,8.52,89.0,152.88,delivery
T00928,V045,D076,2026-04-19,Eastfield Park,Airport Cargo,399.9,8.87,69.5,119.03,transfer
T01142,V018,D028,2026-04-19,Harbor Terminal,Springfield Depot,288.3,4.36,47.9,70.33,transfer
T02340,V040,D067,2026-04-19,Eastfield Park,Airport Cargo,229.4,5.04,28.8,42.64,delivery
T03307,V037,D035,2026-04-19,Springfield Depot,Eastfield Park,490.2,7.03,60.1,103.09,delivery
T03490,V059,D002,2026-04-19,Eastfield Park,Springfield Depot,501.2,10.65,75.9,120.23,delivery
T03493,V074,D009,2026-04-19,Northgate DC,Eastfield Park,323.7,6.16,41.5,64.31,delivery
T03798,V108,D063,2026-04-19,Harbor Terminal,Westside Yard,141.3,3.68,13.8,23.29,delivery
T03818,V044,D020,2026-04-19,Springfield Depot,Riverside Hub,438.9,7.27,42.2,64.42,transfer
T04155,V006,D006,2026-04-19,Westside Yard,Harbor Terminal,343.5,8.96,37.8,54.83,service_run
T04635,V041,D047,2026-04-19,Downtown Drop,Northgate DC,358.1,7.85,38.7,62.66,delivery
T04691,V062,D056,2026-04-19,Airport Cargo,Northgate DC,19.1,0.34,2.8,4.61,pickup
T00399,V006,D006,2026-04-20,Westside Yard,Airport Cargo,245.2,4.98,31.2,51.43,delivery
T00565,V105,D023,2026-04-20,Airport Cargo,Eastfield Park,494.1,7.89,68.4,113.5,delivery
T00901,V059,D002,2026-04-20,Downtown Drop,Harbor Terminal,204.9,2.95,34.4,55.82,service_run
T02183,V013,D016,2026-04-20,Springfield Depot,Northgate DC,510.8,11.04,64.5,105.28,delivery
T02576,V032,D062,2026-04-20,Downtown Drop,Eastfield Park,398.3,6.87,68.1,108.83,delivery
T02792,V104,D068,2026-04-20,Riverside Hub,Eastfield Park,544.2,10.81,63.9,100.64,delivery
T02895,V108,D063,2026-04-20,Riverside Hub,Northgate DC,320.8,5.82,36.6,63.37,delivery
T02921,V055,D059,2026-04-20,Airport Cargo,Springfield Depot,165.4,3.78,15.8,24.0,delivery
T03481,V004,D003,2026-04-20,Airport Cargo,Riverside Hub,262.4,5.45,29.3,49.98,delivery
T03977,V055,D059,2026-04-20,Northgate DC,Eastfield Park,237.7,4.3,40.6,65.32,delivery
T04374,V006,D006,2026-04-20,Eastfield Park,Riverside Hub,591.0,11.14,60.4,100.88,delivery
T04787,V003,D058,2026-04-20,Airport Cargo,Harbor Terminal,306.8,5.87,32.3,48.76,service_run
T04799,V101,D017,2026-04-20,Springfield Depot,Harbor Terminal,269.3,5.86,43.1,74.83,delivery
T04949,V004,D003,2026-04-20,Harbor Terminal,Northgate DC,161.6,2.89,28.5,44.42,delivery
T05092,V018,D028,2026-04-20,Airport Cargo,Westside Yard,555.8,10.83,55.4,90.7,delivery
T00140,V087,D039,2026-04-21,Eastfield Park,Northgate DC,61.0,1.24,5.7,9.79,delivery
T01521,V038,D011,2026-04-21,Northgate DC,Harbor Terminal,530.8,10.49,76.1,123.9,delivery
T01525,V038,D011,2026-04-21,Northgate DC,Airport Cargo,250.4,3.67,23.1,35.03,service_run
T01526,V045,D076,2026-04-21,Westside Yard,Springfield Depot,335.5,7.43,34.2,59.76,transfer
T01593,V024,D079,2026-04-21,Airport Cargo,Harbor Terminal,441.1,11.21,54.8,86.91,delivery
T01656,V108,D063,2026-04-21,Downtown Drop,Eastfield Park,152.9,2.46,20.7,30.31,transfer
T02718,V052,D065,2026-04-21,Westside Yard,Eastfield Park,162.7,2.76,14.9,23.24,delivery
T02736,V065,D080,2026-04-21,Springfield Depot,Downtown Drop,545.5,9.66,54.9,84.61,service_run
T02952,V012,D057,2026-04-21,Springfield Depot,Westside Yard,194.0,3.46,17.7,30.54,delivery
T02990,V092,D044,2026-04-21,Riverside Hub,Airport Cargo,241.3,3.84,37.8,55.11,delivery
T03165,V084,D013,2026-04-21,Harbor Terminal,Eastfield Park,245.0,4.12,44.1,75.82,service_run
T03388,V019,D041,2026-04-21,Springfield Depot,Airport Cargo,608.7,11.59,74.7,129.35,pickup
T03716,V065,D080,2026-04-21,Northgate DC,Westside Yard,331.5,7.01,45.7,68.37,pickup
T03717,V024,D079,2026-04-21,Eastfield Park,Northgate DC,60.3,1.23,9.2,15.29,transfer
T03736,V074,D009,2026-04-21,Eastfield Park,Riverside Hub,170.6,3.27,22.2,35.36,delivery
T04511,V110,D072,2026-04-21,Eastfield Park,Northgate DC,232.3,4.15,25.8,43.13,delivery
T05022,V109,D051,2026-04-21,Downtown Drop,Westside Yard,110.0,1.61,16.6,24.46,delivery
T00040,V045,D076,2026-04-22,Harbor Terminal,Riverside Hub,203.8,5.08,33.6,49.18,delivery
T01189,V109,D051,2026-04-22,Westside Yard,Springfield Depot,550.8,12.61,50.4,82.52,service_run
T01393,V060,D005,2026-04-22,Downtown Drop,Harbor Terminal,97.4,2.06,9.0,13.72,delivery
T01667,V095,D034,2026-04-22,Harbor Terminal,Westside Yard,613.3,8.94,87.2,133.28,pickup
T02116,V068,D025,2026-04-22,Airport Cargo,Northgate DC,531.4,11.29,91.2,154.02,service_run
T02355,V027,D049,2026-04-22,Harbor Terminal,Westside Yard,464.5,11.43,53.7,87.97,delivery
T02456,V065,D080,2026-04-22,Harbor Terminal,Westside Yard,568.6,9.09,57.9,93.42,delivery
T02634,V084,D013,2026-04-22,Northgate DC,Airport Cargo,219.8,4.25,21.9,32.27,pickup
T02928,V048,D036,2026-04-22,Airport Cargo,Westside Yard,561.6,9.35,75.7,123.65,delivery
T03023,V063,D010,2026-04-22,Eastfield Park,Airport Cargo,413.0,6.59,47.2,78.66,transfer
T03215,V068,D025,2026-04-22,Eastfield Park,Airport Cargo,553.6,14.12,63.9,97.64,transfer
T03277,V094,D078,2026-04-22,Springfield Depot,Riverside Hub,497.7,10.24,50.9,79.85,pickup
T03519,V006,D006,2026-04-22,Eastfield Park,Airport Cargo,577.1,8.97,58.2,99.25,delivery
T03855,V055,D059,2026-04-22,Westside Yard,Downtown Drop,367.4,6.4,63.0,95.78,pickup
T04218,V059,D002,2026-04-22,Northgate DC,Harbor Terminal,427.7,6.39,51.8,81.54,transfer
T04515,V062,D056,2026-04-22,Eastfield Park,Westside Yard,425.9,7.27,50.8,77.96,service_run
T05046,V059,D002,2026-04-22,Harbor Terminal,Westside Yard,84.3,1.28,12.8,21.55,transfer
T05088,V027,D049,2026-04-22,Northgate DC,Harbor Terminal,176.0,4.33,24.0,39.72,transfer
T00086,V026,D021,2026-04-23,Airport Cargo,Springfield Depot,284.6,4.76,27.2,42.06,delivery
T00135,V070,D026,2026-04-23,Airport Cargo,Eastfield Park,597.8,8.82,85.1,138.07,delivery
T00865,V007,D004,2026-04-23,Riverside Hub,Harbor Terminal,608.5,11.41,56.7,84.42,service_run
T00925,V026,D021,2026-04-23,Eastfield Park,Downtown Drop,436.7,6.85,46.6,74.41,pickup
T01011,V063,D010,2026-04-23,Eastfield Park,Riverside Hub,512.7,9.32,80.9,121.43,pickup
T01722,V039,D045,2026-04-23,Harbor Terminal,Airport Cargo,599.8,10.29,65.9,107.77,delivery
T01804,V032,D062,2026-04-23,Northgate DC,Westside Yard,353.9,5.52,38.5,67.27,service_run
T01826,V082,D055,2026-04-23,Harbor Terminal,Downtown Drop,273.1,5.62,24.9,36.28,delivery
T01920,V024,D079,2026-04-23,Springfield Depot,Riverside Hub,266.7,3.94,26.0,41.19,delivery
T01935,V048,D036,2026-04-23,Westside Yard,Harbor Terminal,351.2,7.26,37.3,56.11,service_run
T02119,V006,D006,2026-04-23,Airport Cargo,Springfield Depot,356.4,8.48,37.2,64.72,delivery
T02229,V037,D035,2026-04-23,Airport Cargo,Northgate DC,62.5,1.59,8.4,14.23,transfer
T02263,V010,D040,2026-04-23,Westside Yard,Riverside Hub,333.6,7.63,38.6,59.47,delivery
T02763,V081,D042,2026-04-23,Airport Cargo,Springfield Depot,272.5,6.11,25.0,41.19,delivery
T03442,V077,D029,2026-04-23,Airport Cargo,Northgate DC,489.2,7.46,55.5,88.94,delivery
T03615,V012,D057,2026-04-23,Westside Yard,Downtown Drop,232.2,5.16,25.6,39.57,delivery
T03794,V105,D023,2026-04-23,Airport Cargo,Riverside Hub,454.0,6.83,70.8,113.15,delivery
T03904,V012,D057,2026-04-23,Harbor Terminal,Westside Yard,113.0,2.54,12.6,20.43,delivery
T03905,V039,D045,2026-04-23,Downtown Drop,Northgate DC,507.3,12.0,53.3,77.35,delivery
T04656,V006,D006,2026-04-23,Westside Yard,Northgate DC,196.0,3.28,33.3,49.25,delivery
T05033,V050,D007,2026-04-23,Airport Cargo,Riverside Hub,180.4,2.87,30.2,48.86,delivery
T05145,V110,D072,2026-04-23,Springfield Depot,Northgate DC,537.9,9.17,64.4,102.26,delivery
T00026,V081,D042,2026-04-24,Harbor Terminal,Westside Yard,292.7,5.35,43.7,71.54,transfer
T00444,V027,D049,2026-04-24,Northgate DC,Downtown Drop,71.6,1.65,7.0,11.22,delivery
T00610,V050,D007,2026-04-24,Westside Yard,Eastfield Park,323.3,8.11,39.5,61.84,pickup
T00628,V018,D028,2026-04-24,Eastfield Park,Westside Yard,273.9,4.19,25.8,44.42,service_run
T00922,V047,D050,2026-04-24,Northgate DC,Eastfield Park,308.0,4.75,33.8,57.88,service_run
T00961,V098,D018,2026-04-24,Eastfield Park,Downtown Drop,122.7,2.06,12.0,20.02,delivery
T01132,V046,D071,2026-04-24,Airport Cargo,Eastfield Park,449.1,9.63,49.6,84.37,pickup
T01874,V113,D053,2026-04-24,Westside Yard,Riverside Hub,58.2,0.92,6.0,9.51,delivery
T02257,V082,D055,2026-04-24,Harbor Terminal,Downtown Drop,395.7,6.08,47.0,78.9,pickup
T02523,V013,D016,2026-04-24,Northgate DC,Harbor Terminal,270.3,5.42,34.1,53.18,delivery
T02543,V087,D039,2026-04-24,Harbor Terminal,Downtown Drop,354.1,6.68,37.5,58.16,pickup
T02560,V007,D004,2026-04-24,Airport Cargo,Springfield Depot,426.9,6.51,39.9,63.03,delivery
T02599,V070,D026,2026-04-24,Harbor Terminal,Westside Yard,192.0,3.09,17.9,31.2,transfer
T02790,V032,D062,2026-04-24,Northgate DC,Downtown Drop,262.3,4.85,27.4,45.8,delivery
T02948,V029,D060,2026-04-24,Downtown Drop,Northgate DC,335.2,5.38,31.1,47.09,pickup
T03019,V063,D010,2026-04-24,Springfield Depot,Downtown Drop,374.3,6.4,41.0,64.23,delivery
T03954,V027,D049,2026-04-24,Westside Yard,Springfield Depot,579.7,12.85,67.6,114.75,delivery
T04064,V003,D058,2026-04-24,Springfield Depot,Northgate DC,417.7,6.07,38.3,57.33,delivery
T04593,V043,D073,2026-04-24,Downtown Drop,Northgate DC,497.6,7.3,61.0,91.48,delivery
T04666,V007,D004,2026-04-24,Springfield Depot,Downtown Drop,127.3,1.94,12.5,18.86,pickup
T04891,V114,D070,2026-04-24,Harbor Terminal,Northgate DC,97.4,1.85,14.0,21.5,delivery
T04894,V077,D029,2026-04-24,Northgate DC,Harbor Terminal,212.0,3.87,30.1,44.58,delivery
T05084,V080,D054,2026-04-24,Downtown Drop,Springfield Depot,583.8,11.25,71.2,124.34,delivery
T00492,V046,D071,2026-04-25,Northgate DC,Westside Yard,196.0,3.91,21.4,35.76,delivery
T01122,V109,D051,2026-04-25,Westside Yard,Downtown Drop,218.9,5.08,27.7,41.57,delivery
T01262,V045,D076,2026-04-25,Riverside Hub,Eastfield Park,468.6,8.01,50.5,80.1,service_run
T01377,V108,D063,2026-04-25,Downtown Drop,Springfield Depot,33.0,0.52,3.2,5.38,pickup
T01640,V008,D046,2026-04-25,Downtown Drop,Westside Yard,83.6,1.36,10.3,15.64,transfer
T02572,V084,D013,2026-04-25,Eastfield Park,Springfield Depot,499.9,8.51,59.2,100.79,delivery
T02706,V104,D068,2026-04-25,Springfield Depot,Riverside Hub,332.1,6.59,34.3,54.0,delivery
T02946,V008,D046,2026-04-25,Downtown Drop,Riverside Hub,419.6,6.0,42.5,64.8,delivery
T03304,V063,D010,2026-04-25,Riverside Hub,Westside Yard,348.5,6.22,45.0,73.87,delivery
T03528,V038,D011,2026-04-25,Riverside Hub,Harbor Terminal,102.5,2.31,18.0,29.86,delivery
T04151,V040,D067,2026-04-25,Downtown Drop,Northgate DC,500.7,9.36,56.9,85.18,transfer
T04165,V117,D027,2026-04-25,Westside Yard,Eastfield Park,332.0,5.04,33.4,52.97,delivery
T04182,V018,D028,2026-04-25,Eastfield Park,Airport Cargo,272.3,5.65,44.2,71.83,service_run
T04347,V101,D017,2026-04-25,Harbor Terminal,Eastfield Park,118.1,2.09,15.3,22.84,delivery
T04363,V030,D022,2026-04-25,Eastfield Park,Springfield Depot,82.5,1.6,13.6,23.17,transfer
T04914,V046,D071,2026-04-25,Northgate DC,Westside Yard,532.0,12.0,88.3,138.14,transfer
T04999,V007,D004,2026-04-25,Downtown Drop,Northgate DC,610.0,12.72,56.5,83.24,transfer
T00379,V070,D026,2026-04-26,Airport Cargo,Harbor Terminal,112.1,1.99,13.6,20.12,transfer
T00723,V082,D055,2026-04-26,Downtown Drop,Harbor Terminal,208.2,3.28,26.6,41.23,service_run
T00765,V092,D044,2026-04-26,Westside Yard,Springfield Depot,228.1,3.37,26.9,42.71,delivery
T00859,V113,D053,2026-04-26,Northgate DC,Downtown Drop,230.7,5.75,22.1,34.88,pickup
T00899,V018,D028,2026-04-26,Westside Yard,Eastfield Park,354.1,6.62,59.8,90.84,pickup
T01014,V037,D035,2026-04-26,Springfield Depot,Downtown Drop,356.8,5.16,45.8,74.06,pickup
T01216,V012,D057,2026-04-26,Westside Yard,Eastfield Park,596.7,11.2,101.7,156.29,delivery
T01522,V029,D060,2026-04-26,Northgate DC,Westside Yard,515.0,11.22,58.1,100.83,service_run
T01715,V068,D025,2026-04-26,Northgate DC,Riverside Hub,63.4,1.13,5.9,9.85,delivery
T02203,V027,D049,2026-04-26,Eastfield Park,Riverside Hub,543.9,9.97,63.0,96.57,service_run
T02585,V046,D071,2026-04-26,Northgate DC,Downtown Drop,411.2,8.01,38.4,61.38,pickup
T02653,V077,D029,2026-04-26,Downtown Drop,Springfield Depot,286.4,5.57,44.2,68.14,pickup
T03031,V095,D034,2026-04-26,Westside Yard,Riverside Hub,476.3,10.85,67.1,106.8,delivery
T03034,V065,D080,2026-04-26,Springfield Depot,Eastfield Park,215.9,3.15,23.3,39.97,delivery
T03524,V038,D011,2026-04-26,Riverside Hub,Airport Cargo,42.2,0.8,5.1,7.8,service_run
T03592,V046,D071,2026-04-26,Eastfield Park,Westside Yard,586.4,9.8,81.6,136.66,delivery
T03708,V008,D046,2026-04-26,Westside Yard,Downtown Drop,91.1,1.56,11.0,17.88,delivery
T03909,V043,D073,2026-04-26,Harbor Terminal,Riverside Hub,311.7,4.99,41.3,66.34,delivery
T04277,V010,D040,2026-04-26,Airport Cargo,Northgate DC,302.7,7.92,30.3,45.05,delivery
T04890,V069,D066,2026-04-26,Westside Yard,Downtown Drop,173.0,3.76,19.2,29.49,transfer
T05054,V013,D016,2026-04-26,Harbor Terminal,Westside Yard,480.4,6.95,57.6,96.97,delivery
T05191,V026,D021,2026-04-26,Downtown Drop,Airport Cargo,519.1,9.49,59.9,93.73,transfer
T00251,V068,D025,2026-04-27,Springfield Depot,Northgate DC,55.1,0.79,8.7,14.25,delivery
T00458,V050,D007,2026-04-27,Springfield Depot,Eastfield Park,169.2,2.74,28.4,45.12,delivery
T00759,V098,D018,2026-04-27,Springfield Depot,Harbor Terminal,567.1,8.99,65.7,107.03,delivery
T00916,V026,D021,2026-04-27,Airport Cargo,Westside Yard,501.2,12.41,52.2,78.14,delivery
T00959,V107,D015,2026-04-27,Riverside Hub,Harbor Terminal,203.6,3.13,24.3,42.2,service_run
T01074,V044,D020,2026-04-27,Eastfield Park,Springfield Depot,31.5,0.49,3.1,4.84,pickup
T01800,V021,D037,2026-04-27,Airport Cargo,Harbor Terminal,405.1,6.79,37.7,61.81,delivery
T01868,V050,D007,2026-04-27,Riverside Hub,Airport Cargo,122.8,2.98,16.9,25.39,pickup
T01896,V002,D074,2026-04-27,Downtown Drop,Eastfield Park,349.7,5.47,54.7,82.12,transfer
T02584,V094,D078,2026-04-27,Harbor Terminal,Eastfield Park,576.1,12.99,69.2,106.5,service_run
T02593,V026,D021,2026-04-27,Springfield Depot,Northgate DC,38.3,0.55,6.1,8.89,delivery
T03512,V060,D005,2026-04-27,Westside Yard,Harbor Terminal,516.0,11.6,47.4,80.69,pickup
T03720,V043,D073,2026-04-27,Downtown Drop,Westside Yard,444.9,9.67,46.4,73.74,transfer
T04046,V030,D022,2026-04-27,Downtown Drop,Westside Yard,406.8,6.38,46.5,73.84,transfer
T00262,V102,D038,2026-04-28,Riverside Hub,Downtown Drop,204.0,3.27,20.4,33.05,delivery
T00443,V101,D017,2026-04-28,Eastfield Park,Airport Cargo,613.2,14.74,71.4,118.95,delivery
T01038,V041,D047,2026-04-28,Springfield Depot,Downtown Drop,316.8,5.12,36.7,62.23,transfer
T01130,V063,D010,2026-04-28,Westside Yard,Downtown Drop,61.6,0.96,6.6,10.96,transfer
T01375,V018,D028,2026-04-28,Downtown Drop,Eastfield Park,492.3,11.17,66.1,114.58,service_run
T01468,V069,D066,2026-04-28,Northgate DC,Airport Cargo,46.5,0.83,5.9,9.41,pickup
T01784,V110,D072,2026-04-28,Riverside Hub,Springfield Depot,571.5,11.48,91.0,146.94,delivery
T01789,V008,D046,2026-04-28,Riverside Hub,Springfield Depot,508.3,7.51,51.0,79.57,service_run
T01939,V044,D020,2026-04-28,Harbor Terminal,Springfield Depot,482.3,7.46,67.6,115.14,delivery
T02304,V012,D057,2026-04-28,Harbor Terminal,Northgate DC,58.1,1.4,7.6,11.42,delivery
T02370,V068,D025,2026-04-28,Northgate DC,Airport Cargo,367.5,6.13,57.7,90.17,delivery
T02521,V101,D017,2026-04-28,Airport Cargo,Westside Yard,365.4,8.23,38.8,61.08,pickup
T02791,V018,D028,2026-04-28,Airport Cargo,Harbor Terminal,601.8,13.12,63.5,92.45,pickup
T04002,V014,D031,2026-04-28,Westside Yard,Riverside Hub,490.6,11.81,75.5,119.45,pickup
T04372,V053,D019,2026-04-28,Eastfield Park,Airport Cargo,218.7,3.21,29.7,51.44,service_run
T04791,V102,D038,2026-04-28,Springfield Depot,Downtown Drop,329.8,5.83,32.9,56.3,service_run
T04984,V032,D062,2026-04-28,Westside Yard,Downtown Drop,175.1,4.44,26.7,41.96,delivery
T05097,V065,D080,2026-04-28,Downtown Drop,Harbor Terminal,608.9,9.91,100.9,151.24,delivery
T00077,V007,D004,2026-04-29,Airport Cargo,Westside Yard,507.5,8.64,83.7,131.13,transfer
T00180,V081,D042,2026-04-29,Springfield Depot,Airport Cargo,453.3,7.48,65.9,106.61,transfer
T00275,V002,D074,2026-04-29,Springfield Depot,Riverside Hub,81.4,1.57,11.5,18.71,service_run
T00308,V024,D079,2026-04-29,Eastfield Park,Westside Yard,309.3,7.02,29.8,43.53,delivery
T00777,V104,D068,2026-04-29,Airport Cargo,Northgate DC,127.9,2.89,14.1,24.0,service_run
T00835,V113,D053,2026-04-29,Downtown Drop,Airport Cargo,298.4,5.66,38.0,65.5,delivery
T00848,V035,D069,2026-04-29,Airport Cargo,Northgate DC,317.9,4.75,31.1,49.99,transfer
T01728,V038,D011,2026-04-29,Westside Yard,Eastfield Park,224.4,4.0,23.3,34.81,delivery
T02302,V065,D080,2026-04-29,Northgate DC,Eastfield Park,552.5,10.42,74.3,113.86,delivery
T02342,V007,D004,2026-04-29,Eastfield Park,Harbor Terminal,91.8,1.6,15.3,26.21,delivery
T03024,V041,D047,2026-04-29,Westside Yard,Downtown Drop,605.9,12.35,59.5,96.35,service_run
T03044,V027,D049,2026-04-29,Downtown Drop,Harbor Terminal,18.7,0.33,1.9,3.16,delivery
T03263,V012,D057,2026-04-29,Downtown Drop,Westside Yard,523.5,7.75,50.6,79.57,delivery
T03876,V041,D047,2026-04-29,Riverside Hub,Springfield Depot,481.8,11.34,50.9,83.34,transfer
T03947,V038,D011,2026-04-29,Springfield Depot,Riverside Hub,396.3,6.37,65.3,106.46,service_run
T04138,V010,D040,2026-04-29,Springfield Depot,Airport Cargo,425.7,7.83,55.7,95.3,service_run
T04310,V077,D029,2026-04-29,Eastfield Park,Airport Cargo,431.9,7.52,45.2,78.66,transfer
T05095,V006,D006,2026-04-29,Westside Yard,Airport Cargo,148.4,2.4,15.0,25.92,service_run
T00051,V060,D005,2026-04-30,Riverside Hub,Springfield Depot,500.0,7.66,69.3,118.99,delivery
T00194,V050,D007,2026-04-30,Downtown Drop,Springfield Depot,596.8,9.74,75.0,130.87,transfer
T00277,V082,D055,2026-04-30,Northgate DC,Riverside Hub,523.2,13.64,82.4,135.51,delivery
T00561,V014,D031,2026-04-30,Airport Cargo,Westside Yard,38.2,0.79,5.8,8.94,service_run
T00624,V047,D050,2026-04-30,Springfield Depot,Northgate DC,417.4,6.33,55.1,93.22,delivery
T00824,V098,D018,2026-04-30,Downtown Drop,Westside Yard,139.8,3.37,23.3,35.7,service_run
T01257,V092,D044,2026-04-30,Harbor Terminal,Riverside Hub,596.6,12.26,99.8,155.45,pickup
T01632,V037,D035,2026-04-30,Harbor Terminal,Airport Cargo,563.4,13.22,80.1,119.14,delivery
T02002,V039,D045,2026-04-30,Springfield Depot,Riverside Hub,102.3,2.09,11.3,17.11,transfer
T02449,V027,D049,2026-04-30,Springfield Depot,Harbor Terminal,593.7,9.53,69.4,111.54,delivery
T02960,V039,D045,2026-04-30,Springfield Depot,Downtown Drop,62.7,1.35,8.3,14.33,service_run
T02991,V046,D071,2026-04-30,Springfield Depot,Northgate DC,162.5,2.81,29.5,49.83,transfer
T03164,V013,D016,2026-04-30,Harbor Terminal,Airport Cargo,492.2,7.48,63.0,100.05,transfer
T03407,V092,D044,2026-04-30,Eastfield Park,Westside Yard,327.5,5.79,31.9,48.23,delivery
T03634,V007,D004,2026-04-30,Harbor Terminal,Northgate DC,542.0,12.53,83.8,143.25,pickup
T03642,V044,D020,2026-04-30,Harbor Terminal,Riverside Hub,171.8,3.47,17.5,26.85,service_run
T03665,V013,D016,2026-04-30,Riverside Hub,Springfield Depot,561.1,11.36,69.1,100.28,transfer
T03817,V047,D050,2026-04-30,Eastfield Park,Riverside Hub,443.8,7.68,53.8,92.16,delivery
T03980,V081,D042,2026-04-30,Downtown Drop,Westside Yard,283.0,6.67,36.1,54.45,service_run
T04255,V062,D056,2026-04-30,Springfield Depot,Eastfield Park,378.1,7.1,47.3,77.51,transfer
T04537,V021,D037,2026-04-30,Airport Cargo,Riverside Hub,403.9,10.03,42.3,69.55,transfer
T05007,V101,D017,2026-04-30,Westside Yard,Downtown Drop,548.9,12.33,67.8,114.47,delivery
T00726,V004,D003,2026-05-01,Riverside Hub,Springfield Depot,352.8,5.25,32.8,51.11,delivery
T00780,V110,D072,2026-05-01,Riverside Hub,Airport Cargo,567.2,8.94,85.4,134.43,pickup
T00991,V080,D054,2026-05-01,Downtown Drop,Springfield Depot,220.6,3.76,22.0,32.81,delivery
T01343,V113,D053,2026-05-01,Westside Yard,Northgate DC,264.7,6.52,34.4,51.56,pickup
T01938,V010,D040,2026-05-01,Eastfield Park,Airport Cargo,201.7,4.22,33.6,53.47,delivery
T03002,V032,D062,2026-05-01,Springfield Depot,Northgate DC,209.9,5.41,23.8,41.11,pickup
T03113,V110,D072,2026-05-01,Westside Yard,Springfield Depot,32.0,0.75,4.9,8.08,transfer
T03316,V110,D072,2026-05-01,Northgate DC,Westside Yard,330.9,6.32,44.6,71.91,pickup
T03340,V024,D079,2026-05-01,Northgate DC,Springfield Depot,593.3,10.22,102.1,175.86,delivery
T03935,V081,D042,2026-05-01,Riverside Hub,Harbor Terminal,269.4,4.63,48.9,70.94,pickup
T04068,V102,D038,2026-05-01,Eastfield Park,Harbor Terminal,60.7,1.32,7.0,10.85,delivery
T04106,V050,D007,2026-05-01,Northgate DC,Springfield Depot,284.8,4.82,38.7,62.17,delivery
T04148,V080,D054,2026-05-01,Westside Yard,Harbor Terminal,549.2,10.23,59.1,86.15,pickup
T04226,V028,D064,2026-05-01,Westside Yard,Springfield Depot,482.5,9.69,47.0,80.88,transfer
T04265,V026,D021,2026-05-01,Springfield Depot,Eastfield Park,32.4,0.5,5.5,9.22,delivery
T04295,V032,D062,2026-05-01,Eastfield Park,Downtown Drop,521.2,7.94,88.0,128.89,delivery
T04354,V035,D069,2026-05-01,Downtown Drop,Harbor Terminal,200.9,4.36,26.6,40.9,pickup
T04472,V105,D023,2026-05-01,Downtown Drop,Riverside Hub,75.1,1.82,8.1,13.11,service_run
T04522,V019,D041,2026-05-01,Harbor Terminal,Riverside Hub,479.0,10.31,47.6,83.13,pickup
T04555,V084,D013,2026-05-01,Northgate DC,Harbor Terminal,466.4,7.96,45.0,71.73,delivery
T04591,V107,D015,2026-05-01,Eastfield Park,Riverside Hub,23.4,0.56,2.4,3.71,delivery
T04729,V068,D025,2026-05-01,Downtown Drop,Harbor Terminal,174.0,3.95,17.7,29.78,delivery
T00148,V080,D054,2026-05-02,Northgate DC,Harbor Terminal,531.9,12.61,75.6,122.68,delivery
T00264,V052,D065,2026-05-02,Westside Yard,Downtown Drop,252.2,3.85,27.0,41.78,pickup
T01083,V039,D045,2026-05-02,Northgate DC,Springfield Depot,546.8,10.14,89.6,138.15,service_run
T01223,V030,D022,2026-05-02,Airport Cargo,Riverside Hub,527.9,9.06,90.6,140.26,transfer
T02060,V068,D025,2026-05-02,Riverside Hub,Eastfield Park,572.4,8.34,63.9,99.19,delivery
T02391,V038,D011,2026-05-02,Riverside Hub,Downtown Drop,124.8,2.78,16.5,25.13,transfer
T02539,V081,D042,2026-05-02,Airport Cargo,Westside Yard,133.7,3.05,16.7,28.41,transfer
T02580,V102,D038,2026-05-02,Harbor Terminal,Springfield Depot,159.7,2.65,14.9,23.07,service_run
T02637,V080,D054,2026-05-02,Airport Cargo,Harbor Terminal,314.1,4.83,39.1,62.85,service_run
T03048,V041,D047,2026-05-02,Riverside Hub,Northgate DC,43.3,0.69,7.1,12.04,delivery
T03082,V006,D006,2026-05-02,Westside Yard,Riverside Hub,248.7,4.18,35.2,60.93,delivery
T03419,V087,D039,2026-05-02,Downtown Drop,Northgate DC,87.1,2.22,15.4,22.5,pickup
T03503,V084,D013,2026-05-02,Downtown Drop,Riverside Hub,452.7,7.25,67.2,97.57,pickup
T03878,V043,D073,2026-05-02,Harbor Terminal,Westside Yard,425.6,7.79,39.0,60.49,delivery
T04027,V062,D056,2026-05-02,Westside Yard,Harbor Terminal,512.8,9.61,67.1,106.37,transfer
T04171,V065,D080,2026-05-02,Riverside Hub,Harbor Terminal,187.1,4.14,25.7,39.6,delivery
T04185,V002,D074,2026-05-02,Eastfield Park,Riverside Hub,133.5,2.57,17.4,26.36,transfer
T04211,V021,D037,2026-05-02,Westside Yard,Northgate DC,48.1,0.71,6.3,9.86,delivery
T04723,V077,D029,2026-05-02,Downtown Drop,Riverside Hub,208.2,3.57,29.1,47.04,delivery
T05193,V109,D051,2026-05-02,Downtown Drop,Westside Yard,23.2,0.36,3.5,5.37,delivery
T00043,V027,D049,2026-05-03,Downtown Drop,Westside Yard,445.2,9.64,45.2,72.79,delivery
T00126,V095,D034,2026-05-03,Downtown Drop,Eastfield Park,385.2,8.65,35.2,56.87,transfer
T00197,V052,D065,2026-05-03,Harbor Terminal,Downtown Drop,553.2,11.62,80.5,130.5,transfer
T01419,V043,D073,2026-05-03,Harbor Terminal,Downtown Drop,394.4,6.58,38.1,57.0,delivery
T01464,V008,D046,2026-05-03,Westside Yard,Riverside Hub,396.4,7.37,40.5,63.53,pickup
T02494,V109,D051,2026-05-03,Downtown Drop,Harbor Terminal,421.9,7.96,58.4,91.88,transfer
T03603,V069,D066,2026-05-03,Harbor Terminal,Riverside Hub,217.0,5.49,22.6,35.97,delivery
T03635,V048,D036,2026-05-03,Northgate DC,Eastfield Park,508.9,8.1,59.3,88.12,pickup
T04238,V117,D027,2026-05-03,Westside Yard,Northgate DC,592.8,9.44,100.5,165.87,delivery
T04257,V077,D029,2026-05-03,Westside Yard,Harbor Terminal,407.2,8.89,57.8,92.36,delivery
T04323,V062,D056,2026-05-03,Eastfield Park,Springfield Depot,204.5,5.31,36.1,62.24,delivery
T04722,V107,D015,2026-05-03,Springfield Depot,Eastfield Park,370.8,5.58,57.1,89.71,pickup
T04918,V053,D019,2026-05-03,Northgate DC,Airport Cargo,411.9,8.3,39.2,64.3,delivery
T00626,V048,D036,2026-05-04,Eastfield Park,Harbor Terminal,288.4,5.63,31.1,46.85,service_run
T00845,V110,D072,2026-05-04,Riverside Hub,Airport Cargo,419.0,8.16,54.8,86.44,delivery
T01227,V018,D028,2026-05-04,Northgate DC,Airport Cargo,296.3,5.11,28.2,45.59,transfer
T01238,V018,D028,2026-05-04,Downtown Drop,Riverside Hub,323.0,7.53,32.1,46.62,service_run
T01398,V027,D049,2026-05-04,Harbor Terminal,Airport Cargo,211.7,3.57,27.3,46.61,delivery
T01519,V047,D050,2026-05-04,Springfield Depot,Westside Yard,46.4,0.7,6.6,10.28,pickup
T01659,V062,D056,2026-05-04,Northgate DC,Downtown Drop,187.6,4.23,23.2,39.77,delivery
T01692,V002,D074,2026-05-04,Eastfield Park,Northgate DC,580.4,11.91,54.4,84.01,delivery
T01908,V081,D042,2026-05-04,Downtown Drop,Eastfield Park,436.0,10.03,43.5,74.43,transfer
T01937,V109,D051,2026-05-04,Springfield Depot,Northgate DC,387.0,5.75,48.6,78.18,service_run
T02352,V068,D025,2026-05-04,Northgate DC,Downtown Drop,572.7,12.65,62.7,94.21,delivery
T03262,V108,D063,2026-05-04,Airport Cargo,Eastfield Park,88.9,1.43,12.0,19.47,delivery
T03965,V007,D004,2026-05-04,Springfield Depot,Harbor Terminal,51.5,0.93,6.6,10.57,delivery
T04037,V068,D025,2026-05-04,Springfield Depot,Westside Yard,131.9,2.08,14.0,21.2,pickup
T04219,V059,D002,2026-05-04,Riverside Hub,Downtown Drop,170.5,3.79,18.7,31.21,pickup
T04389,V012,D057,2026-05-04,Downtown Drop,Westside Yard,379.7,7.32,49.9,81.03,delivery
T00288,V102,D038,2026-05-05,Airport Cargo,Eastfield Park,503.7,11.5,72.6,116.76,delivery
T01013,V043,D073,2026-05-05,Eastfield Park,Westside Yard,198.9,3.76,20.7,30.98,transfer
T01032,V045,D076,2026-05-05,Harbor Terminal,Westside Yard,355.9,8.26,37.8,62.0,pickup
T01289,V008,D046,2026-05-05,Westside Yard,Northgate DC,182.8,2.82,25.9,42.26,delivery
T01345,V068,D025,2026-05-05,Eastfield Park,Airport Cargo,86.5,1.52,12.7,19.96,delivery
T01588,V013,D016,2026-05-05,Westside Yard,Northgate DC,282.9,6.0,30.7,52.28,delivery
T01682,V002,D074,2026-05-05,Westside Yard,Eastfield Park,509.5,8.97,72.4,114.48,delivery
T01952,V104,D068,2026-05-05,Westside Yard,Downtown Drop,280.0,4.46,32.6,52.06,service_run
T02098,V105,D023,2026-05-05,Riverside Hub,Airport Cargo,409.0,9.88,49.9,74.82,delivery
T02398,V035,D069,2026-05-05,Springfield Depot,Harbor Terminal,491.5,7.3,47.7,75.12,delivery
T02999,V040,D067,2026-05-05,Downtown Drop,Riverside Hub,468.8,7.3,61.2,98.56,transfer
T04341,V018,D028,2026-05-05,Downtown Drop,Airport Cargo,573.6,9.03,62.6,96.04,transfer
T04588,V077,D029,2026-05-05,Harbor Terminal,Eastfield Park,174.7,2.76,18.7,27.63,transfer
T04903,V004,D003,2026-05-05,Harbor Terminal,Springfield Depot,207.7,4.89,20.5,33.59,transfer
T05075,V028,D064,2026-05-05,Riverside Hub,Northgate DC,348.9,5.48,53.5,81.05,delivery
T00661,V040,D067,2026-05-06,Northgate DC,Airport Cargo,356.0,5.54,39.3,60.71,pickup
T00695,V117,D027,2026-05-06,Downtown Drop,Springfield Depot,159.1,2.4,22.7,33.8,service_run
T01082,V060,D005,2026-05-06,Downtown Drop,Riverside Hub,388.6,8.92,38.8,62.3,delivery
T01247,V095,D034,2026-05-06,Springfield Depot,Northgate DC,61.0,0.97,7.8,13.41,delivery
T01256,V087,D039,2026-05-06,Harbor Terminal,Riverside Hub,297.8,4.65,40.2,67.36,pickup
T01328,V105,D023,2026-05-06,Downtown Drop,Springfield Depot,548.8,11.97,68.2,101.87,service_run
T01362,V069,D066,2026-05-06,Airport Cargo,Riverside Hub,219.0,5.13,36.0,59.55,service_run
T01380,V004,D003,2026-05-06,Springfield Depot,Northgate DC,407.5,6.21,52.3,77.17,delivery
T01432,V101,D017,2026-05-06,Springfield Depot,Westside Yard,49.6,1.16,5.5,8.56,pickup
T01806,V044,D020,2026-05-06,Airport Cargo,Downtown Drop,411.9,6.17,39.4,66.47,pickup
T02099,V035,D069,2026-05-06,Downtown Drop,Harbor Terminal,84.0,1.51,12.0,17.52,delivery
T02166,V116,D012,2026-05-06,Springfield Depot,Eastfield Park,509.0,11.9,53.0,84.41,service_run
T02353,V081,D042,2026-05-06,Harbor Terminal,Eastfield Park,56.7,1.23,7.7,12.16,pickup
T02659,V060,D005,2026-05-06,Airport Cargo,Northgate DC,327.1,5.43,44.6,76.76,delivery
T03127,V116,D012,2026-05-06,Harbor Terminal,Airport Cargo,499.4,8.37,48.8,83.89,transfer
T03413,V102,D038,2026-05-06,Airport Cargo,Downtown Drop,178.1,3.64,16.6,28.78,delivery
T03597,V061,D001,2026-05-06,Springfield Depot,Riverside Hub,447.7,11.15,48.5,72.55,delivery
T03877,V063,D010,2026-05-06,Northgate DC,Riverside Hub,139.3,2.32,13.9,20.94,delivery
T04497,V087,D039,2026-05-06,Springfield Depot,Harbor Terminal,315.8,4.7,35.0,52.86,service_run
T04892,V062,D056,2026-05-06,Downtown Drop,Riverside Hub,36.3,0.58,4.0,6.38,pickup
T05131,V006,D006,2026-05-06,Northgate DC,Westside Yard,218.2,5.16,20.8,33.15,pickup
T00555,V114,D070,2026-05-07,Westside Yard,Eastfield Park,316.6,6.34,39.3,65.17,service_run
T00789,V074,D009,2026-05-07,Eastfield Park,Riverside Hub,558.2,8.4,55.8,96.95,delivery
T00799,V027,D049,2026-05-07,Airport Cargo,Springfield Depot,582.3,9.04,96.0,143.2,delivery
T00893,V092,D044,2026-05-07,Springfield Depot,Riverside Hub,299.8,6.02,27.6,42.43,delivery
T01036,V116,D012,2026-05-07,Northgate DC,Downtown Drop,243.7,4.45,23.0,34.56,pickup
T01143,V012,D057,2026-05-07,Springfield Depot,Eastfield Park,72.8,1.5,13.2,20.35,transfer
T01145,V032,D062,2026-05-07,Northgate DC,Harbor Terminal,362.3,8.47,34.8,59.01,delivery
T01255,V035,D069,2026-05-07,Northgate DC,Eastfield Park,413.5,6.72,54.8,85.16,delivery
T01991,V038,D011,2026-05-07,Harbor Terminal,Downtown Drop,62.3,1.46,7.6,11.68,delivery
T02512,V044,D020,2026-05-07,Springfield Depot,Eastfield Park,45.2,1.09,5.0,7.75,pickup
T02687,V116,D012,2026-05-07,Eastfield Park,Downtown Drop,383.3,6.58,37.1,53.89,transfer
T02773,V048,D036,2026-05-07,Westside Yard,Airport Cargo,141.8,2.57,17.9,27.56,pickup
T03209,V030,D022,2026-05-07,Harbor Terminal,Northgate DC,348.0,7.23,47.3,80.93,delivery
T03699,V050,D007,2026-05-07,Riverside Hub,Harbor Terminal,519.2,12.14,65.7,110.25,service_run
T05123,V018,D028,2026-05-07,Harbor Terminal,Eastfield Park,220.4,4.46,36.7,63.95,delivery
T00597,V032,D062,2026-05-08,Eastfield Park,Westside Yard,138.7,2.1,24.3,36.21,delivery
T00646,V030,D022,2026-05-08,Northgate DC,Springfield Depot,590.0,14.36,75.2,131.02,delivery
T00751,V060,D005,2026-05-08,Riverside Hub,Eastfield Park,110.7,2.2,14.4,22.88,delivery
T00938,V107,D015,2026-05-08,Downtown Drop,Harbor Terminal,191.2,4.08,31.8,48.82,service_run
T01015,V047,D050,2026-05-08,Riverside Hub,Springfield Depot,572.3,11.3,91.9,139.08,delivery
T01059,V055,D059,2026-05-08,Westside Yard,Northgate DC,50.9,0.92,8.8,13.92,delivery
T01275,V038,D011,2026-05-08,Westside Yard,Downtown Drop,41.5,0.69,6.4,10.9,delivery
T01578,V059,D002,2026-05-08,Airport Cargo,Westside Yard,92.9,1.43,9.2,16.09,delivery
T01766,V061,D001,2026-05-08,Northgate DC,Airport Cargo,116.2,2.75,17.8,30.52,delivery
T01948,V050,D007,2026-05-08,Westside Yard,Springfield Depot,395.6,6.88,50.3,81.61,delivery
T02247,V065,D080,2026-05-08,Springfield Depot,Riverside Hub,573.3,9.25,76.5,112.62,transfer
T02536,V024,D079,2026-05-08,Westside Yard,Downtown Drop,235.7,4.64,26.6,44.71,pickup
T02729,V082,D055,2026-05-08,Eastfield Park,Downtown Drop,34.5,0.75,4.2,6.79,delivery
T02867,V030,D022,2026-05-08,Northgate DC,Westside Yard,149.8,2.35,18.5,31.95,delivery
T02995,V117,D027,2026-05-08,Airport Cargo,Downtown Drop,534.0,9.22,49.3,84.29,service_run
T03470,V003,D058,2026-05-08,Downtown Drop,Airport Cargo,177.3,3.45,16.5,28.86,transfer
T03890,V061,D001,2026-05-08,Airport Cargo,Eastfield Park,288.1,5.37,50.2,84.22,delivery
T04414,V068,D025,2026-05-08,Springfield Depot,Downtown Drop,105.5,2.26,13.0,19.55,pickup
T05168,V027,D049,2026-05-08,Downtown Drop,Springfield Depot,301.0,6.17,30.5,48.16,delivery
T00233,V035,D069,2026-05-09,Northgate DC,Eastfield Park,348.0,6.2,60.6,99.86,delivery
T00402,V063,D010,2026-05-09,Riverside Hub,Downtown Drop,360.1,6.71,49.5,82.03,delivery
T00604,V084,D013,2026-05-09,Downtown Drop,Eastfield Park,116.5,2.71,14.7,25.52,pickup
T00734,V116,D012,2026-05-09,Airport Cargo,Eastfield Park,606.6,10.49,98.0,148.54,delivery
T00763,V037,D035,2026-05-09,Airport Cargo,Westside Yard,145.8,2.58,21.9,31.85,delivery
T01309,V014,D031,2026-05-09,Airport Cargo,Northgate DC,116.9,2.37,15.1,23.14,service_run
T01437,V087,D039,2026-05-09,Northgate DC,Downtown Drop,355.6,7.63,52.3,79.41,delivery
T01483,V081,D042,2026-05-09,Airport Cargo,Springfield Depot,223.6,3.99,24.9,42.15,delivery
T01690,V104,D068,2026-05-09,Northgate DC,Springfield Depot,29.1,0.43,3.3,4.92,service_run
T01733,V104,D068,2026-05-09,Westside Yard,Northgate DC,474.1,12.39,46.7,69.97,delivery
T02611,V101,D017,2026-05-09,Riverside Hub,Springfield Depot,297.3,4.87,33.6,51.67,delivery
T02643,V044,D020,2026-05-09,Airport Cargo,Springfield Depot,348.5,8.96,35.6,57.4,pickup
T02691,V087,D039,2026-05-09,Eastfield Park,Harbor Terminal,327.4,5.93,41.5,67.39,pickup
T02828,V053,D019,2026-05-09,Northgate DC,Eastfield Park,568.4,9.48,60.8,93.94,delivery
T02871,V006,D006,2026-05-09,Airport Cargo,Westside Yard,357.4,5.31,32.9,51.64,delivery
T03105,V087,D039,2026-05-09,Westside Yard,Eastfield Park,199.9,4.99,24.7,39.27,transfer
T03200,V014,D031,2026-05-09,Downtown Drop,Springfield Depot,472.3,7.3,71.0,117.05,service_run
T03510,V018,D028,2026-05-09,Airport Cargo,Westside Yard,382.0,6.49,44.9,71.68,delivery
T03774,V010,D040,2026-05-09,Downtown Drop,Eastfield Park,541.4,8.78,70.5,113.22,transfer
T04015,V087,D039,2026-05-09,Airport Cargo,Eastfield Park,587.1,11.72,74.0,108.59,delivery
T04673,V035,D069,2026-05-09,Northgate DC,Westside Yard,123.9,2.33,16.0,24.0,delivery
T04779,V053,D019,2026-05-09,Harbor Terminal,Northgate DC,202.2,3.04,18.7,31.37,transfer
T04887,V108,D063,2026-05-09,Westside Yard,Northgate DC,223.3,5.26,28.0,44.87,transfer
T05028,V050,D007,2026-05-09,Springfield Depot,Harbor Terminal,608.0,14.53,55.5,84.76,transfer
T00183,V113,D053,2026-05-10,Westside Yard,Downtown Drop,458.9,7.93,44.3,68.5,delivery
T00606,V050,D007,2026-05-10,Downtown Drop,Harbor Terminal,295.5,5.15,37.0,54.45,delivery
T00930,V004,D003,2026-05-10,Westside Yard,Downtown Drop,69.6,1.11,7.4,10.87,delivery
T01075,V043,D073,2026-05-10,Airport Cargo,Riverside Hub,44.8,0.71,5.7,9.27,delivery
T01168,V084,D013,2026-05-10,Riverside Hub,Eastfield Park,107.6,2.45,15.1,22.78,service_run
T01188,V107,D015,2026-05-10,Westside Yard,Airport Cargo,303.5,5.35,31.2,46.94,delivery
T01195,V107,D015,2026-05-10,Harbor Terminal,Westside Yard,250.0,5.0,26.8,41.81,transfer
T01270,V104,D068,2026-05-10,Eastfield Park,Springfield Depot,468.2,9.69,68.6,110.84,service_run
T01307,V082,D055,2026-05-10,Airport Cargo,Westside Yard,28.9,0.54,3.0,5.06,transfer
T01617,V040,D067,2026-05-10,Downtown Drop,Springfield Depot,355.9,5.7,49.8,82.19,delivery
T01642,V012,D057,2026-05-10,Harbor Terminal,Downtown Drop,308.7,7.29,53.5,86.09,transfer
T01915,V024,D079,2026-05-10,Springfield Depot,Northgate DC,192.2,4.07,22.1,32.11,transfer
T01998,V043,D073,2026-05-10,Eastfield Park,Springfield Depot,357.7,6.07,37.3,59.63,delivery
T02187,V024,D079,2026-05-10,Northgate DC,Downtown Drop,408.5,6.93,59.3,87.64,delivery
T02489,V113,D053,2026-05-10,Eastfield Park,Downtown Drop,244.9,3.56,36.8,61.24,delivery
T02569,V110,D072,2026-05-10,Airport Cargo,Harbor Terminal,194.3,3.9,22.8,38.14,delivery
T02582,V010,D040,2026-05-10,Airport Cargo,Northgate DC,343.4,5.85,41.8,63.78,delivery
T02749,V081,D042,2026-05-10,Springfield Depot,Downtown Drop,432.5,6.51,71.9,122.59,service_run
T02864,V052,D065,2026-05-10,Downtown Drop,Springfield Depot,334.7,5.15,45.1,70.52,transfer
T03111,V101,D017,2026-05-10,Harbor Terminal,Airport Cargo,289.1,7.11,45.6,66.85,delivery
T03121,V102,D038,2026-05-10,Downtown Drop,Eastfield Park,337.8,5.02,35.2,59.88,delivery
T03508,V080,D054,2026-05-10,Eastfield Park,Northgate DC,335.2,8.56,41.9,68.35,pickup
T03705,V105,D023,2026-05-10,Downtown Drop,Harbor Terminal,251.3,4.42,35.2,53.48,delivery
T04598,V044,D020,2026-05-10,Westside Yard,Harbor Terminal,26.8,0.63,4.6,7.6,pickup
T04739,V108,D063,2026-05-10,Airport Cargo,Westside Yard,618.0,14.67,70.0,121.5,delivery
T05089,V024,D079,2026-05-10,Springfield Depot,Harbor Terminal,524.7,7.99,47.9,72.83,delivery
T00094,V101,D017,2026-05-11,Eastfield Park,Riverside Hub,254.0,4.61,27.8,41.45,pickup
T00154,V018,D028,2026-05-11,Northgate DC,Downtown Drop,386.3,8.91,48.0,81.23,delivery
T00276,V063,D010,2026-05-11,Airport Cargo,Westside Yard,260.6,5.98,33.0,49.23,transfer
T00569,V084,D013,2026-05-11,Downtown Drop,Riverside Hub,138.5,2.6,18.1,28.03,pickup
T00595,V102,D038,2026-05-11,Springfield Depot,Riverside Hub,324.2,8.38,33.8,56.71,delivery
T00605,V004,D003,2026-05-11,Harbor Terminal,Eastfield Park,273.6,4.96,45.9,74.17,delivery
T00895,V032,D062,2026-05-11,Riverside Hub,Eastfield Park,476.4,8.49,52.5,91.84,service_run
T00962,V040,D067,2026-05-11,Springfield Depot,Riverside Hub,241.4,4.63,22.7,36.5,delivery
T01140,V092,D044,2026-05-11,Westside Yard,Riverside Hub,436.3,10.62,69.7,108.49,service_run
T01553,V104,D068,2026-05-11,Riverside Hub,Airport Cargo,559.3,14.09,65.4,111.88,service_run
T01993,V021,D037,2026-05-11,Northgate DC,Harbor Terminal,145.1,2.86,17.9,29.68,delivery
T02639,V084,D013,2026-05-11,Airport Cargo,Springfield Depot,121.4,2.56,15.5,25.64,delivery
T02752,V081,D042,2026-05-11,Airport Cargo,Westside Yard,592.5,12.7,104.5,169.49,service_run
T03174,V063,D010,2026-05-11,Westside Yard,Airport Cargo,236.3,3.92,30.0,48.73,delivery
T03428,V087,D039,2026-05-11,Northgate DC,Riverside Hub,133.5,2.7,23.8,41.4,delivery
T03578,V040,D067,2026-05-11,Northgate DC,Downtown Drop,407.1,6.29,37.6,60.72,pickup
T04093,V080,D054,2026-05-11,Downtown Drop,Eastfield Park,386.0,9.07,59.6,94.62,service_run
T04681,V105,D023,2026-05-11,Eastfield Park,Riverside Hub,574.7,12.45,89.3,143.92,delivery
T05045,V108,D063,2026-05-11,Airport Cargo,Northgate DC,213.7,3.14,38.8,61.74,delivery
T05156,V074,D009,2026-05-11,Springfield Depot,Northgate DC,285.9,5.75,46.1,77.74,service_run
T00014,V052,D065,2026-05-12,Eastfield Park,Springfield Depot,411.1,9.45,47.5,74.62,transfer
T00339,V026,D021,2026-05-12,Westside Yard,Northgate DC,236.2,5.42,26.5,42.87,delivery
T00724,V048,D036,2026-05-12,Eastfield Park,Harbor Terminal,268.3,4.86,32.6,49.52,delivery
T00878,V055,D059,2026-05-12,Springfield Depot,Northgate DC,196.7,3.01,18.2,28.49,delivery
T00879,V081,D042,2026-05-12,Downtown Drop,Riverside Hub,283.6,4.8,42.1,67.77,service_run
T00995,V113,D053,2026-05-12,Downtown Drop,Airport Cargo,430.2,6.86,77.3,119.11,delivery
T00997,V095,D034,2026-05-12,Springfield Depot,Northgate DC,541.5,7.92,91.2,151.6,delivery
T01493,V107,D015,2026-05-12,Riverside Hub,Downtown Drop,573.5,9.12,52.6,76.63,transfer
T02397,V038,D011,2026-05-12,Westside Yard,Harbor Terminal,609.0,9.35,78.8,120.58,pickup
T02814,V007,D004,2026-05-12,Harbor Terminal,Eastfield Park,293.3,7.51,29.8,48.06,service_run
T02992,V039,D045,2026-05-12,Airport Cargo,Westside Yard,394.0,7.83,36.2,53.7,service_run
T03387,V021,D037,2026-05-12,Harbor Terminal,Downtown Drop,485.3,9.2,46.3,75.55,delivery
T03468,V050,D007,2026-05-12,Westside Yard,Riverside Hub,508.3,12.42,75.9,117.5,pickup
T03549,V035,D069,2026-05-12,Westside Yard,Northgate DC,128.4,2.73,12.7,22.18,delivery
T03793,V102,D038,2026-05-12,Springfield Depot,Riverside Hub,111.9,2.74,17.7,26.26,pickup
T03806,V041,D047,2026-05-12,Springfield Depot,Northgate DC,338.2,8.68,57.3,88.29,pickup
T03852,V092,D044,2026-05-12,Downtown Drop,Riverside Hub,272.4,5.51,48.8,80.66,pickup
T04202,V007,D004,2026-05-12,Airport Cargo,Northgate DC,202.7,3.9,20.6,32.02,service_run
T04888,V065,D080,2026-05-12,Downtown Drop,Eastfield Park,545.5,10.84,72.9,127.26,transfer
T00173,V048,D036,2026-05-13,Springfield Depot,Riverside Hub,481.6,9.13,60.7,102.05,transfer
T00190,V046,D071,2026-05-13,Airport Cargo,Harbor Terminal,129.6,2.23,15.4,23.16,service_run
T00358,V080,D054,2026-05-13,Westside Yard,Northgate DC,240.6,3.47,34.1,58.39,delivery
T00384,V026,D021,2026-05-13,Harbor Terminal,Westside Yard,186.6,2.7,21.2,33.56,transfer
T00717,V095,D034,2026-05-13,Airport Cargo,Westside Yard,104.2,2.07,11.4,19.55,delivery
T01212,V030,D022,2026-05-13,Northgate DC,Downtown Drop,268.9,5.59,47.7,83.33,service_run
T01678,V108,D063,2026-05-13,Harbor Terminal,Riverside Hub,88.6,1.77,10.4,17.57,delivery
T01863,V069,D066,2026-05-13,Harbor Terminal,Eastfield Park,253.5,4.14,30.1,44.98,delivery
T02193,V026,D021,2026-05-13,Eastfield Park,Airport Cargo,534.4,10.57,82.9,120.59,delivery
T02303,V010,D040,2026-05-13,Downtown Drop,Eastfield Park,331.9,6.04,45.1,67.19,service_run
T02358,V108,D063,2026-05-13,Harbor Terminal,Downtown Drop,437.9,7.82,75.2,124.7,pickup
T02484,V006,D006,2026-05-13,Downtown Drop,Riverside Hub,395.7,8.12,48.7,72.59,delivery
T02515,V087,D039,2026-05-13,Airport Cargo,Downtown Drop,555.6,11.44,75.4,121.15,service_run
T02937,V026,D021,2026-05-13,Riverside Hub,Airport Cargo,582.7,8.45,68.1,108.41,transfer
T03218,V062,D056,2026-05-13,Downtown Drop,Springfield Depot,570.0,13.95,55.7,90.92,pickup
T03271,V094,D078,2026-05-13,Downtown Drop,Northgate DC,341.9,6.86,32.8,54.51,delivery
T03552,V055,D059,2026-05-13,Westside Yard,Downtown Drop,246.7,3.65,42.2,67.17,delivery
T03894,V019,D041,2026-05-13,Westside Yard,Downtown Drop,550.6,12.61,74.2,115.28,service_run
T04087,V008,D046,2026-05-13,Westside Yard,Riverside Hub,102.2,1.61,10.8,16.08,delivery
T04231,V060,D005,2026-05-13,Eastfield Park,Downtown Drop,340.1,7.17,42.8,70.87,transfer
T04438,V040,D067,2026-05-13,Westside Yard,Riverside Hub,532.8,7.68,91.9,143.61,pickup
T04660,V059,D002,2026-05-13,Eastfield Park,Airport Cargo,183.1,3.95,23.6,38.15,delivery
T00070,V024,D079,2026-05-14,Westside Yard,Harbor Terminal,412.8,6.24,46.7,73.58,transfer
T00228,V008,D046,2026-05-14,Springfield Depot,Riverside Hub,327.3,6.92,36.5,57.28,delivery
T00421,V101,D017,2026-05-14,Harbor Terminal,Northgate DC,19.8,0.48,1.8,3.05,delivery
T00636,V040,D067,2026-05-14,Westside Yard,Downtown Drop,607.8,10.17,83.7,141.37,transfer
T00904,V117,D027,2026-05-14,Downtown Drop,Westside Yard,562.1,10.07,75.5,125.6,delivery
T01379,V104,D068,2026-05-14,Springfield Depot,Eastfield Park,209.9,4.0,27.9,40.49,delivery
T01761,V013,D016,2026-05-14,Riverside Hub,Downtown Drop,252.1,3.83,39.8,68.92,pickup
T02165,V028,D064,2026-05-14,Riverside Hub,Northgate DC,471.8,7.98,61.1,104.77,delivery
T02335,V116,D012,2026-05-14,Riverside Hub,Harbor Terminal,527.6,8.44,53.8,91.17,delivery
T02411,V037,D035,2026-05-14,Downtown Drop,Riverside Hub,524.7,7.79,73.6,110.94,delivery
T02944,V052,D065,2026-05-14,Downtown Drop,Airport Cargo,305.9,5.58,35.6,59.34,pickup
T03176,V047,D050,2026-05-14,Riverside Hub,Airport Cargo,96.1,2.31,10.2,16.36,delivery
T03334,V102,D038,2026-05-14,Downtown Drop,Riverside Hub,66.3,1.06,6.9,11.12,pickup
T03899,V047,D050,2026-05-14,Westside Yard,Harbor Terminal,166.8,2.52,18.5,28.57,service_run
T03950,V007,D004,2026-05-14,Westside Yard,Downtown Drop,518.0,12.86,51.1,77.19,delivery
T04032,V021,D037,2026-05-14,Airport Cargo,Eastfield Park,208.8,4.55,26.0,43.65,delivery
T04440,V004,D003,2026-05-14,Eastfield Park,Harbor Terminal,386.7,6.08,69.0,109.64,delivery
T04640,V060,D005,2026-05-14,Northgate DC,Springfield Depot,535.5,13.02,75.6,112.01,service_run
T05076,V080,D054,2026-05-14,Downtown Drop,Eastfield Park,501.8,9.46,48.9,78.39,service_run
T00292,V081,D042,2026-05-15,Downtown Drop,Springfield Depot,302.1,6.39,48.0,81.08,pickup
T00591,V003,D058,2026-05-15,Harbor Terminal,Westside Yard,143.7,2.48,21.4,31.31,delivery
T01399,V043,D073,2026-05-15,Airport Cargo,Eastfield Park,228.7,4.26,22.2,34.01,delivery
T01446,V060,D005,2026-05-15,Westside Yard,Downtown Drop,109.8,2.32,10.3,17.63,delivery
T01930,V108,D063,2026-05-15,Westside Yard,Northgate DC,198.7,3.48,28.0,45.65,delivery
T01951,V060,D005,2026-05-15,Harbor Terminal,Eastfield Park,182.5,2.94,17.1,29.42,service_run
T02157,V113,D053,2026-05-15,Springfield Depot,Riverside Hub,361.4,7.3,45.4,69.83,transfer
T02241,V030,D022,2026-05-15,Harbor Terminal,Eastfield Park,244.0,5.0,40.5,59.3,delivery
T02823,V032,D062,2026-05-15,Westside Yard,Riverside Hub,513.7,7.52,61.7,101.86,delivery
T02834,V043,D073,2026-05-15,Eastfield Park,Downtown Drop,21.9,0.43,4.0,6.15,pickup
T02997,V108,D063,2026-05-15,Springfield Depot,Northgate DC,281.4,5.67,49.5,81.3,pickup
T03021,V053,D019,2026-05-15,Riverside Hub,Airport Cargo,592.0,13.54,73.3,122.22,pickup
T03645,V029,D060,2026-05-15,Eastfield Park,Northgate DC,195.1,3.06,24.7,41.76,pickup
T03849,V043,D073,2026-05-15,Harbor Terminal,Westside Yard,283.4,4.88,50.7,74.13,transfer
T04299,V032,D062,2026-05-15,Airport Cargo,Westside Yard,255.9,3.87,44.3,72.28,delivery
T04579,V095,D034,2026-05-15,Eastfield Park,Westside Yard,73.1,1.71,9.0,14.7,delivery
T04865,V037,D035,2026-05-15,Eastfield Park,Westside Yard,136.1,2.31,15.6,25.5,delivery
T00304,V068,D025,2026-05-16,Eastfield Park,Airport Cargo,362.7,6.98,43.5,74.09,delivery
T00577,V061,D001,2026-05-16,Northgate DC,Airport Cargo,385.9,8.39,38.8,66.74,service_run
T00740,V063,D010,2026-05-16,Riverside Hub,Northgate DC,454.0,8.9,41.8,69.91,delivery
T01214,V004,D003,2026-05-16,Airport Cargo,Springfield Depot,300.7,5.58,43.0,64.39,transfer
T01296,V048,D036,2026-05-16,Eastfield Park,Harbor Terminal,308.0,6.3,44.1,67.32,delivery
T01523,V053,D019,2026-05-16,Airport Cargo,Harbor Terminal,517.3,7.53,77.0,132.99,delivery
T01527,V024,D079,2026-05-16,Eastfield Park,Harbor Terminal,238.4,5.14,42.3,66.24,transfer
T02028,V032,D062,2026-05-16,Riverside Hub,Airport Cargo,100.1,2.16,11.9,18.41,delivery
T02148,V028,D064,2026-05-16,Westside Yard,Springfield Depot,185.2,4.81,19.7,30.49,pickup
T02298,V053,D019,2026-05-16,Downtown Drop,Westside Yard,29.8,0.57,3.2,4.9,pickup
T02550,V004,D003,2026-05-16,Downtown Drop,Eastfield Park,416.8,10.81,69.8,103.01,delivery
T02655,V010,D040,2026-05-16,Springfield Depot,Eastfield Park,335.9,5.38,31.4,51.59,delivery
T02711,V048,D036,2026-05-16,Springfield Depot,Harbor Terminal,283.9,4.92,39.3,67.71,transfer
T02843,V030,D022,2026-05-16,Harbor Terminal,Riverside Hub,296.1,7.09,53.3,82.6,delivery
T03457,V045,D076,2026-05-16,Airport Cargo,Downtown Drop,351.4,8.74,33.9,56.07,delivery
T03554,V024,D079,2026-05-16,Harbor Terminal,Westside Yard,129.9,2.08,20.8,30.69,delivery
T03557,V098,D018,2026-05-16,Northgate DC,Harbor Terminal,232.6,4.76,23.4,40.53,delivery
T03745,V007,D004,2026-05-16,Westside Yard,Harbor Terminal,533.1,13.05,56.3,81.7,delivery
T03937,V052,D065,2026-05-16,Airport Cargo,Springfield Depot,510.3,10.09,77.2,128.75,delivery
T03976,V002,D074,2026-05-16,Harbor Terminal,Downtown Drop,127.2,2.07,18.6,32.06,delivery
T04141,V063,D010,2026-05-16,Springfield Depot,Northgate DC,281.6,5.68,34.9,56.02,transfer
T04228,V032,D062,2026-05-16,Northgate DC,Westside Yard,128.8,2.23,17.9,28.58,delivery
T04425,V105,D023,2026-05-16,Springfield Depot,Northgate DC,263.7,5.73,43.4,74.2,delivery
T04567,V087,D039,2026-05-16,Northgate DC,Airport Cargo,340.4,4.89,43.3,74.74,delivery
T04996,V008,D046,2026-05-16,Eastfield Park,Airport Cargo,251.6,6.57,32.6,54.27,delivery
T05029,V117,D027,2026-05-16,Downtown Drop,Eastfield Park,617.8,12.72,98.8,149.93,service_run
T05042,V052,D065,2026-05-16,Harbor Terminal,Downtown Drop,32.8,0.8,4.0,6.25,delivery
T00215,V109,D051,2026-05-17,Westside Yard,Northgate DC,465.4,8.02,83.1,126.38,transfer
T00521,V109,D051,2026-05-17,Riverside Hub,Harbor Terminal,340.6,8.74,34.6,58.81,service_run
T00787,V055,D059,2026-05-17,Harbor Terminal,Riverside Hub,77.3,1.22,7.8,13.54,pickup
T00850,V061,D001,2026-05-17,Eastfield Park,Airport Cargo,56.3,0.82,5.6,9.14,delivery
T01684,V003,D058,2026-05-17,Riverside Hub,Westside Yard,569.3,13.92,79.7,135.67,delivery
T01926,V008,D046,2026-05-17,Downtown Drop,Harbor Terminal,307.8,4.6,33.6,52.76,delivery
T03723,V041,D047,2026-05-17,Harbor Terminal,Riverside Hub,500.0,9.65,54.0,92.23,delivery
T03764,V062,D056,2026-05-17,Springfield Depot,Airport Cargo,558.2,8.75,65.2,107.78,service_run
T04057,V039,D045,2026-05-17,Springfield Depot,Westside Yard,565.7,9.76,83.1,145.19,delivery
T04122,V060,D005,2026-05-17,Northgate DC,Harbor Terminal,271.2,5.71,28.9,46.38,delivery
T04302,V010,D040,2026-05-17,Riverside Hub,Eastfield Park,318.9,4.64,48.3,81.94,pickup
T05006,V048,D036,2026-05-17,Springfield Depot,Riverside Hub,36.6,0.71,5.6,8.61,pickup
T00156,V053,D019,2026-05-18,Westside Yard,Eastfield Park,179.1,3.15,22.5,39.14,pickup
T00166,V098,D018,2026-05-18,Downtown Drop,Eastfield Park,166.2,3.32,17.6,26.91,pickup
T03756,V110,D072,2026-05-18,Westside Yard,Harbor Terminal,359.2,7.03,47.1,79.44,delivery
T03782,V048,D036,2026-05-18,Riverside Hub,Northgate DC,400.5,6.4,43.2,70.33,delivery
T04014,V117,D027,2026-05-18,Airport Cargo,Eastfield Park,214.4,4.52,20.2,30.98,pickup
T04119,V012,D057,2026-05-18,Eastfield Park,Northgate DC,125.2,2.21,21.0,31.13,transfer
T04245,V004,D003,2026-05-18,Riverside Hub,Springfield Depot,97.2,1.73,10.9,17.81,service_run
T04311,V045,D076,2026-05-18,Eastfield Park,Riverside Hub,193.7,3.67,19.7,30.62,delivery
T04402,V060,D005,2026-05-18,Springfield Depot,Eastfield Park,149.3,2.64,20.0,31.22,delivery
T04797,V014,D031,2026-05-18,Northgate DC,Airport Cargo,389.1,9.57,43.4,71.24,pickup
T00144,V055,D059,2026-05-19,Springfield Depot,Harbor Terminal,149.4,2.35,17.2,27.41,transfer
T00151,V010,D040,2026-05-19,Airport Cargo,Downtown Drop,74.9,1.62,11.7,19.91,delivery
T01125,V074,D009,2026-05-19,Harbor Terminal,Eastfield Park,95.5,1.7,12.5,18.43,delivery
T01648,V024,D079,2026-05-19,Westside Yard,Riverside Hub,397.7,5.88,45.1,65.52,service_run
T01779,V081,D042,2026-05-19,Riverside Hub,Downtown Drop,197.8,2.93,24.9,36.21,delivery
T01875,V039,D045,2026-05-19,Northgate DC,Harbor Terminal,273.4,4.43,30.0,47.23,delivery
T02462,V035,D069,2026-05-19,Eastfield Park,Downtown Drop,193.9,2.89,27.1,41.92,delivery
T02793,V080,D054,2026-05-19,Harbor Terminal,Westside Yard,304.0,6.0,36.6,57.97,transfer
T02981,V109,D051,2026-05-19,Springfield Depot,Eastfield Park,161.1,4.15,17.4,28.02,pickup
T03062,V114,D070,2026-05-19,Harbor Terminal,Downtown Drop,325.1,7.14,53.5,86.81,pickup
T03748,V101,D017,2026-05-19,Northgate DC,Airport Cargo,449.3,8.28,65.9,112.3,transfer
T03773,V094,D078,2026-05-19,Harbor Terminal,Eastfield Park,78.7,1.28,10.6,16.6,transfer
T04006,V050,D007,2026-05-19,Airport Cargo,Harbor Terminal,507.5,11.19,51.6,89.69,delivery
T04120,V008,D046,2026-05-19,Springfield Depot,Westside Yard,284.4,5.23,31.7,45.98,delivery
T04505,V092,D044,2026-05-19,Downtown Drop,Harbor Terminal,241.0,3.63,24.7,36.15,pickup
T04676,V102,D038,2026-05-19,Northgate DC,Harbor Terminal,328.6,5.22,32.2,50.98,service_run
T04717,V014,D031,2026-05-19,Airport Cargo,Eastfield Park,474.2,7.77,50.0,75.62,delivery
T04860,V032,D062,2026-05-19,Northgate DC,Downtown Drop,538.5,8.8,56.4,96.11,delivery
T04926,V007,D004,2026-05-19,Eastfield Park,Downtown Drop,210.5,3.33,19.8,32.94,delivery
T04930,V032,D062,2026-05-19,Airport Cargo,Riverside Hub,80.8,1.45,8.1,13.4,delivery
T00808,V041,D047,2026-05-20,Northgate DC,Westside Yard,128.7,2.69,18.3,31.31,service_run
T01028,V077,D029,2026-05-20,Eastfield Park,Airport Cargo,448.6,7.1,54.0,79.98,delivery
T01213,V032,D062,2026-05-20,Northgate DC,Riverside Hub,236.3,4.15,30.0,45.16,delivery
T01443,V030,D022,2026-05-20,Northgate DC,Harbor Terminal,389.5,6.92,54.7,90.3,service_run
T01627,V053,D019,2026-05-20,Springfield Depot,Airport Cargo,337.3,7.96,40.8,62.32,pickup
T01788,V098,D018,2026-05-20,Airport Cargo,Eastfield Park,427.6,11.22,55.3,84.81,delivery
T01917,V035,D069,2026-05-20,Downtown Drop,Airport Cargo,99.4,2.1,12.4,20.22,delivery
T02103,V018,D028,2026-05-20,Springfield Depot,Northgate DC,573.9,9.58,72.2,125.08,delivery
T02147,V055,D059,2026-05-20,Downtown Drop,Eastfield Park,82.1,1.27,8.9,14.17,pickup
T02665,V107,D015,2026-05-20,Springfield Depot,Westside Yard,330.4,5.82,34.6,57.39,delivery
T03095,V012,D057,2026-05-20,Springfield Depot,Eastfield Park,132.1,1.9,20.7,31.05,transfer
T03707,V102,D038,2026-05-20,Downtown Drop,Airport Cargo,579.0,11.39,58.0,88.48,pickup
T04065,V007,D004,2026-05-20,Harbor Terminal,Northgate DC,336.6,8.22,32.4,54.49,delivery
T04731,V098,D018,2026-05-20,Riverside Hub,Harbor Terminal,243.2,4.6,42.1,65.09,transfer
T04809,V045,D076,2026-05-20,Westside Yard,Eastfield Park,395.2,6.95,38.4,64.07,delivery
T05050,V047,D050,2026-05-20,Northgate DC,Riverside Hub,412.3,6.88,46.0,78.51,delivery
T00053,V026,D021,2026-05-21,Downtown Drop,Westside Yard,257.2,3.94,32.1,54.25,service_run
T00192,V039,D045,2026-05-21,Eastfield Park,Northgate DC,320.3,4.79,35.1,56.69,delivery
T00267,V105,D023,2026-05-21,Airport Cargo,Harbor Terminal,372.3,8.64,54.7,87.23,delivery
T00355,V006,D006,2026-05-21,Westside Yard,Springfield Depot,388.6,8.02,57.9,94.52,delivery
T00625,V104,D068,2026-05-21,Northgate DC,Springfield Depot,453.8,7.93,43.7,74.76,delivery
T01774,V104,D068,2026-05-21,Harbor Terminal,Westside Yard,370.0,5.9,35.5,61.08,service_run
T01888,V082,D055,2026-05-21,Harbor Terminal,Downtown Drop,185.5,3.0,18.0,29.32,service_run
T01978,V110,D072,2026-05-21,Springfield Depot,Harbor Terminal,172.4,3.96,17.8,28.51,delivery
T02176,V014,D031,2026-05-21,Downtown Drop,Airport Cargo,428.1,9.6,53.9,91.72,delivery
T02281,V084,D013,2026-05-21,Springfield Depot,Downtown Drop,576.8,11.06,60.6,91.64,delivery
T02577,V004,D003,2026-05-21,Northgate DC,Riverside Hub,415.2,9.61,47.2,80.49,pickup
T02636,V074,D009,2026-05-21,Downtown Drop,Eastfield Park,79.5,1.53,8.3,12.58,delivery
T02644,V046,D071,2026-05-21,Riverside Hub,Downtown Drop,456.0,9.3,49.1,85.56,service_run
T02668,V094,D078,2026-05-21,Airport Cargo,Riverside Hub,322.5,4.69,55.0,87.51,pickup
T02810,V050,D007,2026-05-21,Eastfield Park,Westside Yard,503.2,8.26,45.8,69.91,pickup
T02840,V018,D028,2026-05-21,Airport Cargo,Harbor Terminal,37.4,0.63,4.0,6.26,delivery
T02879,V065,D080,2026-05-21,Northgate DC,Harbor Terminal,598.5,9.36,56.6,91.68,pickup
T02953,V110,D072,2026-05-21,Eastfield Park,Riverside Hub,396.8,8.28,58.3,86.24,delivery
T03142,V092,D044,2026-05-21,Airport Cargo,Downtown Drop,97.3,1.46,15.6,27.14,pickup
T03638,V032,D062,2026-05-21,Westside Yard,Springfield Depot,335.6,6.09,35.5,54.35,transfer
T03706,V021,D037,2026-05-21,Westside Yard,Airport Cargo,429.8,7.3,44.9,71.73,service_run
T04029,V043,D073,2026-05-21,Riverside Hub,Springfield Depot,342.6,6.27,33.7,56.41,delivery
T04137,V084,D013,2026-05-21,Downtown Drop,Riverside Hub,146.7,2.91,26.2,43.58,delivery
T04206,V092,D044,2026-05-21,Springfield Depot,Downtown Drop,439.9,11.19,47.9,69.96,delivery
T04492,V095,D034,2026-05-21,Springfield Depot,Airport Cargo,289.9,6.71,32.7,57.06,pickup
T00042,V037,D035,2026-05-22,Northgate DC,Riverside Hub,26.6,0.43,4.0,6.51,delivery
T01012,V050,D007,2026-05-22,Riverside Hub,Westside Yard,34.5,0.64,3.4,5.93,delivery
T01149,V040,D067,2026-05-22,Eastfield Park,Downtown Drop,40.2,0.62,6.9,11.37,transfer
T01266,V074,D009,2026-05-22,Westside Yard,Airport Cargo,21.4,0.43,2.4,3.7,transfer
T01474,V037,D035,2026-05-22,Downtown Drop,Eastfield Park,472.5,8.15,50.4,85.3,service_run
T02087,V117,D027,2026-05-22,Northgate DC,Harbor Terminal,608.7,11.17,58.4,89.94,delivery
T02323,V082,D055,2026-05-22,Riverside Hub,Northgate DC,125.0,3.05,14.3,24.22,delivery
T03065,V102,D038,2026-05-22,Downtown Drop,Riverside Hub,366.8,7.29,36.5,61.37,delivery
T03173,V065,D080,2026-05-22,Eastfield Park,Airport Cargo,292.3,6.75,47.1,79.13,delivery
T03595,V113,D053,2026-05-22,Downtown Drop,Westside Yard,113.0,1.81,16.6,27.96,transfer
T03970,V029,D060,2026-05-22,Airport Cargo,Downtown Drop,131.4,3.03,15.5,23.73,service_run
T04233,V035,D069,2026-05-22,Springfield Depot,Westside Yard,262.4,5.4,37.8,59.4,pickup
T04278,V110,D072,2026-05-22,Springfield Depot,Airport Cargo,549.2,13.29,91.7,150.85,delivery
T04409,V095,D034,2026-05-22,Westside Yard,Downtown Drop,47.1,1.16,4.5,7.81,delivery
T04435,V013,D016,2026-05-22,Springfield Depot,Westside Yard,544.4,9.24,84.7,141.07,pickup
T04506,V012,D057,2026-05-22,Riverside Hub,Downtown Drop,469.4,8.72,80.1,121.27,delivery
T04629,V047,D050,2026-05-22,Northgate DC,Airport Cargo,36.7,0.85,4.6,7.54,delivery
T05135,V102,D038,2026-05-22,Springfield Depot,Eastfield Park,130.0,2.49,15.1,26.02,transfer
T05158,V032,D062,2026-05-22,Harbor Terminal,Riverside Hub,201.4,3.87,31.7,47.43,service_run
T00155,V094,D078,2026-05-23,Northgate DC,Eastfield Park,528.6,11.67,89.7,138.59,delivery
T00487,V070,D026,2026-05-23,Riverside Hub,Springfield Depot,484.1,8.77,46.8,73.34,service_run
T00563,V087,D039,2026-05-23,Springfield Depot,Airport Cargo,512.2,8.69,53.0,92.58,delivery
T00673,V027,D049,2026-05-23,Springfield Depot,Westside Yard,23.4,0.45,3.6,5.8,delivery
T01035,V116,D012,2026-05-23,Westside Yard,Eastfield Park,303.6,7.06,29.1,49.64,delivery
T01121,V019,D041,2026-05-23,Northgate DC,Downtown Drop,204.3,4.07,24.8,37.93,service_run
T01241,V114,D070,2026-05-23,Downtown Drop,Eastfield Park,138.8,3.35,22.7,39.27,delivery
T01264,V047,D050,2026-05-23,Riverside Hub,Downtown Drop,198.2,4.49,29.8,43.36,delivery
T01482,V030,D022,2026-05-23,Northgate DC,Airport Cargo,372.3,6.29,49.8,73.61,transfer
T01524,V069,D066,2026-05-23,Westside Yard,Riverside Hub,114.5,2.08,19.3,29.94,pickup
T01647,V052,D065,2026-05-23,Northgate DC,Downtown Drop,544.9,10.6,55.6,92.31,delivery
T02008,V098,D018,2026-05-23,Downtown Drop,Northgate DC,616.0,11.55,65.8,103.86,transfer
T02357,V021,D037,2026-05-23,Harbor Terminal,Springfield Depot,356.5,7.87,60.5,101.58,delivery
T02439,V077,D029,2026-05-23,Springfield Depot,Airport Cargo,237.0,6.12,34.2,50.03,delivery
T02509,V037,D035,2026-05-23,Riverside Hub,Westside Yard,316.8,7.1,33.1,48.08,delivery
T02519,V024,D079,2026-05-23,Airport Cargo,Eastfield Park,558.0,9.23,66.4,104.96,delivery
T02906,V037,D035,2026-05-23,Northgate DC,Riverside Hub,246.1,4.95,25.1,40.87,delivery
T03278,V117,D027,2026-05-23,Downtown Drop,Westside Yard,400.9,7.61,41.2,71.98,pickup
T03323,V024,D079,2026-05-23,Harbor Terminal,Northgate DC,535.4,13.73,92.9,139.26,delivery
T03384,V109,D051,2026-05-23,Springfield Depot,Eastfield Park,84.6,2.09,8.2,12.44,delivery
T03505,V027,D049,2026-05-23,Eastfield Park,Airport Cargo,481.5,12.33,69.3,113.93,delivery
T04036,V013,D016,2026-05-23,Riverside Hub,Westside Yard,30.6,0.51,3.6,5.95,transfer
T04059,V098,D018,2026-05-23,Springfield Depot,Northgate DC,601.9,13.23,85.1,139.6,delivery
T04135,V043,D073,2026-05-23,Downtown Drop,Riverside Hub,420.5,6.42,61.8,106.6,delivery
T04360,V050,D007,2026-05-23,Northgate DC,Westside Yard,156.9,2.53,14.5,23.46,transfer
T04420,V030,D022,2026-05-23,Springfield Depot,Westside Yard,313.7,6.39,35.0,51.21,delivery
T04642,V002,D074,2026-05-23,Riverside Hub,Downtown Drop,465.2,8.68,45.9,71.36,pickup
T04658,V044,D020,2026-05-23,Springfield Depot,Downtown Drop,389.2,5.78,37.2,62.46,transfer
T04686,V024,D079,2026-05-23,Springfield Depot,Westside Yard,241.0,3.8,30.6,46.8,delivery
T00136,V038,D011,2026-05-24,Harbor Terminal,Northgate DC,321.3,4.7,37.5,63.41,delivery
T01085,V030,D022,2026-05-24,Northgate DC,Riverside Hub,43.1,1.05,5.7,8.86,delivery
T01196,V095,D034,2026-05-24,Westside Yard,Eastfield Park,442.9,9.55,71.1,107.21,delivery
T01444,V062,D056,2026-05-24,Downtown Drop,Eastfield Park,195.0,3.2,34.7,54.15,service_run
T01481,V070,D026,2026-05-24,Northgate DC,Westside Yard,551.8,9.83,89.8,141.91,delivery
T01626,V048,D036,2026-05-24,Springfield Depot,Harbor Terminal,181.5,2.63,21.3,37.02,delivery
T01769,V021,D037,2026-05-24,Harbor Terminal,Downtown Drop,104.2,1.71,15.3,25.21,transfer
T02001,V048,D036,2026-05-24,Airport Cargo,Downtown Drop,47.5,1.0,4.4,7.51,delivery
T02205,V117,D027,2026-05-24,Westside Yard,Harbor Terminal,186.6,3.89,31.6,53.56,service_run
T02259,V063,D010,2026-05-24,Downtown Drop,Springfield Depot,244.8,3.83,36.0,61.28,delivery
T02306,V041,D047,2026-05-24,Springfield Depot,Harbor Terminal,566.9,9.02,51.6,87.77,pickup
T02382,V010,D040,2026-05-24,Springfield Depot,Riverside Hub,403.6,6.15,44.4,75.33,service_run
T02401,V043,D073,2026-05-24,Westside Yard,Eastfield Park,92.0,2.0,10.2,15.68,service_run
T02652,V063,D010,2026-05-24,Downtown Drop,Riverside Hub,536.3,8.31,89.1,133.69,pickup
T02865,V039,D045,2026-05-24,Downtown Drop,Eastfield Park,55.9,1.01,6.7,9.78,pickup
T03227,V018,D028,2026-05-24,Springfield Depot,Harbor Terminal,428.2,10.29,40.8,61.47,service_run
T03404,V048,D036,2026-05-24,Springfield Depot,Westside Yard,378.5,5.62,52.8,89.41,delivery
T03486,V060,D005,2026-05-24,Westside Yard,Downtown Drop,233.9,5.54,26.6,38.72,delivery
T04412,V065,D080,2026-05-24,Eastfield Park,Airport Cargo,50.2,0.88,4.6,6.93,service_run
T04834,V043,D073,2026-05-24,Springfield Depot,Westside Yard,166.1,2.38,21.0,33.74,pickup
T00024,V053,D019,2026-05-25,Springfield Depot,Airport Cargo,325.5,4.85,31.7,52.12,transfer
T00503,V019,D041,2026-05-25,Westside Yard,Harbor Terminal,249.3,6.32,23.9,39.46,pickup
T00609,V014,D031,2026-05-25,Riverside Hub,Airport Cargo,550.4,8.11,50.2,75.24,pickup
T00887,V044,D020,2026-05-25,Harbor Terminal,Eastfield Park,50.4,0.91,4.7,8.16,pickup
T01179,V105,D023,2026-05-25,Downtown Drop,Riverside Hub,241.8,4.56,33.6,54.19,pickup
T01835,V053,D019,2026-05-25,Northgate DC,Riverside Hub,174.6,3.86,20.8,33.86,transfer
T01880,V032,D062,2026-05-25,Harbor Terminal,Westside Yard,119.3,1.91,13.4,20.15,pickup
T01906,V101,D017,2026-05-25,Riverside Hub,Northgate DC,85.7,1.24,8.1,12.76,transfer
T01972,V081,D042,2026-05-25,Harbor Terminal,Riverside Hub,17.8,0.33,1.7,2.66,delivery
T02142,V029,D060,2026-05-25,Westside Yard,Downtown Drop,256.1,3.95,36.9,64.16,delivery
T02692,V004,D003,2026-05-25,Springfield Depot,Downtown Drop,439.0,6.69,54.8,93.52,transfer
T02698,V092,D044,2026-05-25,Airport Cargo,Eastfield Park,533.4,10.89,61.5,90.02,service_run
T02774,V109,D051,2026-05-25,Downtown Drop,Northgate DC,401.7,8.31,48.6,78.51,pickup
T02881,V077,D029,2026-05-25,Eastfield Park,Westside Yard,120.1,2.13,12.0,18.51,delivery
T02970,V109,D051,2026-05-25,Airport Cargo,Northgate DC,353.9,8.84,38.6,56.49,delivery
T03097,V109,D051,2026-05-25,Springfield Depot,Westside Yard,23.0,0.45,2.7,4.59,delivery
T03255,V038,D011,2026-05-25,Harbor Terminal,Westside Yard,225.3,3.43,22.1,37.43,pickup
T03414,V039,D045,2026-05-25,Springfield Depot,Westside Yard,34.2,0.67,3.5,5.63,delivery
T04049,V021,D037,2026-05-25,Eastfield Park,Northgate DC,427.7,10.01,42.1,70.85,delivery
T04172,V060,D005,2026-05-25,Eastfield Park,Springfield Depot,91.0,1.31,10.0,15.07,delivery
T04580,V002,D074,2026-05-25,Springfield Depot,Northgate DC,552.6,8.96,68.4,114.45,delivery
T00296,V003,D058,2026-05-26,Eastfield Park,Northgate DC,74.1,1.65,12.2,18.73,delivery
T00427,V028,D064,2026-05-26,Eastfield Park,Downtown Drop,494.5,8.04,68.1,104.07,service_run
T00927,V063,D010,2026-05-26,Downtown Drop,Northgate DC,251.8,3.75,31.7,48.52,service_run
T01411,V046,D071,2026-05-26,Downtown Drop,Harbor Terminal,539.3,7.72,81.4,119.8,service_run
T01490,V101,D017,2026-05-26,Westside Yard,Riverside Hub,394.3,6.75,68.3,104.57,pickup
T01492,V087,D039,2026-05-26,Westside Yard,Springfield Depot,421.2,7.55,48.0,70.93,pickup
T01556,V044,D020,2026-05-26,Downtown Drop,Eastfield Park,548.3,11.31,51.0,87.01,delivery
T01787,V006,D006,2026-05-26,Northgate DC,Riverside Hub,497.0,7.42,48.2,76.58,delivery
T01914,V026,D021,2026-05-26,Eastfield Park,Harbor Terminal,294.5,4.32,41.5,64.45,pickup
T02171,V094,D078,2026-05-26,Harbor Terminal,Downtown Drop,552.2,13.6,68.1,99.07,transfer
T02204,V087,D039,2026-05-26,Northgate DC,Riverside Hub,107.1,2.07,16.3,25.5,pickup
T02287,V052,D065,2026-05-26,Eastfield Park,Northgate DC,456.0,9.48,64.6,103.08,transfer
T02784,V081,D042,2026-05-26,Harbor Terminal,Airport Cargo,349.7,5.93,40.6,59.47,delivery
T02876,V101,D017,2026-05-26,Northgate DC,Eastfield Park,474.9,9.76,66.3,96.73,transfer
T02931,V027,D049,2026-05-26,Westside Yard,Eastfield Park,96.1,1.85,9.4,14.52,delivery
T03010,V004,D003,2026-05-26,Downtown Drop,Eastfield Park,144.1,3.05,24.2,38.58,delivery
T03483,V095,D034,2026-05-26,Eastfield Park,Westside Yard,444.7,7.81,67.1,111.72,delivery
T03492,V095,D034,2026-05-26,Northgate DC,Riverside Hub,227.6,5.12,22.3,32.91,pickup
T04009,V059,D002,2026-05-26,Springfield Depot,Harbor Terminal,411.5,8.53,40.9,59.55,delivery
T04051,V003,D058,2026-05-26,Northgate DC,Westside Yard,543.4,10.32,56.1,90.93,transfer
T04754,V101,D017,2026-05-26,Airport Cargo,Downtown Drop,57.4,1.03,5.5,8.32,transfer
T04956,V074,D009,2026-05-26,Riverside Hub,Eastfield Park,122.7,2.38,17.1,26.89,pickup
T00193,V080,D054,2026-05-27,Westside Yard,Harbor Terminal,477.3,10.44,60.7,97.95,pickup
T00242,V117,D027,2026-05-27,Springfield Depot,Eastfield Park,332.4,5.91,35.6,62.08,transfer
T00327,V047,D050,2026-05-27,Airport Cargo,Springfield Depot,541.3,10.2,71.5,114.07,pickup
T00411,V043,D073,2026-05-27,Northgate DC,Eastfield Park,176.5,2.94,24.9,37.87,delivery
T01138,V013,D016,2026-05-27,Airport Cargo,Harbor Terminal,456.9,7.28,47.9,83.68,delivery
T01180,V061,D001,2026-05-27,Northgate DC,Westside Yard,45.8,0.91,6.8,10.92,delivery
T01233,V018,D028,2026-05-27,Downtown Drop,Harbor Terminal,222.9,5.57,37.9,59.69,pickup
T01546,V060,D005,2026-05-27,Westside Yard,Downtown Drop,105.6,1.94,19.1,31.93,delivery
T02044,V007,D004,2026-05-27,Harbor Terminal,Eastfield Park,604.9,10.78,99.2,173.4,delivery
T02112,V077,D029,2026-05-27,Springfield Depot,Harbor Terminal,527.1,13.75,93.8,156.13,delivery
T02380,V108,D063,2026-05-27,Springfield Depot,Airport Cargo,118.4,1.86,19.5,28.73,pickup
T02546,V113,D053,2026-05-27,Harbor Terminal,Westside Yard,610.9,9.45,80.1,135.66,delivery
T02733,V092,D044,2026-05-27,Eastfield Park,Airport Cargo,202.6,4.25,19.7,29.77,delivery
T02771,V087,D039,2026-05-27,Northgate DC,Harbor Terminal,520.0,7.82,71.0,110.78,service_run
T02907,V045,D076,2026-05-27,Riverside Hub,Westside Yard,488.0,7.11,72.1,124.51,service_run
T03192,V081,D042,2026-05-27,Airport Cargo,Springfield Depot,197.7,3.07,26.4,39.13,transfer
T03587,V021,D037,2026-05-27,Riverside Hub,Westside Yard,140.9,2.33,15.2,26.22,delivery
T03893,V024,D079,2026-05-27,Springfield Depot,Westside Yard,74.1,1.38,8.1,13.25,service_run
T03925,V101,D017,2026-05-27,Northgate DC,Riverside Hub,522.7,8.64,83.5,141.24,pickup
T03974,V039,D045,2026-05-27,Airport Cargo,Springfield Depot,333.6,5.25,38.6,57.77,service_run
T04128,V006,D006,2026-05-27,Springfield Depot,Airport Cargo,66.6,1.03,7.3,12.77,pickup
T04346,V060,D005,2026-05-27,Eastfield Park,Airport Cargo,169.2,3.08,22.6,34.2,service_run
T04564,V059,D002,2026-05-27,Downtown Drop,Westside Yard,283.1,7.16,32.8,52.1,transfer
T04583,V116,D012,2026-05-27,Downtown Drop,Riverside Hub,70.9,1.13,9.6,15.9,transfer
T04652,V043,D073,2026-05-27,Springfield Depot,Harbor Terminal,395.7,7.24,69.3,103.8,delivery
T04858,V038,D011,2026-05-27,Springfield Depot,Northgate DC,41.5,0.73,7.4,10.79,delivery
T04925,V068,D025,2026-05-27,Westside Yard,Harbor Terminal,426.0,7.47,55.7,90.99,service_run
T05002,V043,D073,2026-05-27,Springfield Depot,Riverside Hub,313.5,7.41,45.1,78.19,pickup
T00608,V087,D039,2026-05-28,Westside Yard,Airport Cargo,583.9,10.88,53.9,88.52,transfer
T02362,V081,D042,2026-05-28,Springfield Depot,Riverside Hub,265.4,3.8,24.7,41.35,delivery
T02406,V014,D031,2026-05-28,Riverside Hub,Springfield Depot,73.2,1.45,7.2,12.13,service_run
T03016,V039,D045,2026-05-28,Harbor Terminal,Downtown Drop,475.8,6.92,68.8,116.3,service_run
T03454,V108,D063,2026-05-28,Westside Yard,Downtown Drop,265.9,6.95,45.9,80.17,service_run
T03584,V094,D078,2026-05-28,Springfield Depot,Downtown Drop,90.8,1.88,15.4,25.0,delivery
T03622,V052,D065,2026-05-28,Springfield Depot,Eastfield Park,299.4,5.54,48.8,77.59,delivery
T03713,V062,D056,2026-05-28,Springfield Depot,Riverside Hub,535.8,12.41,68.0,116.28,delivery
T03873,V047,D050,2026-05-28,Downtown Drop,Airport Cargo,308.7,4.54,28.4,47.85,pickup
T03917,V035,D069,2026-05-28,Harbor Terminal,Northgate DC,590.8,15.42,81.0,122.34,service_run
T04134,V053,D019,2026-05-28,Riverside Hub,Eastfield Park,468.2,7.84,43.3,63.93,transfer
T04187,V092,D044,2026-05-28,Northgate DC,Harbor Terminal,286.3,6.91,48.9,76.6,delivery
T04434,V044,D020,2026-05-28,Springfield Depot,Riverside Hub,73.1,1.48,13.1,22.23,delivery
T04552,V080,D054,2026-05-28,Downtown Drop,Eastfield Park,274.9,5.4,26.1,41.44,pickup
T04711,V045,D076,2026-05-28,Airport Cargo,Eastfield Park,259.8,4.21,27.7,47.09,pickup
T04766,V018,D028,2026-05-28,Northgate DC,Harbor Terminal,540.6,8.33,57.2,98.62,delivery
T04767,V010,D040,2026-05-28,Riverside Hub,Harbor Terminal,185.2,3.87,33.2,54.48,pickup
T04905,V037,D035,2026-05-28,Eastfield Park,Harbor Terminal,327.1,7.15,48.5,82.94,delivery
T05062,V095,D034,2026-05-28,Downtown Drop,Riverside Hub,539.6,11.26,57.1,94.35,pickup
T01537,V095,D034,2026-05-29,Downtown Drop,Eastfield Park,50.3,0.81,6.9,11.12,delivery
T02088,V102,D038,2026-05-29,Eastfield Park,Westside Yard,274.3,4.12,43.9,72.65,delivery
T02090,V107,D015,2026-05-29,Northgate DC,Riverside Hub,433.4,6.51,58.0,91.6,transfer
T02640,V104,D068,2026-05-29,Northgate DC,Westside Yard,486.4,8.18,52.5,82.02,delivery
T02651,V068,D025,2026-05-29,Riverside Hub,Springfield Depot,230.3,4.44,24.1,38.51,service_run
T02912,V065,D080,2026-05-29,Eastfield Park,Downtown Drop,429.1,8.06,40.8,70.6,delivery
T03100,V053,D019,2026-05-29,Springfield Depot,Airport Cargo,207.4,5.09,25.7,44.24,transfer
T03349,V028,D064,2026-05-29,Northgate DC,Riverside Hub,144.0,2.32,15.4,26.91,service_run
T03525,V117,D027,2026-05-29,Riverside Hub,Harbor Terminal,401.6,9.52,61.4,91.11,service_run
T03553,V010,D040,2026-05-29,Riverside Hub,Springfield Depot,45.7,0.88,4.6,8.04,delivery
T03728,V053,D019,2026-05-29,Riverside Hub,Airport Cargo,431.6,8.85,68.2,107.24,service_run
T03866,V059,D002,2026-05-29,Downtown Drop,Westside Yard,57.5,1.33,9.2,14.09,transfer
T03874,V047,D050,2026-05-29,Downtown Drop,Northgate DC,222.0,4.49,20.7,31.87,transfer
T04217,V019,D041,2026-05-29,Harbor Terminal,Downtown Drop,216.4,5.23,21.3,32.07,delivery
T04884,V007,D004,2026-05-29,Harbor Terminal,Westside Yard,166.2,2.65,18.4,27.12,delivery
T04995,V004,D003,2026-05-29,Airport Cargo,Downtown Drop,153.3,2.71,15.4,25.32,delivery
T05087,V047,D050,2026-05-29,Harbor Terminal,Riverside Hub,15.6,0.35,2.1,3.51,delivery
T00008,V116,D012,2026-05-30,Eastfield Park,Harbor Terminal,599.2,9.05,64.6,102.9,delivery
T00326,V065,D080,2026-05-30,Westside Yard,Riverside Hub,135.2,2.15,14.7,22.75,delivery
T00573,V028,D064,2026-05-30,Airport Cargo,Riverside Hub,304.3,4.62,51.8,79.92,service_run
T00757,V102,D038,2026-05-30,Harbor Terminal,Riverside Hub,332.5,5.15,36.2,53.49,pickup
T00924,V059,D002,2026-05-30,Downtown Drop,Springfield Depot,601.5,13.78,82.5,143.29,service_run
T01086,V019,D041,2026-05-30,Eastfield Park,Airport Cargo,612.9,8.82,100.2,171.03,transfer
T01532,V044,D020,2026-05-30,Riverside Hub,Eastfield Park,302.9,4.77,29.8,47.21,delivery
T02146,V008,D046,2026-05-30,Northgate DC,Airport Cargo,598.9,11.18,56.4,82.41,pickup
T02759,V003,D058,2026-05-30,Eastfield Park,Northgate DC,488.8,9.32,48.1,81.36,service_run
T02862,V070,D026,2026-05-30,Eastfield Park,Riverside Hub,221.6,5.11,35.0,57.92,delivery
T03009,V063,D010,2026-05-30,Riverside Hub,Downtown Drop,57.5,0.82,9.2,14.85,delivery
T03143,V006,D006,2026-05-30,Springfield Depot,Downtown Drop,217.8,4.53,31.6,48.02,pickup
T03301,V062,D056,2026-05-30,Springfield Depot,Northgate DC,391.2,6.89,51.5,75.58,pickup
T03499,V018,D028,2026-05-30,Eastfield Park,Harbor Terminal,215.2,4.53,21.5,32.11,delivery
T03704,V070,D026,2026-05-30,Riverside Hub,Northgate DC,289.3,4.48,29.3,48.35,delivery
T04080,V061,D001,2026-05-30,Riverside Hub,Eastfield Park,28.3,0.42,4.5,7.71,pickup
T04085,V027,D049,2026-05-30,Riverside Hub,Eastfield Park,251.4,6.49,30.7,53.54,transfer
T04247,V044,D020,2026-05-30,Northgate DC,Springfield Depot,349.2,7.38,36.0,56.98,delivery
T04484,V028,D064,2026-05-30,Eastfield Park,Springfield Depot,459.6,9.74,44.6,76.65,delivery
T04823,V055,D059,2026-05-30,Riverside Hub,Northgate DC,615.2,11.58,61.1,92.91,transfer
T05047,V035,D069,2026-05-30,Downtown Drop,Northgate DC,510.2,11.65,51.6,78.27,service_run
T00284,V068,D025,2026-05-31,Harbor Terminal,Northgate DC,228.5,5.27,21.0,34.83,transfer
T01010,V104,D068,2026-05-31,Downtown Drop,Airport Cargo,399.0,5.89,54.6,79.38,delivery
T01111,V098,D018,2026-05-31,Harbor Terminal,Downtown Drop,49.3,0.81,8.1,12.42,delivery
T01737,V008,D046,2026-05-31,Airport Cargo,Springfield Depot,522.6,8.95,90.8,157.79,transfer
T01820,V107,D015,2026-05-31,Airport Cargo,Westside Yard,228.2,3.81,22.5,38.7,service_run
T02077,V110,D072,2026-05-31,Eastfield Park,Harbor Terminal,172.0,2.68,15.7,25.52,pickup
T02329,V101,D017,2026-05-31,Riverside Hub,Downtown Drop,315.3,4.77,43.6,70.34,transfer
T02365,V045,D076,2026-05-31,Springfield Depot,Eastfield Park,310.4,5.84,34.9,55.34,delivery
T02541,V048,D036,2026-05-31,Eastfield Park,Downtown Drop,45.3,0.77,7.4,10.98,delivery
T02715,V108,D063,2026-05-31,Eastfield Park,Northgate DC,297.7,6.71,50.1,73.97,delivery
T02721,V077,D029,2026-05-31,Downtown Drop,Eastfield Park,62.1,1.29,7.1,10.47,transfer
T02857,V052,D065,2026-05-31,Eastfield Park,Northgate DC,467.8,6.96,49.4,86.21,delivery
T03206,V010,D040,2026-05-31,Harbor Terminal,Riverside Hub,134.7,2.07,20.7,34.98,pickup
T03210,V026,D021,2026-05-31,Harbor Terminal,Eastfield Park,487.9,7.44,45.2,76.09,delivery
T03448,V069,D066,2026-05-31,Northgate DC,Eastfield Park,413.7,8.33,50.5,76.57,delivery
T04260,V094,D078,2026-05-31,Riverside Hub,Northgate DC,175.1,3.43,28.5,42.1,transfer
T04380,V024,D079,2026-05-31,Riverside Hub,Harbor Terminal,616.2,14.82,71.6,107.97,service_run
T04611,V048,D036,2026-05-31,Westside Yard,Airport Cargo,408.8,7.15,45.5,74.87,service_run
T04798,V094,D078,2026-05-31,Springfield Depot,Airport Cargo,181.1,3.01,30.9,46.84,delivery
T05086,V053,D019,2026-05-31,Airport Cargo,Springfield Depot,330.1,5.14,55.6,95.68,delivery
T00075,V059,D002,2026-06-01,Springfield Depot,Airport Cargo,504.0,11.82,60.2,99.39,delivery
T00206,V092,D044,2026-06-01,Westside Yard,Harbor Terminal,236.0,4.0,36.0,60.51,delivery
T00656,V037,D035,2026-06-01,Airport Cargo,Northgate DC,606.1,15.35,66.5,115.29,delivery
T00812,V081,D042,2026-06-01,Northgate DC,Harbor Terminal,132.3,2.83,20.2,32.97,transfer
T00832,V082,D055,2026-06-01,Harbor Terminal,Northgate DC,256.5,4.49,24.5,36.8,pickup
T01539,V069,D066,2026-06-01,Westside Yard,Downtown Drop,598.5,9.84,60.6,99.03,delivery
T01645,V063,D010,2026-06-01,Eastfield Park,Northgate DC,538.4,9.75,65.7,95.84,pickup
T02102,V012,D057,2026-06-01,Eastfield Park,Airport Cargo,345.6,5.21,33.6,56.38,delivery
T02275,V013,D016,2026-06-01,Northgate DC,Harbor Terminal,388.2,8.27,57.5,85.76,delivery
T02688,V095,D034,2026-06-01,Riverside Hub,Downtown Drop,186.4,2.84,28.0,44.0,delivery
T02707,V040,D067,2026-06-01,Harbor Terminal,Riverside Hub,145.5,2.5,20.3,31.01,transfer
T02989,V068,D025,2026-06-01,Airport Cargo,Westside Yard,285.9,4.83,42.3,65.18,transfer
T04041,V010,D040,2026-06-01,Eastfield Park,Downtown Drop,204.0,2.93,20.9,33.35,transfer
T04081,V102,D038,2026-06-01,Riverside Hub,Eastfield Park,484.3,7.99,77.0,128.38,delivery
T04116,V109,D051,2026-06-01,Downtown Drop,Eastfield Park,98.3,1.99,10.7,17.97,transfer
T04192,V027,D049,2026-06-01,Downtown Drop,Airport Cargo,283.0,5.8,42.9,67.53,pickup
T04269,V065,D080,2026-06-01,Northgate DC,Riverside Hub,28.1,0.57,3.9,6.18,pickup
T04578,V010,D040,2026-06-01,Harbor Terminal,Northgate DC,515.3,7.86,61.5,97.09,service_run
T04659,V035,D069,2026-06-01,Downtown Drop,Springfield Depot,409.3,9.66,37.7,55.35,pickup
T00382,V081,D042,2026-06-02,Riverside Hub,Downtown Drop,144.6,2.08,21.4,31.82,delivery
T01312,V102,D038,2026-06-02,Airport Cargo,Northgate DC,69.1,1.39,10.0,17.49,pickup
T01655,V037,D035,2026-06-02,Northgate DC,Springfield Depot,61.1,1.37,6.4,9.76,service_run
T01956,V043,D073,2026-06-02,Downtown Drop,Harbor Terminal,315.3,7.62,30.6,46.04,delivery
T02020,V018,D028,2026-06-02,Airport Cargo,Springfield Depot,305.4,7.71,44.1,76.13,transfer
T02074,V024,D079,2026-06-02,Springfield Depot,Northgate DC,378.4,5.78,38.0,55.63,delivery
T02100,V024,D079,2026-06-02,Northgate DC,Riverside Hub,593.0,15.23,107.0,160.93,pickup
T02126,V006,D006,2026-06-02,Airport Cargo,Springfield Depot,87.9,2.3,8.8,14.33,service_run
T02356,V026,D021,2026-06-02,Springfield Depot,Riverside Hub,53.5,0.8,9.7,14.29,service_run
T03394,V002,D074,2026-06-02,Downtown Drop,Eastfield Park,322.3,8.06,41.7,72.07,transfer
T03453,V027,D049,2026-06-02,Airport Cargo,Riverside Hub,615.2,12.32,57.2,99.59,service_run
T03571,V047,D050,2026-06-02,Eastfield Park,Airport Cargo,281.8,5.6,49.3,76.08,delivery
T03916,V084,D013,2026-06-02,Harbor Terminal,Airport Cargo,247.9,5.69,36.7,54.03,delivery
T04305,V027,D049,2026-06-02,Riverside Hub,Northgate DC,120.8,2.95,15.0,23.01,delivery
T04348,V084,D013,2026-06-02,Springfield Depot,Eastfield Park,96.4,1.4,12.1,19.47,service_run
T04447,V104,D068,2026-06-02,Airport Cargo,Springfield Depot,174.0,2.9,28.4,47.72,delivery
T04878,V053,D019,2026-06-02,Springfield Depot,Eastfield Park,509.9,10.44,53.6,88.23,delivery
T05124,V037,D035,2026-06-02,Northgate DC,Riverside Hub,169.9,4.14,19.0,28.68,transfer
T00226,V048,D036,2026-06-03,Downtown Drop,Westside Yard,259.9,5.41,45.4,74.16,service_run
T00241,V013,D016,2026-06-03,Eastfield Park,Riverside Hub,525.2,12.53,89.7,153.19,delivery
T00953,V059,D002,2026-06-03,Downtown Drop,Northgate DC,368.6,6.59,51.3,84.26,delivery
T00983,V094,D078,2026-06-03,Downtown Drop,Harbor Terminal,483.3,12.42,45.0,72.16,delivery
T01274,V068,D025,2026-06-03,Riverside Hub,Eastfield Park,81.4,1.52,12.8,19.52,pickup
T01372,V035,D069,2026-06-03,Riverside Hub,Downtown Drop,138.5,2.04,21.6,33.33,transfer
T01428,V008,D046,2026-06-03,Northgate DC,Downtown Drop,311.8,4.93,30.8,51.12,delivery
T02063,V024,D079,2026-06-03,Riverside Hub,Downtown Drop,31.6,0.55,3.4,5.93,delivery
T02529,V061,D001,2026-06-03,Eastfield Park,Downtown Drop,79.4,1.8,11.7,20.18,transfer
T02563,V109,D051,2026-06-03,Eastfield Park,Airport Cargo,304.8,6.01,29.7,51.07,service_run
T02980,V037,D035,2026-06-03,Airport Cargo,Springfield Depot,474.2,7.84,59.4,96.05,delivery
T03018,V008,D046,2026-06-03,Springfield Depot,Northgate DC,170.8,3.05,19.3,30.76,delivery
T03521,V068,D025,2026-06-03,Downtown Drop,Northgate DC,406.7,7.84,41.7,72.53,pickup
T04157,V102,D038,2026-06-03,Harbor Terminal,Airport Cargo,243.0,3.89,24.1,36.7,delivery
T04162,V108,D063,2026-06-03,Westside Yard,Harbor Terminal,114.1,2.13,19.3,29.35,pickup
T04240,V081,D042,2026-06-03,Northgate DC,Riverside Hub,22.4,0.37,2.9,4.51,delivery
T04376,V035,D069,2026-06-03,Downtown Drop,Airport Cargo,509.2,7.96,90.5,145.89,service_run
T04491,V063,D010,2026-06-03,Westside Yard,Eastfield Park,222.5,3.41,36.0,53.82,delivery
T04531,V028,D064,2026-06-03,Eastfield Park,Harbor Terminal,217.5,3.97,34.3,52.36,pickup
T04710,V010,D040,2026-06-03,Riverside Hub,Westside Yard,232.6,4.54,28.7,46.34,service_run
T04761,V117,D027,2026-06-03,Springfield Depot,Eastfield Park,389.5,6.81,44.3,75.88,delivery
T04824,V062,D056,2026-06-03,Eastfield Park,Northgate DC,347.3,5.01,47.3,73.45,delivery
T05044,V068,D025,2026-06-03,Airport Cargo,Westside Yard,516.5,8.09,64.9,104.95,pickup
T00590,V084,D013,2026-06-04,Westside Yard,Northgate DC,88.1,2.02,13.2,20.73,delivery
T00688,V048,D036,2026-06-04,Riverside Hub,Westside Yard,135.0,2.2,14.4,23.52,delivery
T01730,V084,D013,2026-06-04,Springfield Depot,Eastfield Park,585.5,10.55,55.8,92.91,pickup
T01813,V068,D025,2026-06-04,Riverside Hub,Harbor Terminal,179.3,2.94,20.8,33.86,delivery
T02267,V044,D020,2026-06-04,Airport Cargo,Riverside Hub,214.7,3.24,20.7,34.45,pickup
T02481,V094,D078,2026-06-04,Eastfield Park,Westside Yard,220.7,3.31,29.8,46.95,delivery
T02492,V035,D069,2026-06-04,Eastfield Park,Downtown Drop,252.7,3.99,38.8,58.82,delivery
T02573,V117,D027,2026-06-04,Westside Yard,Downtown Drop,38.8,0.98,3.8,6.33,delivery
T03084,V068,D025,2026-06-04,Harbor Terminal,Downtown Drop,19.0,0.42,2.3,3.78,pickup
T03487,V070,D026,2026-06-04,Harbor Terminal,Riverside Hub,72.9,1.51,11.9,20.75,delivery
T03738,V092,D044,2026-06-04,Airport Cargo,Harbor Terminal,79.0,1.76,7.6,12.78,service_run
T04230,V102,D038,2026-06-04,Westside Yard,Harbor Terminal,280.6,4.43,35.6,60.8,transfer
T04468,V081,D042,2026-06-04,Eastfield Park,Westside Yard,326.6,7.61,40.5,59.25,delivery
T04980,V007,D004,2026-06-04,Airport Cargo,Downtown Drop,422.9,9.29,68.1,99.54,service_run
T00302,V030,D022,2026-06-05,Eastfield Park,Westside Yard,147.1,3.18,16.3,23.81,delivery
T00440,V077,D029,2026-06-05,Harbor Terminal,Eastfield Park,186.2,3.88,18.0,30.92,delivery
T01002,V110,D072,2026-06-05,Eastfield Park,Westside Yard,555.1,9.61,75.0,129.42,service_run
T01068,V014,D031,2026-06-05,Northgate DC,Westside Yard,509.7,10.49,63.2,95.08,transfer
T01445,V117,D027,2026-06-05,Harbor Terminal,Springfield Depot,144.4,2.74,20.0,29.24,pickup
T01511,V047,D050,2026-06-05,Springfield Depot,Riverside Hub,392.2,9.32,46.2,79.72,delivery
T01609,V037,D035,2026-06-05,Northgate DC,Springfield Depot,528.1,11.77,49.1,71.95,pickup
T01644,V098,D018,2026-06-05,Downtown Drop,Northgate DC,316.0,7.32,54.7,92.77,delivery
T02133,V037,D035,2026-06-05,Springfield Depot,Riverside Hub,229.3,4.69,30.7,51.11,service_run
T02394,V114,D070,2026-06-05,Springfield Depot,Westside Yard,274.8,4.3,39.4,68.37,delivery
T02762,V074,D009,2026-06-05,Eastfield Park,Harbor Terminal,502.2,9.25,74.8,119.91,service_run
T03322,V069,D066,2026-06-05,Riverside Hub,Downtown Drop,350.8,9.08,37.8,61.42,pickup
T03558,V068,D025,2026-06-05,Riverside Hub,Airport Cargo,436.5,7.44,42.2,62.44,delivery
T04100,V117,D027,2026-06-05,Eastfield Park,Downtown Drop,522.0,9.27,54.3,79.55,pickup
T04159,V032,D062,2026-06-05,Riverside Hub,Harbor Terminal,571.5,8.45,88.8,137.95,delivery
T04501,V024,D079,2026-06-05,Westside Yard,Northgate DC,252.3,5.16,25.0,38.58,service_run
T04677,V018,D028,2026-06-05,Riverside Hub,Harbor Terminal,35.2,0.85,4.7,7.93,delivery
T05063,V116,D012,2026-06-05,Northgate DC,Westside Yard,305.1,7.55,28.9,43.11,delivery
T00518,V055,D059,2026-06-06,Westside Yard,Eastfield Park,142.6,2.09,17.2,28.22,service_run
T00559,V105,D023,2026-06-06,Westside Yard,Northgate DC,262.4,5.22,26.4,39.7,delivery
T00831,V041,D047,2026-06-06,Airport Cargo,Springfield Depot,369.1,6.95,62.1,96.65,service_run
T02134,V060,D005,2026-06-06,Westside Yard,Eastfield Park,181.3,3.35,17.5,29.49,service_run
T02239,V010,D040,2026-06-06,Eastfield Park,Springfield Depot,309.9,5.43,37.4,54.69,service_run
T02310,V003,D058,2026-06-06,Eastfield Park,Harbor Terminal,401.0,7.49,40.0,68.14,transfer
T02349,V013,D016,2026-06-06,Westside Yard,Airport Cargo,146.8,3.26,23.5,37.59,service_run
T02437,V069,D066,2026-06-06,Downtown Drop,Riverside Hub,288.1,5.8,27.0,45.45,delivery
T02820,V046,D071,2026-06-06,Airport Cargo,Northgate DC,260.1,4.88,28.3,47.59,transfer
T02915,V012,D057,2026-06-06,Riverside Hub,Downtown Drop,196.9,3.03,24.6,37.97,delivery
T03058,V104,D068,2026-06-06,Airport Cargo,Springfield Depot,426.9,7.12,72.5,125.15,delivery
T03088,V007,D004,2026-06-06,Springfield Depot,Westside Yard,404.2,10.07,38.4,59.61,delivery
T03722,V026,D021,2026-06-06,Harbor Terminal,Westside Yard,93.0,1.75,9.1,15.12,delivery
T03797,V037,D035,2026-06-06,Northgate DC,Riverside Hub,282.7,7.19,28.9,46.88,delivery
T03887,V061,D001,2026-06-06,Airport Cargo,Downtown Drop,167.1,2.95,23.0,33.56,delivery
T04788,V014,D031,2026-06-06,Harbor Terminal,Airport Cargo,507.2,8.16,56.5,92.69,service_run
T00038,V028,D064,2026-06-07,Eastfield Park,Airport Cargo,398.3,10.44,51.6,83.08,service_run
T00200,V070,D026,2026-06-07,Airport Cargo,Westside Yard,267.0,4.53,26.0,42.4,delivery
T01697,V063,D010,2026-06-07,Northgate DC,Riverside Hub,486.6,7.48,78.5,122.47,delivery
T02036,V095,D034,2026-06-07,Harbor Terminal,Northgate DC,469.6,9.35,69.7,102.03,delivery
T02469,V029,D060,2026-06-07,Riverside Hub,Airport Cargo,252.3,5.86,24.1,38.45,delivery
T03017,V095,D034,2026-06-07,Riverside Hub,Springfield Depot,321.9,6.72,31.3,54.5,delivery
T03049,V113,D053,2026-06-07,Northgate DC,Airport Cargo,520.1,13.24,64.6,95.27,pickup
T03353,V107,D015,2026-06-07,Springfield Depot,Harbor Terminal,244.7,5.81,32.3,52.13,pickup
T03466,V110,D072,2026-06-07,Westside Yard,Harbor Terminal,260.9,6.37,32.9,54.55,pickup
T04113,V116,D012,2026-06-07,Riverside Hub,Downtown Drop,145.2,3.21,18.7,30.34,transfer
T04500,V007,D004,2026-06-07,Springfield Depot,Harbor Terminal,60.7,0.91,6.9,10.18,delivery
T04551,V019,D041,2026-06-07,Eastfield Park,Northgate DC,289.0,5.11,26.3,40.3,service_run
T04868,V021,D037,2026-06-07,Westside Yard,Northgate DC,64.4,0.94,7.3,11.8,delivery
T05039,V019,D041,2026-06-07,Westside Yard,Airport Cargo,459.4,8.95,72.6,106.67,delivery
T00278,V109,D051,2026-06-08,Northgate DC,Westside Yard,604.9,9.48,96.8,165.34,service_run
T00470,V102,D038,2026-06-08,Airport Cargo,Eastfield Park,27.6,0.56,3.9,5.93,delivery
T00634,V081,D042,2026-06-08,Riverside Hub,Northgate DC,504.1,12.35,74.9,110.61,service_run
T00786,V110,D072,2026-06-08,Airport Cargo,Northgate DC,325.2,7.47,42.2,69.89,service_run
T01517,V032,D062,2026-06-08,Northgate DC,Downtown Drop,321.0,4.96,34.0,52.57,transfer
T02070,V013,D016,2026-06-08,Westside Yard,Eastfield Park,389.9,6.29,63.4,108.62,delivery
T02500,V061,D001,2026-06-08,Springfield Depot,Riverside Hub,540.5,12.65,59.3,89.47,pickup
T02684,V081,D042,2026-06-08,Springfield Depot,Harbor Terminal,561.0,10.81,81.3,137.6,delivery
T02761,V068,D025,2026-06-08,Airport Cargo,Springfield Depot,252.2,6.15,27.2,42.61,service_run
T02780,V074,D009,2026-06-08,Downtown Drop,Airport Cargo,203.0,3.69,33.2,52.39,service_run
T03556,V069,D066,2026-06-08,Westside Yard,Northgate DC,168.1,4.01,16.7,25.31,delivery
T03576,V013,D016,2026-06-08,Airport Cargo,Harbor Terminal,465.7,10.66,50.8,88.87,pickup
T03881,V108,D063,2026-06-08,Downtown Drop,Northgate DC,110.1,1.97,10.4,15.84,delivery
T04056,V043,D073,2026-06-08,Riverside Hub,Northgate DC,390.3,6.43,51.0,84.7,delivery
T04719,V035,D069,2026-06-08,Springfield Depot,Harbor Terminal,384.6,6.26,38.4,59.35,delivery
T05077,V046,D071,2026-06-08,Harbor Terminal,Westside Yard,317.8,6.62,46.8,72.2,transfer
T00534,V014,D031,2026-06-09,Riverside Hub,Springfield Depot,477.3,6.9,53.4,92.12,pickup
T00681,V024,D079,2026-06-09,Northgate DC,Eastfield Park,412.0,6.66,52.0,75.49,service_run
T00843,V052,D065,2026-06-09,Downtown Drop,Riverside Hub,534.9,9.17,60.1,90.48,service_run
T00856,V109,D051,2026-06-09,Northgate DC,Airport Cargo,425.7,6.65,63.2,106.97,delivery
T01027,V006,D006,2026-06-09,Harbor Terminal,Downtown Drop,305.9,6.03,32.2,54.63,delivery
T01128,V108,D063,2026-06-09,Airport Cargo,Eastfield Park,265.8,6.05,31.2,50.09,pickup
T01819,V028,D064,2026-06-09,Springfield Depot,Airport Cargo,409.5,5.96,44.5,73.81,transfer
T01855,V003,D058,2026-06-09,Eastfield Park,Harbor Terminal,532.8,9.26,84.8,142.06,delivery
T01923,V040,D067,2026-06-09,Harbor Terminal,Airport Cargo,607.1,11.59,66.3,97.17,pickup
T02351,V030,D022,2026-06-09,Airport Cargo,Westside Yard,156.3,3.99,18.8,30.45,delivery
T02704,V030,D022,2026-06-09,Westside Yard,Springfield Depot,347.3,5.04,45.8,74.8,delivery
T02786,V045,D076,2026-06-09,Downtown Drop,Airport Cargo,467.4,6.72,61.8,98.62,delivery
T03311,V092,D044,2026-06-09,Eastfield Park,Springfield Depot,64.3,1.2,8.2,13.21,service_run
T03536,V055,D059,2026-06-09,Springfield Depot,Northgate DC,241.0,4.98,24.9,39.71,service_run
T03655,V030,D022,2026-06-09,Northgate DC,Downtown Drop,456.3,10.7,54.3,89.86,delivery
T04212,V080,D054,2026-06-09,Westside Yard,Riverside Hub,155.1,3.01,24.4,36.31,pickup
T04282,V012,D057,2026-06-09,Harbor Terminal,Springfield Depot,349.5,8.33,32.4,55.44,delivery
T00290,V047,D050,2026-06-10,Westside Yard,Springfield Depot,454.2,7.76,70.7,118.54,delivery
T00749,V028,D064,2026-06-10,Westside Yard,Northgate DC,236.9,5.82,23.3,36.67,pickup
T02105,V026,D021,2026-06-10,Eastfield Park,Airport Cargo,111.7,1.61,15.9,27.42,delivery
T02499,V004,D003,2026-06-10,Harbor Terminal,Downtown Drop,368.5,8.68,55.1,82.06,delivery
T03402,V047,D050,2026-06-10,Springfield Depot,Downtown Drop,501.9,7.28,67.6,108.67,delivery
T03662,V029,D060,2026-06-10,Downtown Drop,Eastfield Park,329.6,5.33,49.3,74.25,delivery
T04200,V055,D059,2026-06-10,Springfield Depot,Eastfield Park,416.5,6.32,55.8,86.13,transfer
T04266,V092,D044,2026-06-10,Westside Yard,Riverside Hub,497.7,7.82,73.4,128.4,delivery
T04489,V003,D058,2026-06-10,Downtown Drop,Northgate DC,330.1,4.95,35.0,58.77,delivery
T04575,V055,D059,2026-06-10,Harbor Terminal,Northgate DC,374.5,6.55,52.2,76.63,delivery
T04654,V002,D074,2026-06-10,Downtown Drop,Springfield Depot,193.8,4.47,23.6,36.79,delivery
T04828,V012,D057,2026-06-10,Westside Yard,Eastfield Park,496.6,7.11,49.9,73.82,transfer
T00018,V040,D067,2026-06-11,Eastfield Park,Downtown Drop,142.9,2.62,14.2,22.18,delivery
T00137,V050,D007,2026-06-11,Airport Cargo,Downtown Drop,599.5,12.27,69.7,117.28,service_run
T00207,V070,D026,2026-06-11,Airport Cargo,Riverside Hub,392.0,6.54,49.5,74.09,service_run
T00237,V092,D044,2026-06-11,Airport Cargo,Harbor Terminal,63.0,1.34,7.2,11.8,delivery
T00354,V030,D022,2026-06-11,Eastfield Park,Springfield Depot,219.9,5.18,35.9,57.99,delivery
T00479,V060,D005,2026-06-11,Riverside Hub,Eastfield Park,476.0,8.11,57.8,89.61,delivery
T01044,V026,D021,2026-06-11,Airport Cargo,Harbor Terminal,65.4,1.22,9.9,16.05,transfer
T01479,V006,D006,2026-06-11,Airport Cargo,Harbor Terminal,120.2,2.09,18.0,27.86,service_run
T01491,V101,D017,2026-06-11,Springfield Depot,Westside Yard,377.3,5.53,49.3,84.58,service_run
T01584,V012,D057,2026-06-11,Downtown Drop,Airport Cargo,449.9,6.86,41.6,60.6,delivery
T02400,V059,D002,2026-06-11,Downtown Drop,Airport Cargo,485.4,7.95,45.3,74.75,delivery
T02821,V092,D044,2026-06-11,Harbor Terminal,Eastfield Park,480.0,6.97,46.3,69.86,service_run
T02918,V098,D018,2026-06-11,Harbor Terminal,Eastfield Park,590.0,13.06,59.2,89.33,delivery
T03256,V063,D010,2026-06-11,Westside Yard,Eastfield Park,95.6,2.04,11.8,19.85,transfer
T03260,V080,D054,2026-06-11,Springfield Depot,Airport Cargo,149.7,2.41,26.9,45.62,delivery
T03295,V040,D067,2026-06-11,Eastfield Park,Airport Cargo,343.1,8.39,32.9,52.92,transfer
T03399,V052,D065,2026-06-11,Airport Cargo,Northgate DC,465.5,7.13,62.7,107.98,delivery
T03626,V105,D023,2026-06-11,Northgate DC,Eastfield Park,392.7,7.71,38.0,61.64,delivery
T03660,V029,D060,2026-06-11,Eastfield Park,Airport Cargo,486.8,7.67,46.6,70.12,transfer
T04634,V084,D013,2026-06-11,Northgate DC,Eastfield Park,137.8,1.99,13.4,21.35,delivery
T05036,V012,D057,2026-06-11,Westside Yard,Northgate DC,322.6,8.49,40.5,68.17,delivery
T05065,V084,D013,2026-06-11,Westside Yard,Airport Cargo,70.7,1.23,10.1,15.66,transfer
T00270,V021,D037,2026-06-12,Riverside Hub,Harbor Terminal,121.6,2.93,11.3,19.14,pickup
T00359,V044,D020,2026-06-12,Eastfield Park,Northgate DC,463.6,10.72,59.5,99.27,pickup
T00768,V021,D037,2026-06-12,Harbor Terminal,Downtown Drop,319.5,6.21,32.2,48.84,pickup
T00886,V038,D011,2026-06-12,Eastfield Park,Springfield Depot,294.9,4.28,37.2,59.3,transfer
T00915,V027,D049,2026-06-12,Riverside Hub,Downtown Drop,552.8,13.04,67.3,103.21,service_run
T01625,V013,D016,2026-06-12,Riverside Hub,Airport Cargo,22.0,0.52,2.6,4.54,delivery
T01654,V074,D009,2026-06-12,Harbor Terminal,Airport Cargo,578.1,13.66,55.4,92.27,delivery
T02236,V004,D003,2026-06-12,Downtown Drop,Northgate DC,338.2,7.86,60.7,100.72,delivery
T02505,V087,D039,2026-06-12,Airport Cargo,Westside Yard,22.1,0.52,3.4,5.81,transfer
T02816,V095,D034,2026-06-12,Airport Cargo,Downtown Drop,258.1,4.99,37.5,65.62,delivery
T02831,V044,D020,2026-06-12,Harbor Terminal,Downtown Drop,521.7,12.67,55.1,92.77,delivery
T02973,V026,D021,2026-06-12,Harbor Terminal,Northgate DC,543.7,10.37,59.2,94.76,pickup
T03392,V077,D029,2026-06-12,Eastfield Park,Airport Cargo,388.9,10.17,61.1,90.71,delivery
T03694,V053,D019,2026-06-12,Springfield Depot,Westside Yard,538.8,9.99,54.3,79.44,delivery
T03957,V117,D027,2026-06-12,Springfield Depot,Northgate DC,208.4,3.85,26.4,44.24,delivery
T03999,V098,D018,2026-06-12,Airport Cargo,Riverside Hub,72.0,1.22,8.5,14.3,pickup
T04221,V040,D067,2026-06-12,Westside Yard,Eastfield Park,164.2,3.79,21.4,36.8,pickup
T04825,V104,D068,2026-06-12,Eastfield Park,Westside Yard,574.9,10.76,67.9,113.8,service_run
T00202,V084,D013,2026-06-13,Riverside Hub,Eastfield Park,470.5,9.08,54.3,91.54,delivery
T00303,V050,D007,2026-06-13,Springfield Depot,Eastfield Park,26.4,0.45,3.2,4.9,service_run
T00709,V032,D062,2026-06-13,Westside Yard,Riverside Hub,155.2,2.32,16.3,24.09,delivery
T00788,V098,D018,2026-06-13,Westside Yard,Harbor Terminal,271.4,6.55,28.2,44.13,delivery
T00803,V092,D044,2026-06-13,Airport Cargo,Harbor Terminal,419.3,7.87,50.1,80.01,delivery
T01063,V077,D029,2026-06-13,Westside Yard,Airport Cargo,467.1,10.31,69.9,108.95,delivery
T01306,V082,D055,2026-06-13,Riverside Hub,Airport Cargo,144.1,2.37,23.8,37.67,service_run
T01574,V007,D004,2026-06-13,Eastfield Park,Riverside Hub,97.3,2.19,13.2,21.61,service_run
T02189,V008,D046,2026-06-13,Springfield Depot,Harbor Terminal,547.3,9.36,82.7,141.4,delivery
T02625,V028,D064,2026-06-13,Westside Yard,Springfield Depot,119.4,2.61,20.7,31.76,delivery
T02877,V095,D034,2026-06-13,Northgate DC,Springfield Depot,344.3,7.6,60.9,99.09,delivery
T03133,V055,D059,2026-06-13,Northgate DC,Harbor Terminal,199.6,4.35,36.1,57.28,delivery
T03136,V095,D034,2026-06-13,Eastfield Park,Harbor Terminal,537.9,7.71,53.2,85.51,pickup
T03233,V013,D016,2026-06-13,Harbor Terminal,Westside Yard,138.8,2.24,19.3,31.37,delivery
T03268,V043,D073,2026-06-13,Airport Cargo,Downtown Drop,21.7,0.49,3.3,4.91,service_run
T03599,V107,D015,2026-06-13,Northgate DC,Downtown Drop,403.1,10.06,44.9,72.75,transfer
T03687,V114,D070,2026-06-13,Northgate DC,Airport Cargo,240.8,3.6,24.5,42.16,delivery
T04320,V043,D073,2026-06-13,Airport Cargo,Springfield Depot,55.9,0.83,9.2,15.67,delivery
T00218,V068,D025,2026-06-14,Northgate DC,Harbor Terminal,343.1,6.2,51.7,87.37,delivery
T00491,V027,D049,2026-06-14,Eastfield Park,Northgate DC,195.3,2.81,20.4,34.51,transfer
T01151,V029,D060,2026-06-14,Downtown Drop,Airport Cargo,476.9,9.18,67.1,98.95,delivery
T01161,V008,D046,2026-06-14,Riverside Hub,Westside Yard,93.0,2.23,10.0,14.98,pickup
T01193,V052,D065,2026-06-14,Harbor Terminal,Westside Yard,617.7,8.84,84.0,138.35,service_run
T01253,V047,D050,2026-06-14,Springfield Depot,Downtown Drop,505.3,9.02,46.0,78.53,transfer
T01423,V044,D020,2026-06-14,Eastfield Park,Northgate DC,272.1,5.66,30.7,50.1,service_run
T02079,V014,D031,2026-06-14,Riverside Hub,Eastfield Park,564.1,12.4,77.1,120.4,transfer
T02188,V041,D047,2026-06-14,Springfield Depot,Harbor Terminal,483.7,6.98,78.9,124.16,delivery
T02498,V028,D064,2026-06-14,Northgate DC,Harbor Terminal,544.9,7.99,57.9,96.8,service_run
T02694,V052,D065,2026-06-14,Westside Yard,Airport Cargo,77.1,1.49,10.1,15.63,service_run
T02941,V060,D005,2026-06-14,Airport Cargo,Northgate DC,108.4,2.11,16.5,24.01,transfer
T03032,V013,D016,2026-06-14,Northgate DC,Harbor Terminal,526.2,9.92,61.7,104.82,delivery
T03157,V108,D063,2026-06-14,Eastfield Park,Springfield Depot,354.4,5.17,35.2,51.12,delivery
T03434,V059,D002,2026-06-14,Eastfield Park,Downtown Drop,146.6,2.28,17.6,28.69,delivery
T03681,V081,D042,2026-06-14,Downtown Drop,Harbor Terminal,170.1,3.13,29.9,50.84,service_run
T03953,V043,D073,2026-06-14,Downtown Drop,Riverside Hub,441.9,8.14,68.1,116.67,pickup
T04196,V117,D027,2026-06-14,Harbor Terminal,Downtown Drop,106.5,2.15,14.4,22.92,delivery
T04367,V094,D078,2026-06-14,Westside Yard,Downtown Drop,207.7,3.53,33.8,56.45,delivery
T04457,V052,D065,2026-06-14,Airport Cargo,Springfield Depot,151.8,2.7,18.8,28.11,delivery
T04464,V024,D079,2026-06-14,Downtown Drop,Eastfield Park,388.5,8.58,44.7,77.9,delivery
T04490,V101,D017,2026-06-14,Northgate DC,Springfield Depot,193.1,3.38,17.8,29.54,transfer
T00068,V027,D049,2026-06-15,Northgate DC,Airport Cargo,291.7,7.65,33.4,55.81,transfer
T00566,V101,D017,2026-06-15,Northgate DC,Harbor Terminal,531.0,8.05,93.7,144.45,service_run
T00762,V028,D064,2026-06-15,Springfield Depot,Riverside Hub,401.5,6.49,46.3,69.74,service_run
T00906,V092,D044,2026-06-15,Eastfield Park,Westside Yard,463.1,10.95,58.6,88.2,transfer
T00996,V026,D021,2026-06-15,Westside Yard,Downtown Drop,318.7,5.78,32.5,50.68,delivery
T01031,V068,D025,2026-06-15,Springfield Depot,Downtown Drop,438.2,10.32,50.8,81.61,delivery
T01054,V063,D010,2026-06-15,Downtown Drop,Springfield Depot,201.4,3.23,23.4,36.77,pickup
T01366,V045,D076,2026-06-15,Springfield Depot,Downtown Drop,175.1,3.86,16.8,28.92,delivery
T01814,V065,D080,2026-06-15,Northgate DC,Springfield Depot,346.0,6.5,46.3,67.14,delivery
T02280,V110,D072,2026-06-15,Riverside Hub,Airport Cargo,297.8,4.49,44.4,71.12,delivery
T02293,V039,D045,2026-06-15,Northgate DC,Riverside Hub,279.3,4.16,29.9,50.68,transfer
T02686,V004,D003,2026-06-15,Springfield Depot,Harbor Terminal,177.7,2.71,24.1,36.12,transfer
T03163,V045,D076,2026-06-15,Springfield Depot,Northgate DC,554.9,13.42,50.9,80.15,transfer
T03226,V065,D080,2026-06-15,Airport Cargo,Northgate DC,28.0,0.72,2.8,4.66,transfer
T03449,V037,D035,2026-06-15,Springfield Depot,Airport Cargo,275.7,5.79,39.7,66.88,delivery
T03475,V065,D080,2026-06-15,Westside Yard,Downtown Drop,415.9,6.54,45.8,73.31,transfer
T03616,V007,D004,2026-06-15,Downtown Drop,Airport Cargo,474.1,8.95,44.9,78.14,transfer
T03667,V105,D023,2026-06-15,Riverside Hub,Eastfield Park,529.2,9.19,50.5,88.21,delivery
T04405,V019,D041,2026-06-15,Eastfield Park,Riverside Hub,232.5,6.08,21.7,37.61,service_run
T04518,V092,D044,2026-06-15,Riverside Hub,Springfield Depot,394.8,10.12,40.1,65.03,transfer
T04549,V074,D009,2026-06-15,Downtown Drop,Harbor Terminal,531.5,10.94,78.7,129.39,delivery
T04789,V004,D003,2026-06-15,Downtown Drop,Riverside Hub,471.0,7.93,63.8,105.5,pickup
T05133,V116,D012,2026-06-15,Downtown Drop,Westside Yard,436.0,6.93,58.7,86.49,delivery
T05182,V047,D050,2026-06-15,Harbor Terminal,Airport Cargo,509.6,8.58,46.8,78.69,pickup
T05195,V059,D002,2026-06-15,Airport Cargo,Harbor Terminal,513.5,11.77,62.3,93.02,pickup
T00795,V027,D049,2026-06-16,Downtown Drop,Riverside Hub,118.5,2.1,16.2,24.88,service_run
T00821,V068,D025,2026-06-16,Harbor Terminal,Westside Yard,311.9,5.82,42.0,65.49,delivery
T01094,V087,D039,2026-06-16,Harbor Terminal,Eastfield Park,615.6,11.82,77.0,128.86,service_run
T01098,V062,D056,2026-06-16,Riverside Hub,Downtown Drop,278.9,4.04,25.6,38.52,transfer
T01177,V104,D068,2026-06-16,Westside Yard,Northgate DC,283.6,5.86,37.1,58.23,service_run
T01311,V013,D016,2026-06-16,Westside Yard,Northgate DC,446.4,8.89,79.4,126.82,service_run
T01472,V080,D054,2026-06-16,Springfield Depot,Harbor Terminal,433.1,8.7,77.3,125.17,service_run
T01500,V047,D050,2026-06-16,Riverside Hub,Airport Cargo,139.0,2.62,20.2,29.95,delivery
T01876,V039,D045,2026-06-16,Northgate DC,Riverside Hub,572.4,8.52,70.6,114.38,delivery
T02330,V008,D046,2026-06-16,Riverside Hub,Northgate DC,468.1,8.26,58.2,89.98,transfer
T02446,V053,D019,2026-06-16,Westside Yard,Downtown Drop,381.2,9.24,62.1,92.2,delivery
T02852,V113,D053,2026-06-16,Harbor Terminal,Springfield Depot,564.1,13.38,54.2,93.39,service_run
T03221,V110,D072,2026-06-16,Springfield Depot,Riverside Hub,69.2,1.46,9.9,16.73,delivery
T04213,V113,D053,2026-06-16,Northgate DC,Downtown Drop,253.8,4.08,26.1,44.79,delivery
T04292,V065,D080,2026-06-16,Airport Cargo,Springfield Depot,467.4,9.99,80.7,133.85,delivery
T04752,V084,D013,2026-06-16,Eastfield Park,Westside Yard,521.7,8.32,49.1,82.58,pickup
T04857,V063,D010,2026-06-16,Northgate DC,Riverside Hub,599.5,10.78,71.5,111.93,pickup
T00299,V014,D031,2026-06-17,Downtown Drop,Westside Yard,573.2,8.57,81.7,137.33,delivery
T00425,V065,D080,2026-06-17,Northgate DC,Westside Yard,435.6,8.35,44.9,73.74,delivery
T00537,V003,D058,2026-06-17,Riverside Hub,Northgate DC,247.3,4.2,25.0,41.32,delivery
T00917,V055,D059,2026-06-17,Riverside Hub,Westside Yard,396.5,6.61,47.7,81.93,delivery
T00965,V107,D015,2026-06-17,Riverside Hub,Springfield Depot,311.6,6.25,38.5,62.9,service_run
T01069,V069,D066,2026-06-17,Downtown Drop,Springfield Depot,334.3,6.57,35.9,55.22,transfer
T01298,V110,D072,2026-06-17,Harbor Terminal,Eastfield Park,580.5,10.34,68.1,102.81,delivery
T01402,V013,D016,2026-06-17,Eastfield Park,Riverside Hub,225.4,3.75,24.9,38.16,pickup
T01691,V074,D009,2026-06-17,Northgate DC,Airport Cargo,528.8,13.75,58.9,102.68,transfer
T01979,V114,D070,2026-06-17,Westside Yard,Springfield Depot,478.0,7.31,46.4,70.58,delivery
T02030,V070,D026,2026-06-17,Northgate DC,Harbor Terminal,25.5,0.62,3.6,6.05,delivery
T02285,V095,D034,2026-06-17,Springfield Depot,Downtown Drop,269.3,3.98,35.7,60.66,delivery
T02395,V098,D018,2026-06-17,Airport Cargo,Northgate DC,400.2,6.76,49.4,79.78,service_run
T02601,V045,D076,2026-06-17,Downtown Drop,Riverside Hub,437.6,8.23,41.4,66.78,delivery
T02730,V050,D007,2026-06-17,Northgate DC,Eastfield Park,458.6,8.72,55.6,95.04,delivery
T02996,V082,D055,2026-06-17,Riverside Hub,Eastfield Park,416.6,8.91,60.1,90.76,delivery
T03101,V113,D053,2026-06-17,Harbor Terminal,Riverside Hub,591.9,11.66,93.3,137.0,transfer
T03199,V110,D072,2026-06-17,Westside Yard,Eastfield Park,224.8,3.43,24.0,38.11,delivery
T03331,V059,D002,2026-06-17,Riverside Hub,Harbor Terminal,260.8,4.09,34.1,51.44,delivery
T03495,V030,D022,2026-06-17,Springfield Depot,Northgate DC,453.0,6.77,74.0,126.07,service_run
T03820,V029,D060,2026-06-17,Westside Yard,Eastfield Park,165.3,2.65,19.3,32.59,delivery
T03882,V029,D060,2026-06-17,Eastfield Park,Riverside Hub,436.8,10.99,43.3,70.36,delivery
T03990,V068,D025,2026-06-17,Downtown Drop,Riverside Hub,387.3,8.96,36.6,59.38,delivery
T04069,V038,D011,2026-06-17,Harbor Terminal,Downtown Drop,500.6,7.61,71.8,115.53,delivery
T04280,V019,D041,2026-06-17,Westside Yard,Airport Cargo,113.2,1.99,10.6,16.51,pickup
T04393,V018,D028,2026-06-17,Downtown Drop,Riverside Hub,363.2,7.35,36.4,63.14,delivery
T04770,V092,D044,2026-06-17,Harbor Terminal,Westside Yard,423.6,10.68,53.6,91.75,transfer
T04778,V070,D026,2026-06-17,Westside Yard,Riverside Hub,147.2,2.33,18.6,28.26,delivery
T00050,V046,D071,2026-06-18,Eastfield Park,Springfield Depot,613.1,14.88,86.0,129.21,delivery
T00162,V038,D011,2026-06-18,Downtown Drop,Harbor Terminal,396.8,6.79,44.1,71.01,delivery
T00240,V038,D011,2026-06-18,Springfield Depot,Eastfield Park,468.3,7.48,62.6,96.83,pickup
T00638,V110,D072,2026-06-18,Springfield Depot,Harbor Terminal,104.2,2.16,14.8,23.69,service_run
T00898,V046,D071,2026-06-18,Airport Cargo,Eastfield Park,205.5,3.34,18.9,32.4,delivery
T00981,V101,D017,2026-06-18,Downtown Drop,Airport Cargo,374.1,5.78,40.1,61.18,delivery
T01078,V026,D021,2026-06-18,Downtown Drop,Airport Cargo,24.8,0.36,3.3,4.88,delivery
T01475,V060,D005,2026-06-18,Northgate DC,Harbor Terminal,69.2,1.1,8.3,13.48,service_run
T02069,V074,D009,2026-06-18,Springfield Depot,Airport Cargo,172.0,2.7,18.8,31.11,delivery
T02602,V094,D078,2026-06-18,Downtown Drop,Springfield Depot,135.9,1.94,17.1,25.52,delivery
T02746,V063,D010,2026-06-18,Downtown Drop,Riverside Hub,261.1,4.21,25.8,39.77,delivery
T02866,V101,D017,2026-06-18,Springfield Depot,Downtown Drop,280.6,4.76,37.1,60.13,pickup
T02993,V108,D063,2026-06-18,Airport Cargo,Harbor Terminal,157.4,2.39,14.3,24.01,service_run
T03038,V041,D047,2026-06-18,Riverside Hub,Airport Cargo,215.2,3.44,32.5,48.51,transfer
T03328,V028,D064,2026-06-18,Airport Cargo,Westside Yard,173.7,3.01,22.6,36.47,delivery
T03494,V094,D078,2026-06-18,Airport Cargo,Eastfield Park,583.8,10.04,56.0,89.15,delivery
T03607,V045,D076,2026-06-18,Springfield Depot,Northgate DC,404.1,7.45,40.8,61.91,delivery
T03847,V053,D019,2026-06-18,Downtown Drop,Riverside Hub,605.0,9.08,66.3,113.99,service_run
T04025,V061,D001,2026-06-18,Eastfield Park,Riverside Hub,606.9,10.2,86.7,142.73,pickup
T04428,V077,D029,2026-06-18,Downtown Drop,Airport Cargo,279.3,5.23,33.2,48.6,pickup
T04867,V070,D026,2026-06-18,Airport Cargo,Northgate DC,526.4,10.36,83.3,126.17,transfer
T04886,V070,D026,2026-06-18,Downtown Drop,Harbor Terminal,165.8,2.64,15.2,25.46,transfer
T04988,V082,D055,2026-06-18,Eastfield Park,Springfield Depot,292.6,5.38,49.9,85.69,delivery
T00311,V116,D012,2026-06-19,Northgate DC,Westside Yard,583.8,10.33,56.8,98.12,delivery
T00578,V098,D018,2026-06-19,Riverside Hub,Airport Cargo,247.7,4.1,27.1,39.65,delivery
T00846,V059,D002,2026-06-19,Harbor Terminal,Springfield Depot,87.7,1.5,11.5,19.76,transfer
T01003,V117,D027,2026-06-19,Springfield Depot,Riverside Hub,39.6,0.69,5.4,9.0,delivery
T01742,V030,D022,2026-06-19,Riverside Hub,Northgate DC,238.9,4.53,28.6,45.45,delivery
T02034,V030,D022,2026-06-19,Northgate DC,Riverside Hub,67.4,0.97,11.2,16.67,service_run
T02689,V052,D065,2026-06-19,Airport Cargo,Springfield Depot,90.4,2.31,10.6,17.25,transfer
T02932,V002,D074,2026-06-19,Springfield Depot,Northgate DC,278.7,6.49,47.2,72.89,transfer
T03075,V035,D069,2026-06-19,Westside Yard,Downtown Drop,158.9,3.8,17.1,27.99,delivery
T03390,V040,D067,2026-06-19,Northgate DC,Springfield Depot,124.6,2.51,17.4,29.4,transfer
T03690,V069,D066,2026-06-19,Westside Yard,Downtown Drop,414.1,7.29,40.4,63.03,delivery
T03724,V109,D051,2026-06-19,Springfield Depot,Eastfield Park,130.7,2.04,16.0,23.22,service_run
T04358,V035,D069,2026-06-19,Riverside Hub,Westside Yard,467.6,7.14,64.2,110.72,delivery
T04371,V065,D080,2026-06-19,Downtown Drop,Westside Yard,506.4,11.27,81.3,124.19,delivery
T04480,V081,D042,2026-06-19,Downtown Drop,Springfield Depot,569.2,12.98,63.3,95.9,service_run
T04504,V113,D053,2026-06-19,Springfield Depot,Airport Cargo,430.3,6.86,42.9,64.76,delivery
T04937,V104,D068,2026-06-19,Downtown Drop,Springfield Depot,365.9,5.46,48.8,70.81,delivery
T00061,V018,D028,2026-06-20,Riverside Hub,Downtown Drop,283.7,5.26,32.8,50.67,pickup
T00249,V032,D062,2026-06-20,Westside Yard,Airport Cargo,554.7,8.79,65.6,103.27,service_run
T00727,V060,D005,2026-06-20,Downtown Drop,Riverside Hub,102.2,2.28,10.0,15.17,service_run
T00779,V026,D021,2026-06-20,Northgate DC,Eastfield Park,576.0,12.42,93.3,140.34,delivery
T00999,V109,D051,2026-06-20,Westside Yard,Northgate DC,237.1,4.59,22.8,37.68,delivery
T01735,V024,D079,2026-06-20,Springfield Depot,Westside Yard,340.0,7.73,52.2,90.52,service_run
T01758,V104,D068,2026-06-20,Riverside Hub,Harbor Terminal,230.3,4.17,22.0,32.77,delivery
T02019,V104,D068,2026-06-20,Downtown Drop,Springfield Depot,462.7,8.36,52.0,86.84,delivery
T02268,V052,D065,2026-06-20,Westside Yard,Eastfield Park,254.6,4.8,23.7,39.85,delivery
T02459,V094,D078,2026-06-20,Harbor Terminal,Northgate DC,160.6,3.08,20.1,29.41,pickup
T02565,V035,D069,2026-06-20,Northgate DC,Riverside Hub,574.2,11.13,89.1,140.82,transfer
T02597,V039,D045,2026-06-20,Downtown Drop,Eastfield Park,509.4,8.54,80.6,138.78,service_run
T02618,V044,D020,2026-06-20,Springfield Depot,Northgate DC,278.3,6.57,34.1,54.7,pickup
T02667,V024,D079,2026-06-20,Airport Cargo,Northgate DC,307.5,5.23,31.5,52.86,delivery
T02738,V081,D042,2026-06-20,Airport Cargo,Harbor Terminal,223.8,5.02,25.1,42.82,transfer
T02768,V052,D065,2026-06-20,Westside Yard,Riverside Hub,504.4,10.54,53.0,78.89,delivery
T03250,V077,D029,2026-06-20,Northgate DC,Springfield Depot,53.2,0.85,7.4,10.73,delivery
T03630,V047,D050,2026-06-20,Northgate DC,Eastfield Park,178.8,2.69,18.8,31.81,pickup
T03808,V019,D041,2026-06-20,Westside Yard,Downtown Drop,44.7,0.68,5.8,9.4,transfer
T04563,V027,D049,2026-06-20,Eastfield Park,Airport Cargo,412.4,7.17,47.6,78.66,delivery
T04806,V012,D057,2026-06-20,Harbor Terminal,Airport Cargo,112.4,1.94,12.7,22.01,transfer
T05153,V006,D006,2026-06-20,Eastfield Park,Airport Cargo,378.7,6.47,40.1,68.16,service_run
T00229,V059,D002,2026-06-21,Springfield Depot,Westside Yard,115.7,2.12,16.3,24.33,service_run
T00410,V077,D029,2026-06-21,Harbor Terminal,Downtown Drop,104.4,2.01,16.5,25.5,delivery
T00576,V104,D068,2026-06-21,Harbor Terminal,Westside Yard,363.6,5.49,38.1,60.46,service_run
T00581,V008,D046,2026-06-21,Eastfield Park,Airport Cargo,31.2,0.64,3.5,5.49,delivery
T00796,V002,D074,2026-06-21,Downtown Drop,Springfield Depot,187.0,2.81,18.5,31.92,delivery
T00834,V061,D001,2026-06-21,Downtown Drop,Springfield Depot,345.2,8.13,45.6,72.17,delivery
T01025,V048,D036,2026-06-21,Springfield Depot,Westside Yard,451.8,7.57,76.8,131.34,pickup
T01318,V027,D049,2026-06-21,Northgate DC,Riverside Hub,349.8,6.35,46.5,70.03,delivery
T01594,V010,D040,2026-06-21,Springfield Depot,Downtown Drop,446.1,6.77,60.9,94.9,transfer
T01817,V087,D039,2026-06-21,Downtown Drop,Springfield Depot,336.8,6.0,37.2,59.78,delivery
T01954,V101,D017,2026-06-21,Riverside Hub,Downtown Drop,457.3,10.78,51.7,83.17,delivery
T01997,V044,D020,2026-06-21,Springfield Depot,Westside Yard,69.1,1.32,7.2,10.79,delivery
T02407,V041,D047,2026-06-21,Eastfield Park,Downtown Drop,68.5,1.53,10.0,14.89,delivery
T02527,V035,D069,2026-06-21,Downtown Drop,Harbor Terminal,123.2,2.2,12.8,21.05,delivery
T02900,V098,D018,2026-06-21,Harbor Terminal,Northgate DC,305.4,6.92,29.5,45.48,service_run
T03015,V047,D050,2026-06-21,Westside Yard,Downtown Drop,367.8,5.61,41.7,72.18,delivery
T03068,V010,D040,2026-06-21,Downtown Drop,Northgate DC,506.5,9.34,54.0,83.39,transfer
T03286,V082,D055,2026-06-21,Northgate DC,Riverside Hub,139.0,2.03,14.8,22.37,transfer
T03426,V007,D004,2026-06-21,Springfield Depot,Downtown Drop,393.9,6.48,52.2,81.05,pickup
T03447,V094,D078,2026-06-21,Riverside Hub,Airport Cargo,557.3,10.79,52.7,79.54,transfer
T03972,V081,D042,2026-06-21,Downtown Drop,Westside Yard,594.9,9.33,86.5,150.15,delivery
T04620,V055,D059,2026-06-21,Airport Cargo,Springfield Depot,115.5,2.75,19.2,33.4,delivery
T04793,V010,D040,2026-06-21,Springfield Depot,Westside Yard,608.4,11.98,91.6,139.96,transfer
T00034,V060,D005,2026-06-22,Riverside Hub,Airport Cargo,530.0,7.97,65.5,104.81,service_run
T00107,V029,D060,2026-06-22,Westside Yard,Harbor Terminal,318.2,8.3,53.1,80.8,transfer
T00171,V080,D054,2026-06-22,Riverside Hub,Downtown Drop,436.6,7.04,76.9,114.88,delivery
T00649,V019,D041,2026-06-22,Harbor Terminal,Westside Yard,538.3,9.14,59.3,92.52,delivery
T00742,V032,D062,2026-06-22,Airport Cargo,Riverside Hub,62.6,0.98,7.0,11.52,service_run
T01018,V110,D072,2026-06-22,Northgate DC,Downtown Drop,188.2,4.31,17.8,27.35,transfer
T01019,V068,D025,2026-06-22,Riverside Hub,Airport Cargo,412.0,7.28,44.5,70.11,pickup
T01043,V108,D063,2026-06-22,Springfield Depot,Northgate DC,74.5,1.18,7.2,10.6,pickup
T01550,V043,D073,2026-06-22,Eastfield Park,Airport Cargo,223.7,4.1,26.5,39.12,pickup
T01619,V032,D062,2026-06-22,Eastfield Park,Westside Yard,454.4,7.79,59.3,90.74,transfer
T02049,V030,D022,2026-06-22,Downtown Drop,Riverside Hub,165.7,3.47,16.2,25.13,transfer
T02666,V077,D029,2026-06-22,Springfield Depot,Harbor Terminal,97.0,1.4,13.8,22.54,delivery
T02755,V008,D046,2026-06-22,Westside Yard,Harbor Terminal,567.3,10.55,81.4,121.18,delivery
T02855,V104,D068,2026-06-22,Springfield Depot,Eastfield Park,538.7,10.69,68.2,103.48,delivery
T03056,V074,D009,2026-06-22,Riverside Hub,Northgate DC,566.5,9.59,99.1,172.36,delivery
T03430,V039,D045,2026-06-22,Riverside Hub,Eastfield Park,141.1,2.15,22.1,36.21,delivery
T03565,V030,D022,2026-06-22,Riverside Hub,Eastfield Park,127.9,2.16,12.9,20.47,service_run
T03786,V018,D028,2026-06-22,Airport Cargo,Downtown Drop,242.6,3.9,32.8,56.8,delivery
T03812,V087,D039,2026-06-22,Westside Yard,Riverside Hub,280.6,6.02,26.8,42.07,delivery
T03971,V030,D022,2026-06-22,Downtown Drop,Eastfield Park,68.6,1.59,11.2,19.36,transfer
T04117,V110,D072,2026-06-22,Northgate DC,Downtown Drop,360.0,5.48,38.3,57.09,delivery
T04377,V039,D045,2026-06-22,Harbor Terminal,Eastfield Park,278.3,6.39,27.0,46.48,transfer
T00282,V055,D059,2026-06-23,Riverside Hub,Eastfield Park,327.8,6.17,39.1,65.39,service_run
T00752,V070,D026,2026-06-23,Eastfield Park,Springfield Depot,298.4,7.32,35.3,58.93,pickup
T01211,V092,D044,2026-06-23,Downtown Drop,Airport Cargo,547.4,8.32,75.2,119.52,delivery
T01850,V013,D016,2026-06-23,Harbor Terminal,Riverside Hub,174.4,2.69,15.9,23.33,delivery
T02130,V052,D065,2026-06-23,Harbor Terminal,Downtown Drop,381.3,9.04,61.5,107.09,transfer
T02354,V006,D006,2026-06-23,Downtown Drop,Eastfield Park,565.8,10.66,79.1,120.74,delivery
T02435,V013,D016,2026-06-23,Harbor Terminal,Eastfield Park,368.2,6.72,41.9,72.19,pickup
T02886,V028,D064,2026-06-23,Riverside Hub,Northgate DC,208.3,4.79,21.8,36.06,transfer
T03071,V105,D023,2026-06-23,Airport Cargo,Northgate DC,594.2,10.06,98.8,162.29,delivery
T03755,V027,D049,2026-06-23,Riverside Hub,Downtown Drop,204.1,2.93,30.8,48.05,service_run
T04215,V027,D049,2026-06-23,Riverside Hub,Downtown Drop,561.8,11.52,61.8,98.81,pickup
T04746,V052,D065,2026-06-23,Eastfield Park,Riverside Hub,183.7,3.7,22.9,35.08,service_run
T04938,V002,D074,2026-06-23,Airport Cargo,Riverside Hub,39.0,0.78,6.7,9.97,delivery
T00161,V107,D015,2026-06-24,Harbor Terminal,Eastfield Park,604.9,11.58,71.4,124.3,service_run
T00188,V018,D028,2026-06-24,Downtown Drop,Eastfield Park,499.6,10.03,85.6,142.31,transfer
T00471,V069,D066,2026-06-24,Downtown Drop,Airport Cargo,94.4,1.46,13.3,21.97,service_run
T00735,V014,D031,2026-06-24,Downtown Drop,Eastfield Park,303.8,6.05,33.4,48.98,delivery
T01103,V107,D015,2026-06-24,Harbor Terminal,Springfield Depot,209.8,5.19,22.2,36.91,service_run
T02253,V080,D054,2026-06-24,Riverside Hub,Harbor Terminal,436.1,7.42,58.0,87.35,pickup
T02804,V077,D029,2026-06-24,Harbor Terminal,Springfield Depot,597.0,13.22,81.2,124.33,service_run
T03285,V030,D022,2026-06-24,Downtown Drop,Riverside Hub,583.7,9.75,76.9,133.95,delivery
T03408,V084,D013,2026-06-24,Downtown Drop,Eastfield Park,185.1,3.57,23.6,34.48,delivery
T03614,V010,D040,2026-06-24,Westside Yard,Riverside Hub,597.9,11.35,101.2,166.68,delivery
T03924,V055,D059,2026-06-24,Riverside Hub,Eastfield Park,282.2,5.56,36.3,53.56,delivery
T04584,V061,D001,2026-06-24,Riverside Hub,Harbor Terminal,268.7,5.76,29.7,51.67,delivery
T04862,V043,D073,2026-06-24,Northgate DC,Springfield Depot,244.0,4.91,26.9,39.56,service_run
T00110,V082,D055,2026-06-25,Springfield Depot,Westside Yard,570.3,11.79,55.1,91.53,transfer
T00435,V003,D058,2026-06-25,Downtown Drop,Westside Yard,95.6,2.13,13.1,20.5,pickup
T00442,V007,D004,2026-06-25,Downtown Drop,Springfield Depot,172.4,2.47,18.4,31.8,delivery
T00541,V030,D022,2026-06-25,Westside Yard,Springfield Depot,201.7,3.7,27.3,44.97,delivery
T01058,V108,D063,2026-06-25,Downtown Drop,Westside Yard,591.0,8.6,55.2,91.74,delivery
T01339,V080,D054,2026-06-25,Westside Yard,Eastfield Park,593.2,10.01,85.7,137.81,service_run
T01634,V013,D016,2026-06-25,Riverside Hub,Downtown Drop,472.1,8.66,57.8,95.95,transfer
T01686,V053,D019,2026-06-25,Westside Yard,Downtown Drop,40.4,0.72,4.5,6.79,pickup
T02535,V102,D038,2026-06-25,Downtown Drop,Springfield Depot,71.8,1.2,8.1,13.16,pickup
T02929,V013,D016,2026-06-25,Westside Yard,Northgate DC,81.6,1.51,8.8,13.08,pickup
T03284,V014,D031,2026-06-25,Springfield Depot,Eastfield Park,50.2,1.17,6.1,10.4,delivery
T03290,V041,D047,2026-06-25,Harbor Terminal,Springfield Depot,326.0,6.09,36.7,57.96,delivery
T03415,V098,D018,2026-06-25,Riverside Hub,Eastfield Park,51.6,0.9,8.6,13.09,service_run
T03955,V014,D031,2026-06-25,Eastfield Park,Downtown Drop,323.2,6.17,55.6,94.67,pickup
T04177,V010,D040,2026-06-25,Airport Cargo,Downtown Drop,290.7,5.59,33.4,52.29,delivery
T04445,V048,D036,2026-06-25,Harbor Terminal,Northgate DC,240.6,4.54,24.3,39.69,delivery
T04573,V047,D050,2026-06-25,Airport Cargo,Springfield Depot,610.0,9.21,102.1,173.46,delivery
T00106,V052,D065,2026-06-26,Downtown Drop,Riverside Hub,410.6,6.17,65.0,105.75,delivery
T00472,V077,D029,2026-06-26,Airport Cargo,Northgate DC,498.9,8.3,49.2,72.61,pickup
T00693,V059,D002,2026-06-26,Downtown Drop,Riverside Hub,184.5,4.0,20.9,33.39,delivery
T01060,V026,D021,2026-06-26,Westside Yard,Downtown Drop,96.2,1.57,10.0,16.97,delivery
T01080,V082,D055,2026-06-26,Westside Yard,Springfield Depot,24.6,0.58,2.3,3.51,transfer
T01108,V024,D079,2026-06-26,Riverside Hub,Harbor Terminal,155.5,2.52,19.7,31.25,delivery
T02173,V082,D055,2026-06-26,Airport Cargo,Northgate DC,469.6,7.86,54.3,81.49,transfer
T02228,V014,D031,2026-06-26,Westside Yard,Springfield Depot,396.1,7.41,36.4,55.39,service_run
T02587,V117,D027,2026-06-26,Harbor Terminal,Riverside Hub,17.8,0.41,2.1,3.6,pickup
T03040,V082,D055,2026-06-26,Airport Cargo,Riverside Hub,454.8,6.95,63.3,96.61,delivery
T03051,V002,D074,2026-06-26,Riverside Hub,Downtown Drop,86.2,1.3,10.2,17.37,delivery
T03110,V012,D057,2026-06-26,Airport Cargo,Riverside Hub,515.3,9.99,88.5,142.87,delivery
T03251,V040,D067,2026-06-26,Springfield Depot,Airport Cargo,20.8,0.53,2.2,3.35,transfer
T03279,V094,D078,2026-06-26,Downtown Drop,Riverside Hub,71.6,1.68,10.0,16.25,service_run
T03456,V068,D025,2026-06-26,Riverside Hub,Westside Yard,353.3,5.79,36.4,57.77,delivery
T04174,V080,D054,2026-06-26,Springfield Depot,Harbor Terminal,204.8,4.04,19.5,33.02,transfer
T05074,V102,D038,2026-06-26,Eastfield Park,Springfield Depot,40.6,0.82,6.7,10.79,service_run
T00174,V043,D073,2026-06-27,Westside Yard,Riverside Hub,250.4,4.31,23.2,33.93,transfer
T00556,V110,D072,2026-06-27,Springfield Depot,Riverside Hub,177.3,3.94,23.0,34.75,delivery
T00623,V109,D051,2026-06-27,Westside Yard,Northgate DC,472.9,7.91,53.6,83.24,delivery
T00819,V074,D009,2026-06-27,Airport Cargo,Eastfield Park,367.8,8.86,44.9,76.14,transfer
T01219,V080,D054,2026-06-27,Downtown Drop,Riverside Hub,53.2,1.19,6.7,10.37,delivery
T01365,V013,D016,2026-06-27,Eastfield Park,Harbor Terminal,516.9,9.18,66.3,114.5,transfer
T01420,V035,D069,2026-06-27,Springfield Depot,Harbor Terminal,243.7,5.59,37.8,64.37,pickup
T01535,V117,D027,2026-06-27,Northgate DC,Downtown Drop,354.7,6.66,40.2,61.57,delivery
T02043,V060,D005,2026-06-27,Northgate DC,Harbor Terminal,297.6,7.45,50.1,75.77,delivery
T02154,V013,D016,2026-06-27,Eastfield Park,Springfield Depot,213.3,3.05,28.9,49.15,pickup
T02269,V108,D063,2026-06-27,Harbor Terminal,Riverside Hub,499.8,7.64,83.5,141.26,delivery
T02399,V053,D019,2026-06-27,Airport Cargo,Eastfield Park,488.6,7.5,64.9,107.69,delivery
T02562,V046,D071,2026-06-27,Westside Yard,Eastfield Park,619.2,15.91,64.9,108.29,pickup
T03395,V069,D066,2026-06-27,Downtown Drop,Airport Cargo,136.3,2.08,18.4,31.19,transfer
T04092,V030,D022,2026-06-27,Riverside Hub,Harbor Terminal,326.5,7.51,43.9,69.36,pickup
T04142,V007,D004,2026-06-27,Downtown Drop,Harbor Terminal,68.9,1.1,10.6,18.33,delivery
T04147,V018,D028,2026-06-27,Westside Yard,Northgate DC,278.6,4.99,25.5,38.17,delivery
T04296,V044,D020,2026-06-27,Riverside Hub,Harbor Terminal,26.2,0.54,2.5,3.92,transfer
T00632,V050,D007,2026-06-28,Northgate DC,Harbor Terminal,590.7,10.14,64.3,102.72,service_run
T00810,V006,D006,2026-06-28,Harbor Terminal,Springfield Depot,415.4,6.14,52.0,76.71,pickup
T00957,V037,D035,2026-06-28,Springfield Depot,Riverside Hub,544.1,10.01,74.8,118.33,service_run
T01220,V063,D010,2026-06-28,Westside Yard,Eastfield Park,491.0,11.1,57.4,85.42,delivery
T01249,V006,D006,2026-06-28,Airport Cargo,Eastfield Park,120.6,1.83,19.7,31.99,transfer
T01811,V055,D059,2026-06-28,Riverside Hub,Downtown Drop,42.2,0.97,5.8,9.5,delivery
T01990,V006,D006,2026-06-28,Harbor Terminal,Downtown Drop,106.4,1.57,13.9,21.85,delivery
T02513,V026,D021,2026-06-28,Springfield Depot,Harbor Terminal,223.7,3.38,21.4,32.42,transfer
T02603,V063,D010,2026-06-28,Northgate DC,Downtown Drop,241.6,4.68,30.9,52.99,delivery
T03232,V028,D064,2026-06-28,Springfield Depot,Eastfield Park,222.4,4.34,26.9,46.51,service_run
T03381,V110,D072,2026-06-28,Westside Yard,Downtown Drop,310.3,5.55,36.0,52.98,delivery
T03751,V095,D034,2026-06-28,Harbor Terminal,Airport Cargo,578.8,11.62,55.8,87.83,pickup
T04110,V102,D038,2026-06-28,Airport Cargo,Westside Yard,48.9,0.86,6.4,10.29,delivery
T04816,V019,D041,2026-06-28,Downtown Drop,Riverside Hub,499.9,8.34,77.3,132.16,transfer
T00667,V087,D039,2026-06-29,Northgate DC,Westside Yard,373.3,8.88,53.9,84.28,service_run
T01134,V070,D026,2026-06-29,Westside Yard,Springfield Depot,539.9,7.88,85.5,131.06,delivery
T01280,V052,D065,2026-06-29,Northgate DC,Harbor Terminal,55.4,1.08,5.6,9.06,delivery
T01461,V117,D027,2026-06-29,Northgate DC,Downtown Drop,222.5,3.18,39.4,59.43,service_run
T01515,V082,D055,2026-06-29,Northgate DC,Springfield Depot,133.6,1.97,13.7,21.72,pickup
T01650,V095,D034,2026-06-29,Downtown Drop,Riverside Hub,434.8,6.96,53.6,87.58,pickup
T01802,V087,D039,2026-06-29,Harbor Terminal,Riverside Hub,136.2,3.19,17.2,30.0,delivery
T01903,V117,D027,2026-06-29,Springfield Depot,Airport Cargo,211.8,3.09,19.9,31.73,pickup
T01928,V098,D018,2026-06-29,Northgate DC,Riverside Hub,97.8,1.44,9.2,13.84,transfer
T01946,V095,D034,2026-06-29,Downtown Drop,Airport Cargo,128.7,3.15,18.3,29.17,service_run
T02709,V019,D041,2026-06-29,Springfield Depot,Airport Cargo,447.0,6.75,46.6,79.29,pickup
T03007,V087,D039,2026-06-29,Airport Cargo,Springfield Depot,92.4,2.31,10.0,16.5,transfer
T03670,V006,D006,2026-06-29,Riverside Hub,Harbor Terminal,66.7,1.18,10.5,17.6,delivery
T04004,V012,D057,2026-06-29,Northgate DC,Eastfield Park,460.7,7.43,42.2,68.79,delivery
T04273,V021,D037,2026-06-29,Riverside Hub,Springfield Depot,602.3,15.01,83.1,124.55,delivery
T04404,V045,D076,2026-06-29,Riverside Hub,Westside Yard,49.8,0.83,8.7,13.33,delivery
T00103,V068,D025,2026-06-30,Harbor Terminal,Airport Cargo,295.0,5.3,39.5,59.36,transfer
T00334,V084,D013,2026-06-30,Riverside Hub,Airport Cargo,504.9,9.38,54.1,79.79,delivery
T00373,V004,D003,2026-06-30,Northgate DC,Downtown Drop,225.7,4.33,24.3,42.43,transfer
T00683,V041,D047,2026-06-30,Riverside Hub,Airport Cargo,595.6,11.1,54.6,87.29,service_run
T00691,V095,D034,2026-06-30,Springfield Depot,Northgate DC,52.1,1.25,6.6,10.29,delivery
T00964,V055,D059,2026-06-30,Harbor Terminal,Northgate DC,256.0,4.41,23.3,40.57,delivery
T01174,V104,D068,2026-06-30,Westside Yard,Riverside Hub,571.3,13.4,90.1,147.87,delivery
T01287,V028,D064,2026-06-30,Downtown Drop,Westside Yard,387.0,5.87,39.3,64.48,delivery
T01589,V050,D007,2026-06-30,Harbor Terminal,Airport Cargo,524.2,10.1,83.8,124.29,transfer
T01607,V109,D051,2026-06-30,Northgate DC,Downtown Drop,360.5,7.46,52.5,79.01,service_run
T01672,V029,D060,2026-06-30,Northgate DC,Eastfield Park,78.3,1.56,7.7,11.25,delivery
T02848,V018,D028,2026-06-30,Downtown Drop,Harbor Terminal,203.5,4.53,19.3,31.98,delivery
T03020,V108,D063,2026-06-30,Westside Yard,Harbor Terminal,577.1,14.03,99.7,149.11,service_run
T04740,V082,D055,2026-06-30,Downtown Drop,Airport Cargo,147.0,3.06,24.8,41.76,transfer
T04747,V032,D062,2026-06-30,Westside Yard,Northgate DC,354.2,6.72,60.5,99.51,transfer
T04764,V038,D011,2026-06-30,Airport Cargo,Downtown Drop,286.7,6.27,27.2,41.39,delivery
T04794,V050,D007,2026-06-30,Northgate DC,Springfield Depot,617.3,14.43,94.3,154.53,delivery
T04827,V048,D036,2026-06-30,Harbor Terminal,Westside Yard,462.5,7.56,81.6,139.91,delivery
T04985,V038,D011,2026-06-30,Downtown Drop,Westside Yard,161.9,2.84,15.2,23.84,pickup
T05048,V081,D042,2026-06-30,Westside Yard,Downtown Drop,234.0,5.08,36.1,59.65,delivery
T05059,V040,D067,2026-06-30,Westside Yard,Airport Cargo,488.1,11.64,57.7,98.95,delivery
T00028,V024,D079,2026-07-01,Westside Yard,Downtown Drop,53.6,1.14,4.9,8.07,service_run
T00115,V026,D021,2026-07-01,Northgate DC,Westside Yard,423.5,6.55,52.1,75.9,delivery
T00143,V008,D046,2026-07-01,Harbor Terminal,Airport Cargo,239.6,5.46,33.1,55.58,transfer
T00366,V077,D029,2026-07-01,Eastfield Park,Westside Yard,357.2,5.57,34.8,54.36,service_run
T00464,V043,D073,2026-07-01,Downtown Drop,Eastfield Park,407.4,7.02,44.9,75.75,delivery
T00501,V094,D078,2026-07-01,Westside Yard,Downtown Drop,361.7,7.22,42.0,71.41,transfer
T00868,V004,D003,2026-07-01,Northgate DC,Airport Cargo,46.5,0.77,4.8,7.75,delivery
T00993,V082,D055,2026-07-01,Downtown Drop,Riverside Hub,36.1,0.84,3.4,5.63,delivery
T01356,V047,D050,2026-07-01,Harbor Terminal,Westside Yard,278.4,6.23,45.1,71.8,delivery
T02174,V113,D053,2026-07-01,Westside Yard,Downtown Drop,612.4,8.77,108.7,168.14,delivery
T02322,V094,D078,2026-07-01,Riverside Hub,Downtown Drop,192.0,2.77,23.0,34.68,delivery
T02337,V045,D076,2026-07-01,Northgate DC,Airport Cargo,486.5,8.73,55.6,95.52,delivery
T02373,V087,D039,2026-07-01,Airport Cargo,Harbor Terminal,100.1,2.63,11.9,18.93,delivery
T02794,V004,D003,2026-07-01,Riverside Hub,Harbor Terminal,517.2,9.55,86.9,137.9,delivery
T02949,V108,D063,2026-07-01,Airport Cargo,Springfield Depot,495.7,9.89,88.5,146.58,pickup
T03345,V105,D023,2026-07-01,Harbor Terminal,Springfield Depot,373.0,6.0,43.9,64.93,delivery
T04193,V107,D015,2026-07-01,Westside Yard,Airport Cargo,239.7,3.8,22.5,37.59,delivery
T04352,V055,D059,2026-07-01,Downtown Drop,Riverside Hub,589.4,9.18,72.2,122.74,delivery
T04517,V055,D059,2026-07-01,Airport Cargo,Westside Yard,106.0,1.69,10.3,15.25,delivery
T04532,V008,D046,2026-07-01,Airport Cargo,Eastfield Park,325.6,5.68,29.6,47.51,pickup
T00069,V098,D018,2026-07-02,Northgate DC,Westside Yard,574.2,10.16,58.6,97.81,delivery
T00210,V052,D065,2026-07-02,Springfield Depot,Airport Cargo,391.9,6.92,35.8,59.04,delivery
T00243,V019,D041,2026-07-02,Harbor Terminal,Airport Cargo,453.1,7.88,51.3,79.26,transfer
T00281,V007,D004,2026-07-02,Eastfield Park,Westside Yard,441.5,10.88,72.1,120.34,transfer
T00376,V004,D003,2026-07-02,Riverside Hub,Springfield Depot,473.2,7.47,82.5,132.33,delivery
T00699,V013,D016,2026-07-02,Springfield Depot,Riverside Hub,268.5,4.7,25.3,41.97,delivery
T00804,V065,D080,2026-07-02,Harbor Terminal,Westside Yard,151.6,3.73,21.8,35.26,delivery
T00982,V069,D066,2026-07-02,Airport Cargo,Downtown Drop,425.5,6.27,59.5,102.82,delivery
T01552,V053,D019,2026-07-02,Springfield Depot,Northgate DC,97.1,2.28,15.3,22.6,service_run
T01705,V002,D074,2026-07-02,Riverside Hub,Harbor Terminal,170.1,3.02,18.2,28.09,service_run
T01989,V012,D057,2026-07-02,Northgate DC,Riverside Hub,447.3,7.21,62.1,100.18,pickup
T02132,V061,D001,2026-07-02,Downtown Drop,Eastfield Park,313.0,5.55,39.8,69.19,delivery
T02531,V037,D035,2026-07-02,Riverside Hub,Springfield Depot,495.0,7.49,61.3,98.1,delivery
T02571,V068,D025,2026-07-02,Riverside Hub,Downtown Drop,348.6,8.21,53.3,92.59,delivery
T02614,V108,D063,2026-07-02,Westside Yard,Springfield Depot,86.8,1.7,9.6,15.89,delivery
T02860,V035,D069,2026-07-02,Westside Yard,Downtown Drop,46.1,0.82,5.3,9.1,pickup
T03195,V013,D016,2026-07-02,Airport Cargo,Westside Yard,66.5,1.2,6.5,10.52,transfer
T03336,V092,D044,2026-07-02,Westside Yard,Airport Cargo,408.5,9.49,66.0,105.55,pickup
T03537,V110,D072,2026-07-02,Eastfield Park,Northgate DC,487.5,10.95,56.7,97.77,service_run
T03813,V021,D037,2026-07-02,Riverside Hub,Airport Cargo,38.6,0.75,6.1,9.45,pickup
T03906,V029,D060,2026-07-02,Springfield Depot,Eastfield Park,185.3,3.46,21.2,32.04,delivery
T04019,V068,D025,2026-07-02,Downtown Drop,Airport Cargo,604.4,10.8,80.0,138.73,delivery
T04582,V065,D080,2026-07-02,Springfield Depot,Riverside Hub,121.9,3.06,11.1,16.37,delivery
T05037,V063,D010,2026-07-02,Downtown Drop,Westside Yard,496.2,12.43,48.8,73.98,pickup
T05137,V030,D022,2026-07-02,Harbor Terminal,Riverside Hub,507.8,12.06,46.8,77.68,transfer
T00414,V008,D046,2026-07-03,Riverside Hub,Northgate DC,488.3,8.53,84.1,143.82,pickup
T00466,V101,D017,2026-07-03,Airport Cargo,Riverside Hub,300.3,6.33,29.4,49.95,pickup
T00621,V108,D063,2026-07-03,Springfield Depot,Northgate DC,422.0,6.8,69.7,101.22,transfer
T01823,V070,D026,2026-07-03,Harbor Terminal,Eastfield Park,503.6,8.61,72.0,121.67,delivery
T01971,V107,D015,2026-07-03,Northgate DC,Harbor Terminal,124.9,2.19,22.1,38.65,service_run
T02065,V041,D047,2026-07-03,Eastfield Park,Airport Cargo,220.0,3.93,32.6,48.31,delivery
T02217,V006,D006,2026-07-03,Riverside Hub,Harbor Terminal,616.0,9.03,78.4,126.82,transfer
T02788,V098,D018,2026-07-03,Downtown Drop,Westside Yard,532.8,8.82,50.2,80.26,delivery
T02807,V070,D026,2026-07-03,Eastfield Park,Northgate DC,466.8,6.9,65.2,96.45,pickup
T03109,V087,D039,2026-07-03,Northgate DC,Springfield Depot,542.7,10.17,89.5,147.2,service_run
T03382,V019,D041,2026-07-03,Westside Yard,Riverside Hub,170.4,2.71,19.4,33.93,delivery
T03409,V029,D060,2026-07-03,Eastfield Park,Northgate DC,133.9,3.22,13.6,22.15,delivery
T03436,V035,D069,2026-07-03,Northgate DC,Airport Cargo,102.9,1.52,11.1,18.93,transfer
T03853,V004,D003,2026-07-03,Northgate DC,Springfield Depot,212.6,5.34,35.7,57.12,delivery
T03903,V082,D055,2026-07-03,Downtown Drop,Westside Yard,349.8,7.89,41.7,67.62,delivery
T04160,V044,D020,2026-07-03,Eastfield Park,Riverside Hub,190.6,4.04,22.4,34.58,delivery
T04164,V061,D001,2026-07-03,Downtown Drop,Northgate DC,606.1,13.6,89.5,141.62,transfer
T04304,V082,D055,2026-07-03,Airport Cargo,Harbor Terminal,316.5,4.85,42.7,73.99,pickup
T04368,V094,D078,2026-07-03,Harbor Terminal,Downtown Drop,43.1,0.82,6.0,10.44,delivery
T04431,V077,D029,2026-07-03,Eastfield Park,Northgate DC,338.5,5.36,51.4,75.37,transfer
T04470,V043,D073,2026-07-03,Northgate DC,Riverside Hub,132.1,3.0,22.7,38.73,transfer
T04558,V062,D056,2026-07-03,Riverside Hub,Downtown Drop,400.1,8.0,39.0,66.3,delivery
T00056,V108,D063,2026-07-04,Springfield Depot,Eastfield Park,83.3,1.8,10.7,16.52,service_run
T00109,V045,D076,2026-07-04,Airport Cargo,Springfield Depot,155.2,2.61,22.3,35.8,delivery
T00396,V082,D055,2026-07-04,Eastfield Park,Westside Yard,477.2,8.56,55.3,89.13,pickup
T00462,V087,D039,2026-07-04,Westside Yard,Eastfield Park,198.2,3.33,19.9,32.98,pickup
T00806,V040,D067,2026-07-04,Westside Yard,Downtown Drop,78.2,1.15,11.8,19.62,service_run
T01693,V104,D068,2026-07-04,Northgate DC,Airport Cargo,291.4,6.14,31.1,50.71,delivery
T01857,V052,D065,2026-07-04,Harbor Terminal,Westside Yard,118.2,1.75,20.9,35.27,delivery
T01976,V030,D022,2026-07-04,Riverside Hub,Northgate DC,268.9,4.61,34.4,56.86,pickup
T02654,V044,D020,2026-07-04,Riverside Hub,Harbor Terminal,567.9,8.76,68.5,103.67,service_run
T02841,V007,D004,2026-07-04,Northgate DC,Eastfield Park,405.3,6.33,59.9,104.79,service_run
T03235,V114,D070,2026-07-04,Springfield Depot,Eastfield Park,449.7,11.0,48.5,70.51,transfer
T03329,V008,D046,2026-07-04,Harbor Terminal,Springfield Depot,171.0,3.58,19.3,31.84,service_run
T03496,V098,D018,2026-07-04,Westside Yard,Airport Cargo,40.2,0.59,4.6,7.74,delivery
T03573,V110,D072,2026-07-04,Eastfield Park,Westside Yard,537.3,11.01,90.9,153.44,service_run
T04101,V095,D034,2026-07-04,Eastfield Park,Westside Yard,595.6,10.21,86.1,144.25,service_run
T04156,V094,D078,2026-07-04,Harbor Terminal,Northgate DC,374.7,6.94,37.8,55.71,delivery
T04485,V063,D010,2026-07-04,Airport Cargo,Westside Yard,342.0,5.56,38.0,57.38,delivery
T04854,V053,D019,2026-07-04,Springfield Depot,Harbor Terminal,359.8,9.45,33.7,50.81,transfer
T05058,V038,D011,2026-07-04,Eastfield Park,Springfield Depot,115.2,2.77,14.6,23.12,pickup
T00005,V107,D015,2026-07-05,Downtown Drop,Riverside Hub,556.4,11.16,80.0,125.15,delivery
T00022,V080,D054,2026-07-05,Eastfield Park,Harbor Terminal,374.4,6.73,57.8,89.78,delivery
T00309,V047,D050,2026-07-05,Harbor Terminal,Airport Cargo,250.2,4.54,25.4,43.19,pickup
T00312,V030,D022,2026-07-05,Springfield Depot,Riverside Hub,410.6,6.79,50.7,75.5,delivery
T00653,V117,D027,2026-07-05,Riverside Hub,Downtown Drop,53.7,0.86,5.3,9.22,delivery
T00923,V109,D051,2026-07-05,Westside Yard,Harbor Terminal,497.0,9.31,64.9,95.98,delivery
T01299,V095,D034,2026-07-05,Downtown Drop,Northgate DC,375.1,8.97,46.2,69.5,delivery
T01415,V002,D074,2026-07-05,Downtown Drop,Northgate DC,509.3,12.36,76.1,121.84,delivery
T01662,V037,D035,2026-07-05,Downtown Drop,Westside Yard,117.7,2.71,18.0,26.49,pickup
T02534,V060,D005,2026-07-05,Springfield Depot,Northgate DC,146.0,2.37,15.8,25.2,service_run
T04418,V074,D009,2026-07-05,Eastfield Park,Westside Yard,40.4,0.73,6.3,10.74,delivery
T04674,V046,D071,2026-07-05,Riverside Hub,Harbor Terminal,472.4,7.96,72.1,105.42,pickup
T04692,V059,D002,2026-07-05,Eastfield Park,Riverside Hub,264.5,4.73,30.4,52.96,transfer
T05060,V013,D016,2026-07-05,Riverside Hub,Eastfield Park,143.0,2.32,13.5,22.5,delivery
T05090,V013,D016,2026-07-05,Northgate DC,Springfield Depot,404.3,6.03,55.8,94.75,transfer
T00083,V061,D001,2026-07-06,Riverside Hub,Downtown Drop,492.9,8.13,57.8,92.92,delivery
T00365,V038,D011,2026-07-06,Springfield Depot,Eastfield Park,563.6,9.02,62.3,99.55,delivery
T00507,V008,D046,2026-07-06,Downtown Drop,Riverside Hub,536.5,10.46,95.3,162.76,delivery
T00679,V098,D018,2026-07-06,Northgate DC,Airport Cargo,134.5,3.21,16.0,25.54,delivery
T01066,V065,D080,2026-07-06,Riverside Hub,Westside Yard,186.0,4.6,25.4,37.53,transfer
T01135,V006,D006,2026-07-06,Northgate DC,Airport Cargo,275.7,6.14,28.4,45.03,transfer
T01562,V044,D020,2026-07-06,Northgate DC,Harbor Terminal,443.3,6.48,44.3,76.8,transfer
T01595,V055,D059,2026-07-06,Northgate DC,Springfield Depot,196.6,3.25,19.8,28.86,transfer
T01958,V048,D036,2026-07-06,Westside Yard,Harbor Terminal,519.7,13.55,87.5,148.43,service_run
T02039,V062,D056,2026-07-06,Westside Yard,Harbor Terminal,526.4,7.66,76.0,112.09,pickup
T02232,V010,D040,2026-07-06,Harbor Terminal,Springfield Depot,511.9,9.01,92.8,159.4,delivery
T02701,V065,D080,2026-07-06,Downtown Drop,Eastfield Park,273.8,4.24,42.5,68.18,delivery
T03145,V038,D011,2026-07-06,Northgate DC,Eastfield Park,55.8,1.17,7.2,12.32,delivery
T03147,V003,D058,2026-07-06,Eastfield Park,Harbor Terminal,344.4,5.53,52.8,77.31,pickup
T03207,V069,D066,2026-07-06,Airport Cargo,Harbor Terminal,192.4,2.91,18.6,27.92,pickup
T03485,V014,D031,2026-07-06,Northgate DC,Harbor Terminal,41.1,1.01,5.5,8.42,pickup
T03533,V055,D059,2026-07-06,Riverside Hub,Eastfield Park,168.4,3.01,20.4,32.05,service_run
T03692,V068,D025,2026-07-06,Springfield Depot,Westside Yard,505.8,7.38,75.8,110.61,delivery
T03936,V065,D080,2026-07-06,Airport Cargo,Harbor Terminal,502.3,9.84,49.7,79.2,delivery
T04326,V055,D059,2026-07-06,Northgate DC,Eastfield Park,306.2,5.62,28.2,47.12,delivery
T04560,V002,D074,2026-07-06,Downtown Drop,Riverside Hub,444.2,7.86,75.5,110.89,transfer
T04805,V047,D050,2026-07-06,Northgate DC,Springfield Depot,564.3,12.22,67.1,108.23,delivery
T04836,V021,D037,2026-07-06,Downtown Drop,Northgate DC,465.8,8.63,68.2,101.56,service_run
T05034,V061,D001,2026-07-06,Northgate DC,Eastfield Park,470.4,12.14,50.1,84.71,delivery
T00066,V037,D035,2026-07-07,Downtown Drop,Springfield Depot,100.0,2.17,10.6,15.99,delivery
T01392,V040,D067,2026-07-07,Airport Cargo,Harbor Terminal,346.3,5.84,59.4,89.56,transfer
T01505,V004,D003,2026-07-07,Downtown Drop,Airport Cargo,490.3,8.2,56.1,98.08,pickup
T01518,V041,D047,2026-07-07,Westside Yard,Eastfield Park,616.5,11.25,108.0,169.51,delivery
T01801,V019,D041,2026-07-07,Downtown Drop,Westside Yard,418.1,6.7,41.3,66.5,delivery
T02402,V082,D055,2026-07-07,Riverside Hub,Northgate DC,573.9,10.79,90.7,135.78,pickup
T02662,V050,D007,2026-07-07,Riverside Hub,Downtown Drop,539.9,8.92,51.7,77.79,delivery
T02754,V074,D009,2026-07-07,Eastfield Park,Springfield Depot,93.4,1.54,15.0,22.46,delivery
T02779,V027,D049,2026-07-07,Harbor Terminal,Eastfield Park,271.8,5.33,37.0,62.39,delivery
T03008,V027,D049,2026-07-07,Eastfield Park,Westside Yard,424.1,9.25,39.7,69.38,delivery
T03572,V041,D047,2026-07-07,Downtown Drop,Westside Yard,402.1,7.94,38.3,60.93,delivery
T03643,V107,D015,2026-07-07,Harbor Terminal,Eastfield Park,310.6,6.15,45.1,76.14,delivery
T03779,V043,D073,2026-07-07,Airport Cargo,Westside Yard,599.2,8.68,68.0,109.84,delivery
T04070,V013,D016,2026-07-07,Airport Cargo,Northgate DC,271.0,5.28,42.5,62.76,delivery
T04697,V114,D070,2026-07-07,Eastfield Park,Riverside Hub,202.4,3.95,18.5,30.66,delivery
T00271,V065,D080,2026-07-08,Airport Cargo,Downtown Drop,405.2,9.55,69.4,112.72,service_run
T01113,V048,D036,2026-07-08,Harbor Terminal,Springfield Depot,148.9,2.13,18.9,32.09,pickup
T01139,V006,D006,2026-07-08,Riverside Hub,Airport Cargo,455.8,8.09,62.2,107.9,pickup
T01191,V074,D009,2026-07-08,Downtown Drop,Riverside Hub,24.7,0.5,2.4,3.66,transfer
T01217,V116,D012,2026-07-08,Springfield Depot,Northgate DC,501.2,8.61,64.3,99.77,delivery
T01621,V008,D046,2026-07-08,Northgate DC,Airport Cargo,559.3,11.88,61.9,106.35,service_run
T02223,V109,D051,2026-07-08,Eastfield Park,Northgate DC,133.9,3.35,20.8,32.77,transfer
T02426,V019,D041,2026-07-08,Riverside Hub,Harbor Terminal,85.2,1.42,8.3,14.34,delivery
T02621,V048,D036,2026-07-08,Airport Cargo,Westside Yard,350.7,5.15,61.7,101.27,delivery
T02712,V109,D051,2026-07-08,Westside Yard,Harbor Terminal,175.3,3.75,21.3,32.72,delivery
T03175,V074,D009,2026-07-08,Westside Yard,Northgate DC,221.1,5.7,29.9,46.43,service_run
T03211,V095,D034,2026-07-08,Eastfield Park,Riverside Hub,343.3,6.77,32.7,52.93,service_run
T03321,V114,D070,2026-07-08,Springfield Depot,Airport Cargo,366.4,5.8,34.8,52.77,delivery
T03539,V068,D025,2026-07-08,Northgate DC,Airport Cargo,227.8,5.29,22.3,36.48,transfer
T03641,V006,D006,2026-07-08,Riverside Hub,Harbor Terminal,206.3,3.44,20.0,34.35,pickup
T03832,V044,D020,2026-07-08,Riverside Hub,Northgate DC,241.7,5.29,26.7,38.73,pickup
T04271,V028,D064,2026-07-08,Eastfield Park,Westside Yard,537.6,8.49,60.2,101.17,delivery
T04306,V110,D072,2026-07-08,Eastfield Park,Riverside Hub,129.1,2.14,19.5,33.32,delivery
T04413,V055,D059,2026-07-08,Downtown Drop,Springfield Depot,618.0,9.49,69.9,106.74,transfer
T04467,V032,D062,2026-07-08,Harbor Terminal,Riverside Hub,24.8,0.39,4.5,7.26,pickup
T04514,V029,D060,2026-07-08,Harbor Terminal,Riverside Hub,292.1,6.45,41.5,69.11,delivery
T00314,V026,D021,2026-07-09,Riverside Hub,Downtown Drop,375.0,8.43,42.2,65.46,service_run
T00323,V107,D015,2026-07-09,Springfield Depot,Eastfield Park,121.7,2.08,13.2,20.27,pickup
T00403,V069,D066,2026-07-09,Westside Yard,Riverside Hub,319.2,5.53,32.9,51.29,pickup
T00404,V041,D047,2026-07-09,Riverside Hub,Downtown Drop,399.4,6.12,36.8,55.72,delivery
T00745,V032,D062,2026-07-09,Harbor Terminal,Eastfield Park,73.9,1.12,13.2,22.3,delivery
T00920,V039,D045,2026-07-09,Riverside Hub,Harbor Terminal,186.0,2.84,28.2,47.23,delivery
T01133,V101,D017,2026-07-09,Northgate DC,Springfield Depot,372.6,6.66,63.6,102.89,delivery
T01358,V039,D045,2026-07-09,Westside Yard,Airport Cargo,295.4,6.99,27.3,42.26,service_run
T01587,V087,D039,2026-07-09,Eastfield Park,Northgate DC,356.5,6.92,36.7,61.88,transfer
T01825,V098,D018,2026-07-09,Eastfield Park,Northgate DC,257.6,3.88,29.8,44.01,delivery
T02294,V061,D001,2026-07-09,Northgate DC,Eastfield Park,196.6,3.88,19.6,31.13,transfer
T02434,V038,D011,2026-07-09,Springfield Depot,Riverside Hub,462.5,7.94,44.4,68.15,service_run
T02892,V098,D018,2026-07-09,Eastfield Park,Westside Yard,383.6,9.08,37.8,61.81,delivery
T03069,V045,D076,2026-07-09,Riverside Hub,Airport Cargo,214.6,4.03,23.4,36.1,delivery
T03122,V069,D066,2026-07-09,Eastfield Park,Northgate DC,478.9,8.38,48.2,70.56,delivery
T03444,V102,D038,2026-07-09,Northgate DC,Eastfield Park,579.9,12.32,82.9,137.81,delivery
T03513,V004,D003,2026-07-09,Westside Yard,Springfield Depot,530.8,9.4,48.5,76.03,delivery
T03588,V092,D044,2026-07-09,Airport Cargo,Downtown Drop,201.7,3.16,33.1,52.25,pickup
T03605,V116,D012,2026-07-09,Eastfield Park,Airport Cargo,447.8,8.69,42.7,71.34,delivery
T03862,V084,D013,2026-07-09,Springfield Depot,Riverside Hub,169.2,4.24,16.4,24.88,transfer
T04030,V026,D021,2026-07-09,Harbor Terminal,Riverside Hub,599.7,15.37,83.0,141.65,delivery
T04125,V108,D063,2026-07-09,Northgate DC,Airport Cargo,283.8,4.46,41.3,69.41,transfer
T04129,V092,D044,2026-07-09,Northgate DC,Downtown Drop,518.7,7.98,74.1,127.82,delivery
T04291,V003,D058,2026-07-09,Springfield Depot,Westside Yard,343.7,6.43,33.8,53.35,service_run
T04773,V002,D074,2026-07-09,Airport Cargo,Downtown Drop,434.6,6.33,52.3,83.79,service_run
T04978,V007,D004,2026-07-09,Northgate DC,Riverside Hub,136.0,3.56,13.0,19.42,service_run
T05146,V013,D016,2026-07-09,Harbor Terminal,Springfield Depot,334.8,8.38,37.3,62.29,delivery
T00236,V110,D072,2026-07-10,Eastfield Park,Riverside Hub,343.8,7.65,62.2,102.5,pickup
T00280,V002,D074,2026-07-10,Harbor Terminal,Airport Cargo,527.3,7.79,77.5,125.78,delivery
T00567,V003,D058,2026-07-10,Westside Yard,Riverside Hub,505.3,9.83,50.1,82.95,pickup
T00944,V109,D051,2026-07-10,Westside Yard,Airport Cargo,204.4,3.37,22.5,36.1,service_run
T01501,V105,D023,2026-07-10,Northgate DC,Springfield Depot,418.7,10.89,65.0,97.4,delivery
T01545,V030,D022,2026-07-10,Airport Cargo,Eastfield Park,597.7,11.41,64.3,105.53,pickup
T01571,V043,D073,2026-07-10,Northgate DC,Airport Cargo,71.2,1.8,6.6,9.87,delivery
T01618,V114,D070,2026-07-10,Northgate DC,Harbor Terminal,423.0,7.11,48.4,78.31,transfer
T01885,V094,D078,2026-07-10,Springfield Depot,Eastfield Park,614.8,9.85,86.1,127.68,delivery
T02095,V105,D023,2026-07-10,Northgate DC,Airport Cargo,445.0,6.82,60.2,97.89,delivery
T02466,V038,D011,2026-07-10,Northgate DC,Eastfield Park,355.7,8.22,46.9,74.37,delivery
T02885,V117,D027,2026-07-10,Riverside Hub,Springfield Depot,389.8,5.92,42.7,65.36,pickup
T03166,V098,D018,2026-07-10,Northgate DC,Harbor Terminal,466.4,7.16,70.2,122.11,delivery
T03253,V007,D004,2026-07-10,Springfield Depot,Harbor Terminal,499.3,7.25,50.6,86.88,delivery
T03695,V006,D006,2026-07-10,Harbor Terminal,Downtown Drop,179.8,3.94,23.7,40.56,delivery
T03766,V060,D005,2026-07-10,Springfield Depot,Eastfield Park,258.7,3.78,27.9,44.12,delivery
T04152,V062,D056,2026-07-10,Westside Yard,Northgate DC,176.0,4.5,25.1,41.55,transfer
T04178,V110,D072,2026-07-10,Westside Yard,Springfield Depot,319.5,5.05,43.8,73.42,service_run
T04258,V003,D058,2026-07-10,Springfield Depot,Westside Yard,467.3,10.61,43.1,68.23,delivery
T05136,V059,D002,2026-07-10,Westside Yard,Eastfield Park,205.1,4.67,22.5,32.93,delivery
T00113,V002,D074,2026-07-11,Airport Cargo,Springfield Depot,548.6,10.07,69.3,106.32,delivery
T00342,V109,D051,2026-07-11,Harbor Terminal,Airport Cargo,333.6,5.76,54.0,91.26,service_run
T00743,V035,D069,2026-07-11,Westside Yard,Airport Cargo,327.4,5.19,34.4,53.38,delivery
T01456,V105,D023,2026-07-11,Springfield Depot,Eastfield Park,534.3,7.95,54.6,82.59,delivery
T02050,V059,D002,2026-07-11,Northgate DC,Westside Yard,544.0,13.58,65.8,105.61,transfer
T02201,V050,D007,2026-07-11,Eastfield Park,Downtown Drop,471.1,9.47,50.4,87.32,service_run
T02324,V105,D023,2026-07-11,Downtown Drop,Eastfield Park,105.5,2.13,10.8,16.76,delivery
T02423,V052,D065,2026-07-11,Harbor Terminal,Eastfield Park,556.7,12.01,52.3,78.28,delivery
T02891,V069,D066,2026-07-11,Eastfield Park,Springfield Depot,440.7,10.73,49.4,72.29,delivery
T02933,V082,D055,2026-07-11,Downtown Drop,Harbor Terminal,504.2,9.65,55.0,94.22,delivery
T03152,V038,D011,2026-07-11,Harbor Terminal,Airport Cargo,553.8,8.36,50.5,78.2,delivery
T03220,V084,D013,2026-07-11,Harbor Terminal,Downtown Drop,601.7,8.83,79.3,138.08,delivery
T03701,V113,D053,2026-07-11,Harbor Terminal,Westside Yard,299.4,5.32,38.4,56.63,delivery
T04017,V043,D073,2026-07-11,Northgate DC,Downtown Drop,401.8,7.3,53.9,93.42,service_run
T04234,V101,D017,2026-07-11,Airport Cargo,Springfield Depot,141.6,2.79,21.7,37.34,service_run
T04496,V095,D034,2026-07-11,Downtown Drop,Airport Cargo,462.5,6.66,70.9,104.09,delivery
T04853,V082,D055,2026-07-11,Springfield Depot,Downtown Drop,617.3,10.85,94.0,155.51,delivery
T00121,V007,D004,2026-07-12,Northgate DC,Harbor Terminal,470.2,8.51,78.2,113.42,service_run
T00145,V007,D004,2026-07-12,Northgate DC,Airport Cargo,225.1,3.25,22.0,36.51,pickup
T00372,V032,D062,2026-07-12,Riverside Hub,Airport Cargo,148.8,2.82,22.8,33.58,delivery
T00875,V063,D010,2026-07-12,Downtown Drop,Westside Yard,78.1,1.14,10.5,16.76,delivery
T01613,V004,D003,2026-07-12,Springfield Depot,Downtown Drop,393.7,6.13,36.4,53.55,transfer
T01658,V046,D071,2026-07-12,Harbor Terminal,Springfield Depot,211.2,5.41,30.6,53.04,delivery
T01670,V104,D068,2026-07-12,Downtown Drop,Eastfield Park,325.1,5.61,47.1,76.48,transfer
T01776,V082,D055,2026-07-12,Downtown Drop,Riverside Hub,246.3,3.68,24.8,36.9,delivery
T01887,V038,D011,2026-07-12,Eastfield Park,Riverside Hub,568.9,8.8,69.1,110.99,service_run
T02561,V102,D038,2026-07-12,Riverside Hub,Westside Yard,190.6,3.98,30.4,50.17,transfer
T02713,V059,D002,2026-07-12,Westside Yard,Downtown Drop,446.3,10.12,71.3,119.43,delivery
T02777,V035,D069,2026-07-12,Eastfield Park,Northgate DC,438.5,10.75,53.6,88.75,service_run
T02916,V102,D038,2026-07-12,Westside Yard,Northgate DC,310.8,6.71,30.7,53.16,service_run
T03257,V035,D069,2026-07-12,Harbor Terminal,Airport Cargo,77.3,1.45,7.0,10.89,delivery
T03819,V048,D036,2026-07-12,Harbor Terminal,Downtown Drop,257.5,5.12,32.9,52.97,delivery
T03835,V006,D006,2026-07-12,Harbor Terminal,Riverside Hub,70.5,1.14,10.2,16.43,service_run
T03895,V038,D011,2026-07-12,Airport Cargo,Downtown Drop,445.5,10.6,48.6,78.66,pickup
T03896,V109,D051,2026-07-12,Westside Yard,Eastfield Park,219.8,5.54,36.7,63.2,pickup
T03907,V019,D041,2026-07-12,Springfield Depot,Downtown Drop,536.7,9.8,78.5,129.54,delivery
T04031,V024,D079,2026-07-12,Eastfield Park,Downtown Drop,414.4,10.31,50.0,83.28,transfer
T04476,V065,D080,2026-07-12,Riverside Hub,Westside Yard,577.0,11.01,73.8,109.98,service_run
T04696,V048,D036,2026-07-12,Eastfield Park,Downtown Drop,203.1,3.71,19.3,30.32,delivery
T04775,V019,D041,2026-07-12,Westside Yard,Eastfield Park,541.0,8.19,74.7,128.14,delivery
T04952,V061,D001,2026-07-12,Eastfield Park,Northgate DC,514.6,9.72,67.1,109.98,delivery
T04989,V010,D040,2026-07-12,Westside Yard,Springfield Depot,383.9,6.3,57.1,97.55,delivery
T00381,V044,D020,2026-07-13,Northgate DC,Airport Cargo,530.0,8.9,65.3,96.79,delivery
T00407,V061,D001,2026-07-13,Westside Yard,Riverside Hub,501.5,9.78,63.6,97.01,transfer
T00807,V032,D062,2026-07-13,Westside Yard,Airport Cargo,78.9,1.14,12.7,21.72,transfer
T00842,V006,D006,2026-07-13,Riverside Hub,Northgate DC,283.5,5.56,48.8,85.15,delivery
T01433,V026,D021,2026-07-13,Harbor Terminal,Riverside Hub,405.6,9.96,42.1,71.31,transfer
T01612,V114,D070,2026-07-13,Eastfield Park,Riverside Hub,550.4,8.25,56.2,82.9,pickup
T02873,V029,D060,2026-07-13,Springfield Depot,Eastfield Park,222.9,3.53,27.3,46.64,delivery
T03254,V053,D019,2026-07-13,Downtown Drop,Airport Cargo,179.1,2.93,28.2,45.47,pickup
T03545,V014,D031,2026-07-13,Downtown Drop,Harbor Terminal,345.1,5.18,38.3,62.69,delivery
T03741,V068,D025,2026-07-13,Eastfield Park,Airport Cargo,124.5,2.83,17.6,29.24,transfer
T03801,V110,D072,2026-07-13,Eastfield Park,Springfield Depot,166.6,2.71,20.9,33.81,service_run
T03844,V102,D038,2026-07-13,Springfield Depot,Westside Yard,544.4,13.56,85.0,125.41,delivery
T03914,V068,D025,2026-07-13,Northgate DC,Westside Yard,418.0,10.41,53.8,83.41,service_run
T03923,V035,D069,2026-07-13,Northgate DC,Springfield Depot,159.0,2.37,19.2,28.27,delivery
T04176,V107,D015,2026-07-13,Eastfield Park,Riverside Hub,409.2,7.74,47.9,82.95,delivery
T04637,V063,D010,2026-07-13,Harbor Terminal,Springfield Depot,26.8,0.53,4.8,7.94,pickup
T04784,V030,D022,2026-07-13,Downtown Drop,Eastfield Park,197.4,4.03,24.0,41.45,transfer
T04786,V018,D028,2026-07-13,Eastfield Park,Harbor Terminal,322.6,4.78,33.3,56.13,transfer
T04982,V006,D006,2026-07-13,Eastfield Park,Westside Yard,84.1,2.02,8.3,14.01,delivery
T00602,V047,D050,2026-07-14,Harbor Terminal,Riverside Hub,62.3,1.02,6.6,10.05,delivery
T02059,V010,D040,2026-07-14,Harbor Terminal,Downtown Drop,171.3,2.47,19.7,31.32,transfer
T02080,V110,D072,2026-07-14,Northgate DC,Airport Cargo,74.6,1.14,10.0,16.42,service_run
T02301,V102,D038,2026-07-14,Eastfield Park,Westside Yard,260.8,3.85,37.1,64.34,delivery
T02863,V060,D005,2026-07-14,Springfield Depot,Downtown Drop,219.4,4.93,20.5,29.79,transfer
T02961,V037,D035,2026-07-14,Riverside Hub,Airport Cargo,548.9,10.79,98.6,144.26,transfer
T03196,V026,D021,2026-07-14,Springfield Depot,Northgate DC,494.9,7.73,60.8,88.71,delivery
T03443,V012,D057,2026-07-14,Northgate DC,Airport Cargo,472.8,9.09,75.8,117.41,pickup
T03884,V077,D029,2026-07-14,Riverside Hub,Eastfield Park,390.1,7.81,48.8,73.41,delivery
T04324,V065,D080,2026-07-14,Harbor Terminal,Eastfield Park,328.9,5.38,32.3,53.3,transfer
T04712,V018,D028,2026-07-14,Eastfield Park,Airport Cargo,179.8,3.37,26.8,42.85,transfer
T00063,V061,D001,2026-07-15,Eastfield Park,Northgate DC,355.2,7.16,39.0,57.19,delivery
T00266,V028,D064,2026-07-15,Riverside Hub,Northgate DC,77.3,1.39,7.7,11.33,delivery
T00539,V028,D064,2026-07-15,Eastfield Park,Riverside Hub,170.1,3.72,21.8,36.82,delivery
T00908,V038,D011,2026-07-15,Riverside Hub,Eastfield Park,452.1,9.51,64.3,99.82,transfer
T01341,V068,D025,2026-07-15,Downtown Drop,Springfield Depot,196.8,2.87,18.1,27.88,delivery
T01353,V074,D009,2026-07-15,Downtown Drop,Airport Cargo,200.4,3.14,22.0,33.45,delivery
T01404,V045,D076,2026-07-15,Harbor Terminal,Westside Yard,403.3,8.09,64.1,97.85,delivery
T01778,V062,D056,2026-07-15,Downtown Drop,Harbor Terminal,68.0,1.6,9.2,15.51,delivery
T01902,V021,D037,2026-07-15,Northgate DC,Airport Cargo,457.3,7.42,67.9,113.29,delivery
T02172,V102,D038,2026-07-15,Airport Cargo,Harbor Terminal,406.5,6.52,51.7,85.45,delivery
T02178,V038,D011,2026-07-15,Northgate DC,Airport Cargo,522.8,12.5,88.0,131.66,service_run
T02230,V074,D009,2026-07-15,Riverside Hub,Westside Yard,15.9,0.26,2.1,3.11,pickup
T02524,V048,D036,2026-07-15,Downtown Drop,Westside Yard,113.7,2.67,17.8,28.31,service_run
T02677,V012,D057,2026-07-15,Riverside Hub,Westside Yard,565.1,8.45,87.1,146.67,delivery
T03072,V109,D051,2026-07-15,Northgate DC,Riverside Hub,338.4,7.67,44.3,73.74,transfer
T03897,V116,D012,2026-07-15,Eastfield Park,Springfield Depot,57.5,0.96,7.7,12.01,pickup
T04698,V117,D027,2026-07-15,Springfield Depot,Riverside Hub,57.9,1.02,7.9,12.44,transfer
T04871,V105,D023,2026-07-15,Riverside Hub,Northgate DC,387.2,7.98,40.7,62.23,transfer
T04950,V012,D057,2026-07-15,Eastfield Park,Riverside Hub,438.1,9.69,67.2,112.38,service_run
T00274,V003,D058,2026-07-16,Harbor Terminal,Springfield Depot,259.5,5.21,41.8,67.49,delivery
T00390,V109,D051,2026-07-16,Riverside Hub,Springfield Depot,183.7,3.99,18.9,30.22,service_run
T01022,V082,D055,2026-07-16,Northgate DC,Airport Cargo,537.4,10.79,52.8,90.41,delivery
T01290,V107,D015,2026-07-16,Northgate DC,Airport Cargo,310.1,6.36,32.1,53.2,delivery
T01570,V055,D059,2026-07-16,Airport Cargo,Springfield Depot,131.7,2.33,14.9,26.04,delivery
T01738,V092,D044,2026-07-16,Riverside Hub,Springfield Depot,168.2,3.34,30.2,47.81,delivery
T02338,V055,D059,2026-07-16,Harbor Terminal,Eastfield Park,416.0,6.22,40.9,70.61,delivery
T02495,V101,D017,2026-07-16,Northgate DC,Eastfield Park,192.6,3.01,24.6,39.93,service_run
T04010,V053,D019,2026-07-16,Westside Yard,Harbor Terminal,532.2,13.69,58.3,90.04,transfer
T04227,V012,D057,2026-07-16,Northgate DC,Westside Yard,562.4,14.64,62.1,92.96,delivery
T04771,V038,D011,2026-07-16,Harbor Terminal,Westside Yard,558.4,12.49,91.1,141.22,delivery
T04859,V117,D027,2026-07-16,Springfield Depot,Eastfield Park,23.2,0.48,2.5,3.77,transfer
T00357,V019,D041,2026-07-17,Springfield Depot,Westside Yard,253.6,5.12,30.9,46.18,pickup
T00937,V095,D034,2026-07-17,Eastfield Park,Riverside Hub,464.8,11.28,64.9,112.98,transfer
T01004,V081,D042,2026-07-17,Harbor Terminal,Airport Cargo,608.1,11.96,102.5,154.28,service_run
T01330,V074,D009,2026-07-17,Eastfield Park,Springfield Depot,348.7,7.08,60.9,91.84,transfer
T01513,V069,D066,2026-07-17,Riverside Hub,Northgate DC,349.9,7.13,59.7,97.78,transfer
T01529,V027,D049,2026-07-17,Riverside Hub,Airport Cargo,513.7,8.99,86.9,130.3,delivery
T01983,V074,D009,2026-07-17,Downtown Drop,Northgate DC,149.6,2.4,22.0,34.87,delivery
T02332,V052,D065,2026-07-17,Springfield Depot,Downtown Drop,283.2,6.59,42.7,62.13,pickup
T02486,V059,D002,2026-07-17,Eastfield Park,Springfield Depot,237.4,5.84,35.4,60.31,transfer
T02647,V028,D064,2026-07-17,Airport Cargo,Springfield Depot,109.9,2.69,13.5,20.04,service_run
T02757,V068,D025,2026-07-17,Springfield Depot,Westside Yard,550.2,8.12,55.5,95.69,transfer
T02936,V109,D051,2026-07-17,Airport Cargo,Springfield Depot,332.3,7.07,38.8,67.6,pickup
T02957,V032,D062,2026-07-17,Westside Yard,Springfield Depot,389.6,7.12,41.8,70.62,delivery
T03102,V029,D060,2026-07-17,Downtown Drop,Westside Yard,497.0,8.14,78.8,130.98,pickup
T03193,V007,D004,2026-07-17,Airport Cargo,Northgate DC,108.2,2.14,11.8,19.1,service_run
T03252,V012,D057,2026-07-17,Downtown Drop,Eastfield Park,469.8,7.36,60.3,97.93,delivery
T03440,V060,D005,2026-07-17,Riverside Hub,Westside Yard,350.4,5.39,40.2,67.18,transfer
T03516,V098,D018,2026-07-17,Riverside Hub,Springfield Depot,535.7,7.69,95.5,163.86,delivery
T03675,V101,D017,2026-07-17,Westside Yard,Harbor Terminal,393.3,6.51,50.2,80.09,delivery
T05020,V012,D057,2026-07-17,Eastfield Park,Harbor Terminal,214.2,4.48,29.1,45.62,delivery
T05085,V082,D055,2026-07-17,Harbor Terminal,Westside Yard,35.8,0.52,5.3,7.73,delivery
T00108,V037,D035,2026-07-18,Northgate DC,Westside Yard,99.9,1.63,15.7,27.19,delivery
T00677,V062,D056,2026-07-18,Eastfield Park,Harbor Terminal,514.6,7.9,90.4,132.64,delivery
T00998,V041,D047,2026-07-18,Eastfield Park,Airport Cargo,506.8,12.81,53.3,81.79,delivery
T01536,V047,D050,2026-07-18,Westside Yard,Airport Cargo,333.7,7.72,32.7,48.76,delivery
T01566,V080,D054,2026-07-18,Downtown Drop,Springfield Depot,231.2,3.64,34.0,58.71,delivery
T01666,V024,D079,2026-07-18,Eastfield Park,Airport Cargo,56.8,1.05,5.5,8.82,delivery
T01671,V117,D027,2026-07-18,Springfield Depot,Northgate DC,484.7,6.95,46.8,72.28,transfer
T01916,V037,D035,2026-07-18,Westside Yard,Riverside Hub,502.8,12.03,48.7,83.58,delivery
T02209,V087,D039,2026-07-18,Northgate DC,Eastfield Park,295.7,4.39,36.0,56.89,delivery
T02320,V084,D013,2026-07-18,Downtown Drop,Riverside Hub,502.6,10.97,71.6,120.28,delivery
T03445,V044,D020,2026-07-18,Airport Cargo,Eastfield Park,285.7,5.01,28.1,45.94,delivery
T04121,V074,D009,2026-07-18,Harbor Terminal,Riverside Hub,435.3,7.37,41.7,66.52,service_run
T04663,V037,D035,2026-07-18,Westside Yard,Eastfield Park,276.3,5.67,49.8,84.65,delivery
T04909,V028,D064,2026-07-18,Eastfield Park,Westside Yard,512.1,12.88,77.5,117.15,pickup
T05057,V095,D034,2026-07-18,Springfield Depot,Harbor Terminal,332.7,5.47,35.5,55.74,delivery
T05198,V038,D011,2026-07-18,Westside Yard,Harbor Terminal,66.7,1.23,6.1,10.0,service_run
T00167,V047,D050,2026-07-19,Harbor Terminal,Northgate DC,477.5,8.13,45.5,73.24,delivery
T00493,V065,D080,2026-07-19,Westside Yard,Airport Cargo,367.3,8.93,36.6,60.88,pickup
T00538,V104,D068,2026-07-19,Riverside Hub,Springfield Depot,213.6,3.74,32.6,47.93,delivery
T00774,V063,D010,2026-07-19,Northgate DC,Harbor Terminal,110.9,2.65,16.4,26.62,pickup
T01405,V053,D019,2026-07-19,Springfield Depot,Eastfield Park,498.7,8.88,51.9,89.03,delivery
T01592,V003,D058,2026-07-19,Westside Yard,Airport Cargo,73.9,1.78,7.8,12.7,service_run
T01652,V050,D007,2026-07-19,Springfield Depot,Downtown Drop,401.8,6.0,36.6,58.96,delivery
T01653,V107,D015,2026-07-19,Eastfield Park,Harbor Terminal,609.1,14.47,74.8,128.09,delivery
T02017,V002,D074,2026-07-19,Riverside Hub,Springfield Depot,330.3,7.17,34.0,53.44,delivery
T02520,V077,D029,2026-07-19,Downtown Drop,Springfield Depot,576.3,14.15,73.6,119.33,pickup
T02797,V048,D036,2026-07-19,Eastfield Park,Northgate DC,487.3,9.36,66.3,104.77,pickup
T03758,V053,D019,2026-07-19,Springfield Depot,Harbor Terminal,170.1,3.95,27.1,47.19,delivery
T03939,V074,D009,2026-07-19,Riverside Hub,Springfield Depot,600.7,9.21,76.4,118.36,delivery
T04820,V087,D039,2026-07-19,Riverside Hub,Downtown Drop,79.0,1.34,9.2,14.59,pickup
T04983,V039,D045,2026-07-19,Harbor Terminal,Westside Yard,330.1,8.16,32.3,53.71,delivery
T05115,V061,D001,2026-07-19,Springfield Depot,Eastfield Park,68.3,1.69,7.3,10.95,delivery
T05173,V113,D053,2026-07-19,Airport Cargo,Springfield Depot,49.7,0.84,8.2,12.31,transfer
T00195,V004,D003,2026-07-20,Springfield Depot,Northgate DC,96.7,1.39,9.3,14.08,delivery
T00371,V029,D060,2026-07-20,Downtown Drop,Northgate DC,185.3,2.75,18.9,28.33,delivery
T00495,V087,D039,2026-07-20,Eastfield Park,Westside Yard,486.2,9.43,47.2,74.67,pickup
T00949,V080,D054,2026-07-20,Airport Cargo,Northgate DC,380.7,5.63,47.0,78.3,delivery
T01114,V081,D042,2026-07-20,Springfield Depot,Harbor Terminal,541.6,13.07,59.1,100.56,service_run
T01465,V008,D046,2026-07-20,Northgate DC,Airport Cargo,434.7,6.9,70.8,103.04,delivery
T01565,V105,D023,2026-07-20,Eastfield Park,Northgate DC,319.6,5.34,31.2,51.73,service_run
T02880,V035,D069,2026-07-20,Riverside Hub,Northgate DC,315.7,4.96,31.4,53.12,transfer
T03213,V077,D029,2026-07-20,Harbor Terminal,Eastfield Park,203.3,3.93,26.0,41.44,service_run
T03333,V081,D042,2026-07-20,Northgate DC,Downtown Drop,208.7,3.03,19.9,31.17,transfer
T03458,V117,D027,2026-07-20,Springfield Depot,Eastfield Park,609.9,15.61,71.7,111.96,transfer
T04169,V018,D028,2026-07-20,Airport Cargo,Riverside Hub,298.8,4.87,39.6,67.09,delivery
T04596,V035,D069,2026-07-20,Westside Yard,Harbor Terminal,244.3,4.69,32.5,48.88,delivery
T04609,V041,D047,2026-07-20,Riverside Hub,Airport Cargo,450.9,10.57,50.7,82.37,service_run
T04936,V055,D059,2026-07-20,Downtown Drop,Northgate DC,181.3,4.56,19.0,31.93,transfer
T05009,V002,D074,2026-07-20,Springfield Depot,Downtown Drop,78.3,1.21,13.5,19.68,pickup
T00012,V055,D059,2026-07-21,Downtown Drop,Springfield Depot,292.2,5.7,28.4,42.44,transfer
T00041,V104,D068,2026-07-21,Northgate DC,Eastfield Park,375.8,5.38,51.1,81.61,delivery
T00250,V012,D057,2026-07-21,Westside Yard,Harbor Terminal,196.1,3.56,20.7,31.31,service_run
T00295,V040,D067,2026-07-21,Northgate DC,Eastfield Park,219.1,3.95,23.6,38.98,delivery
T00488,V028,D064,2026-07-21,Riverside Hub,Harbor Terminal,615.1,11.05,87.1,139.92,service_run
T00598,V008,D046,2026-07-21,Harbor Terminal,Downtown Drop,494.0,12.75,63.5,108.21,delivery
T00600,V081,D042,2026-07-21,Springfield Depot,Eastfield Park,209.6,3.18,26.4,38.83,delivery
T01091,V105,D023,2026-07-21,Harbor Terminal,Downtown Drop,327.7,4.91,30.0,46.45,delivery
T01150,V021,D037,2026-07-21,Downtown Drop,Eastfield Park,70.0,1.26,7.7,11.63,delivery
T01192,V055,D059,2026-07-21,Westside Yard,Riverside Hub,562.1,14.17,99.9,152.01,delivery
T01260,V008,D046,2026-07-21,Northgate DC,Westside Yard,77.8,1.72,14.1,23.45,delivery
T01422,V053,D019,2026-07-21,Westside Yard,Airport Cargo,446.8,10.38,43.1,75.39,transfer
T01674,V035,D069,2026-07-21,Riverside Hub,Eastfield Park,157.5,2.28,18.3,31.94,service_run
T01953,V070,D026,2026-07-21,Riverside Hub,Downtown Drop,91.5,1.61,11.0,16.54,delivery
T02458,V032,D062,2026-07-21,Springfield Depot,Airport Cargo,382.7,9.54,45.1,66.05,delivery
T02558,V095,D034,2026-07-21,Harbor Terminal,Downtown Drop,55.4,1.05,5.4,8.96,delivery
T03061,V044,D020,2026-07-21,Westside Yard,Downtown Drop,424.4,9.95,44.1,68.78,service_run
T03339,V002,D074,2026-07-21,Harbor Terminal,Eastfield Park,209.2,4.14,20.7,30.4,delivery
T03790,V047,D050,2026-07-21,Airport Cargo,Northgate DC,20.9,0.36,2.0,3.24,delivery
T03963,V026,D021,2026-07-21,Riverside Hub,Downtown Drop,236.0,5.67,38.9,64.99,pickup
T04076,V003,D058,2026-07-21,Springfield Depot,Northgate DC,530.3,8.12,72.8,125.41,transfer
T04312,V045,D076,2026-07-21,Riverside Hub,Eastfield Park,451.6,7.97,74.7,110.22,delivery
T04896,V018,D028,2026-07-21,Downtown Drop,Airport Cargo,18.5,0.31,3.0,4.76,delivery
T05189,V116,D012,2026-07-21,Downtown Drop,Airport Cargo,606.0,15.76,58.7,95.42,delivery
T00122,V098,D018,2026-07-22,Downtown Drop,Riverside Hub,269.5,3.96,26.1,41.62,pickup
T00942,V107,D015,2026-07-22,Airport Cargo,Springfield Depot,452.4,7.23,52.5,80.09,delivery
T00948,V053,D019,2026-07-22,Northgate DC,Riverside Hub,210.0,4.44,20.2,33.44,transfer
T01796,V040,D067,2026-07-22,Harbor Terminal,Northgate DC,380.1,5.82,58.9,97.62,delivery
T03224,V045,D076,2026-07-22,Harbor Terminal,Westside Yard,242.7,5.78,27.8,41.14,service_run
T03274,V095,D034,2026-07-22,Harbor Terminal,Westside Yard,335.2,4.87,37.7,60.62,transfer
T03497,V018,D028,2026-07-22,Airport Cargo,Downtown Drop,70.2,1.6,9.2,14.0,delivery
T03664,V050,D007,2026-07-22,Downtown Drop,Eastfield Park,248.1,3.67,24.0,37.27,pickup
T04595,V065,D080,2026-07-22,Northgate DC,Harbor Terminal,41.8,0.63,4.0,5.85,service_run
T04653,V012,D057,2026-07-22,Harbor Terminal,Airport Cargo,85.4,2.17,9.1,15.48,pickup
T00219,V062,D056,2026-07-23,Northgate DC,Westside Yard,565.3,8.33,71.9,124.04,delivery
T00416,V116,D012,2026-07-23,Airport Cargo,Harbor Terminal,167.3,3.99,16.1,27.24,delivery
T00909,V116,D012,2026-07-23,Downtown Drop,Northgate DC,365.8,7.57,36.1,55.8,delivery
T00950,V037,D035,2026-07-23,Westside Yard,Airport Cargo,447.6,10.23,55.2,87.83,delivery
T01100,V032,D062,2026-07-23,Airport Cargo,Westside Yard,43.4,0.64,5.1,8.21,delivery
T01155,V114,D070,2026-07-23,Springfield Depot,Riverside Hub,528.8,12.85,63.7,110.52,delivery
T01277,V004,D003,2026-07-23,Riverside Hub,Airport Cargo,558.1,10.5,74.2,113.8,transfer
T01282,V026,D021,2026-07-23,Springfield Depot,Northgate DC,417.9,6.32,47.9,71.42,delivery
T01323,V087,D039,2026-07-23,Westside Yard,Downtown Drop,297.3,5.18,32.8,54.63,service_run
T01577,V084,D013,2026-07-23,Springfield Depot,Harbor Terminal,100.1,1.69,13.6,23.73,delivery
T01753,V028,D064,2026-07-23,Westside Yard,Harbor Terminal,467.4,8.16,79.7,120.26,delivery
T02266,V018,D028,2026-07-23,Downtown Drop,Westside Yard,400.5,5.89,47.5,80.95,pickup
T02978,V052,D065,2026-07-23,Airport Cargo,Riverside Hub,287.1,5.0,32.5,54.03,pickup
T03367,V062,D056,2026-07-23,Eastfield Park,Northgate DC,147.1,2.79,19.2,32.0,pickup
T03401,V053,D019,2026-07-23,Airport Cargo,Westside Yard,384.7,6.64,53.2,82.45,delivery
T04008,V074,D009,2026-07-23,Springfield Depot,Harbor Terminal,26.6,0.52,3.9,5.95,delivery
T04042,V092,D044,2026-07-23,Westside Yard,Eastfield Park,463.1,7.31,71.6,107.13,delivery
T04315,V055,D059,2026-07-23,Riverside Hub,Eastfield Park,518.5,11.59,52.0,88.24,delivery
T04483,V101,D017,2026-07-23,Westside Yard,Eastfield Park,119.7,1.77,11.0,16.75,delivery
T04720,V003,D058,2026-07-23,Eastfield Park,Springfield Depot,265.0,4.03,26.0,44.31,service_run
T04889,V108,D063,2026-07-23,Eastfield Park,Springfield Depot,116.5,2.58,15.1,22.13,delivery
T00455,V110,D072,2026-07-24,Harbor Terminal,Airport Cargo,395.9,7.61,47.2,81.29,pickup
T00665,V038,D011,2026-07-24,Eastfield Park,Springfield Depot,455.6,8.29,63.4,105.25,delivery
T00725,V094,D078,2026-07-24,Airport Cargo,Westside Yard,364.6,8.94,39.1,60.94,delivery
T00793,V044,D020,2026-07-24,Riverside Hub,Harbor Terminal,146.6,2.2,17.1,26.96,pickup
T00825,V102,D038,2026-07-24,Westside Yard,Northgate DC,120.8,2.39,11.5,18.11,delivery
T00851,V113,D053,2026-07-24,Westside Yard,Harbor Terminal,171.8,2.97,18.4,28.91,delivery
T00933,V004,D003,2026-07-24,Eastfield Park,Springfield Depot,77.0,1.79,10.0,15.4,delivery
T01453,V104,D068,2026-07-24,Riverside Hub,Harbor Terminal,297.2,7.52,28.8,50.19,delivery
T01628,V032,D062,2026-07-24,Downtown Drop,Springfield Depot,284.3,4.91,32.8,48.18,delivery
T02096,V047,D050,2026-07-24,Eastfield Park,Riverside Hub,172.1,2.63,17.0,28.47,delivery
T02191,V061,D001,2026-07-24,Springfield Depot,Airport Cargo,212.4,4.97,19.8,31.73,transfer
T02312,V053,D019,2026-07-24,Springfield Depot,Airport Cargo,23.0,0.52,3.2,5.36,pickup
T02376,V104,D068,2026-07-24,Westside Yard,Riverside Hub,327.8,8.19,37.5,64.22,delivery
T02445,V032,D062,2026-07-24,Harbor Terminal,Springfield Depot,131.5,3.46,12.0,17.73,service_run
T02726,V004,D003,2026-07-24,Northgate DC,Westside Yard,403.4,8.88,68.7,104.39,service_run
T02778,V060,D005,2026-07-24,Northgate DC,Airport Cargo,248.4,4.76,23.9,40.11,service_run
T02817,V074,D009,2026-07-24,Springfield Depot,Airport Cargo,374.6,8.9,65.1,104.82,delivery
T02975,V104,D068,2026-07-24,Riverside Hub,Northgate DC,143.7,2.25,25.6,39.84,pickup
T03351,V105,D023,2026-07-24,Springfield Depot,Northgate DC,426.1,10.79,44.1,67.25,delivery
T03669,V006,D006,2026-07-24,Springfield Depot,Eastfield Park,105.4,1.83,12.4,19.74,delivery
T03731,V063,D010,2026-07-24,Harbor Terminal,Riverside Hub,522.1,13.07,89.1,152.83,transfer
T03868,V110,D072,2026-07-24,Northgate DC,Westside Yard,315.1,6.27,39.5,61.41,transfer
T04197,V008,D046,2026-07-24,Riverside Hub,Springfield Depot,27.9,0.44,3.9,5.76,delivery
T04396,V114,D070,2026-07-24,Riverside Hub,Downtown Drop,359.5,8.27,51.5,82.81,pickup
T04535,V032,D062,2026-07-24,Springfield Depot,Eastfield Park,115.2,2.24,11.6,20.01,delivery
T04623,V063,D010,2026-07-24,Riverside Hub,Harbor Terminal,344.4,7.15,57.3,97.04,delivery
T04900,V019,D041,2026-07-24,Downtown Drop,Northgate DC,417.5,6.05,42.1,65.04,service_run
T04997,V004,D003,2026-07-24,Westside Yard,Downtown Drop,405.6,6.01,44.7,73.92,delivery
T05035,V045,D076,2026-07-24,Airport Cargo,Harbor Terminal,525.7,10.65,91.4,150.99,service_run
